itemid,success,break_item,"flags",istr,idex,iint,iluk,ihp,imp,iwatk,imatk,iwdef,imdef,iacc,iavo,ijump,ispeed
2040000,100,0,"",0,0,0,0,0,0,0,0,1,0,0,0,0,0
2040001,60,0,"",0,0,0,0,0,0,0,0,2,1,0,0,0,0
2040002,10,0,"",0,0,0,0,0,0,0,0,5,3,1,0,0,0
2040003,100,0,"",0,0,0,0,5,0,0,0,0,0,0,0,0,0
2040004,60,0,"",0,0,0,0,10,0,0,0,0,0,0,0,0,0
2040005,10,0,"",0,0,0,0,30,0,0,0,0,0,0,0,0,0
2040006,100,0,"",0,0,0,0,0,0,0,0,5,3,1,0,0,0
2040007,100,0,"",0,0,0,0,30,0,0,0,0,0,0,0,0,0
2040008,70,50,"",0,0,0,0,0,0,0,0,2,1,0,0,0,0
2040009,30,50,"",0,0,0,0,0,0,0,0,5,3,1,0,0,0
2040010,70,50,"",0,0,0,0,10,0,0,0,0,0,0,0,0,0
2040011,30,50,"",0,0,0,0,30,0,0,0,0,0,0,0,0,0
2040012,70,50,"",0,0,2,0,0,0,0,0,0,0,0,0,0,0
2040013,30,50,"",0,0,3,0,0,0,0,0,0,0,0,0,0,0
2040014,70,50,"",0,1,0,0,0,0,0,0,0,0,2,0,0,0
2040015,30,50,"",0,2,0,0,0,0,0,0,0,0,4,0,0,0
2040016,10,0,"",0,2,0,0,0,0,0,0,0,0,4,0,0,0
2040017,60,0,"",0,1,0,0,0,0,0,0,0,0,2,0,0,0
2040018,100,0,"",0,0,0,0,0,0,0,0,0,0,1,0,0,0
2040019,65,0,"",0,0,0,0,0,0,0,0,2,1,0,0,0,0
2040020,15,0,"",0,0,0,0,0,0,0,0,5,3,1,0,0,0
2040021,65,0,"",0,0,0,0,10,0,0,0,0,0,0,0,0,0
2040022,15,0,"",0,0,0,0,30,0,0,0,0,0,0,0,0,0
2040023,60,0,"",0,0,0,0,0,0,1,1,0,0,0,0,0,0
2040024,100,0,"",0,0,1,0,0,0,0,0,0,0,0,0,0,0
2040025,60,0,"",0,0,2,0,0,0,0,0,0,0,0,0,0,0
2040026,10,0,"",0,0,3,0,0,0,0,0,0,0,0,0,0,0
2040027,100,0,"",0,1,0,0,0,0,0,0,0,0,0,0,0,0
2040028,70,50,"",0,2,0,0,0,0,0,0,0,0,0,0,0,0
2040029,60,0,"",0,2,0,0,0,0,0,0,0,0,0,0,0,0
2040030,30,50,"",0,3,0,0,0,0,0,0,0,0,0,0,0,0
2040031,10,0,"",0,3,0,0,0,0,0,0,0,0,0,0,0,0
2040041,100,0,"",0,0,0,0,0,0,0,0,2,3,0,0,0,0
2040042,100,0,"",0,0,0,0,15,0,0,0,0,0,0,0,0,0
2040043,65,0,"",0,2,0,0,0,0,0,0,0,0,0,0,0,0
2040044,15,0,"",0,3,0,0,0,0,0,0,0,0,0,0,0,0
2040045,50,0,"",0,0,0,0,0,0,0,0,5,4,0,0,0,0
2040046,50,0,"",0,0,0,0,35,0,0,0,0,0,0,0,0,0
2040100,10,0,"",0,0,0,0,30,0,0,0,0,0,0,0,0,0
2040101,60,0,"",0,0,0,0,15,0,0,0,0,0,0,0,0,0
2040102,100,0,"",0,0,0,0,5,0,0,0,0,0,0,0,0,0
2040103,30,50,"",0,0,0,0,30,0,0,0,0,0,0,0,0,0
2040104,70,50,"",0,0,0,0,15,0,0,0,0,0,0,0,0,0
2040105,10,0,"",0,2,0,0,0,0,0,0,0,0,0,2,0,0
2040106,60,0,"",0,1,0,0,0,0,0,0,0,0,0,1,0,0
2040107,100,0,"",0,0,0,0,0,0,0,0,0,0,0,1,0,0
2040108,30,50,"",0,2,0,0,0,0,0,0,0,0,0,2,0,0
2040109,70,50,"",0,1,0,0,0,0,0,0,0,0,0,1,0,0
2040110,60,0,"",1,0,0,0,0,0,0,0,0,0,0,0,0,0
2040111,60,0,"",0,1,0,0,0,0,0,0,0,0,0,0,0,0
2040112,60,0,"",0,0,1,0,0,0,0,0,0,0,0,0,0,0
2040113,60,0,"",0,0,0,1,0,0,0,0,0,0,0,0,0,0
2040114,60,0,"",0,0,0,0,0,0,1,0,0,0,0,0,0,0
2040115,60,0,"",0,0,0,0,0,0,0,0,1,0,0,0,0,0
2040116,60,0,"",0,0,0,0,0,0,0,1,0,0,0,0,0,0
2040117,60,0,"",0,0,0,0,0,0,0,0,0,1,0,0,0,0
2040118,60,0,"",0,0,0,0,0,0,0,0,0,0,0,1,0,0
2040119,60,0,"",0,0,0,0,0,0,0,0,0,0,1,0,0,0
2040200,10,0,"",0,1,0,0,0,0,0,0,0,0,3,0,0,0
2040201,60,0,"",0,0,0,0,0,0,0,0,0,0,2,0,0,0
2040202,100,0,"",0,0,0,0,0,0,0,0,0,0,1,0,0,0
2040203,30,50,"",0,1,0,0,0,0,0,0,0,0,3,0,0,0
2040204,70,50,"",0,0,0,0,0,0,0,0,0,0,2,0,0,0
2040205,10,0,"",0,0,3,0,0,0,0,0,0,2,0,0,0,0
2040206,60,0,"",0,0,1,0,0,0,0,0,0,1,0,0,0,0
2040207,100,0,"",0,0,1,0,0,0,0,0,0,0,0,0,0,0
2040208,30,50,"",0,0,3,0,0,0,0,0,0,2,0,0,0,0
2040209,70,50,"",0,0,1,0,0,0,0,0,0,1,0,0,0,0
2040300,100,0,"",0,0,0,0,0,0,0,1,0,0,0,0,0,0
2040301,60,0,"",0,0,1,0,0,0,0,2,0,0,0,0,0,0
2040302,10,0,"",0,0,3,0,0,0,0,5,0,1,0,0,0,0
2040303,100,0,"",0,0,3,0,0,0,0,5,0,1,0,0,0,0
2040304,70,50,"",0,0,1,0,0,0,0,2,0,0,0,0,0,0
2040305,30,50,"",0,0,3,0,0,0,0,5,0,1,0,0,0,0
2040306,70,50,"",0,2,0,0,0,0,0,0,0,0,0,0,0,0
2040307,30,50,"",0,3,0,0,0,0,0,0,0,0,0,0,0,0
2040308,70,50,"",0,0,0,0,0,0,0,0,1,1,0,0,0,0
2040309,30,50,"",0,0,0,0,0,0,0,0,3,3,1,0,0,0
2040310,10,0,"",0,0,0,0,0,0,0,0,3,3,1,0,0,0
2040311,60,0,"",0,0,0,0,0,0,0,0,1,1,0,0,0,0
2040312,100,0,"",0,0,0,0,0,0,0,0,1,0,0,0,0,0
2040313,65,0,"",0,0,1,0,0,0,0,2,0,0,0,0,0,0
2040314,15,0,"",0,0,3,0,0,0,0,5,0,1,0,0,0,0
2040315,40,30,"",0,0,2,0,0,0,0,3,0,0,0,0,0,0
2040316,100,0,"",0,1,0,0,0,0,0,0,0,0,0,0,0,0
2040317,60,0,"",0,2,0,0,0,0,0,0,0,0,0,0,0,0
2040318,10,0,"",0,3,0,0,0,0,0,0,0,0,0,0,0,0
2040319,100,0,"",0,0,0,1,0,0,0,0,0,0,0,0,0,0
2040320,70,50,"",0,0,0,2,0,0,0,0,0,0,0,0,0,0
2040321,60,0,"",0,0,0,2,0,0,0,0,0,0,0,0,0,0
2040322,30,50,"",0,0,0,3,0,0,0,0,0,0,0,0,0,0
2040323,10,0,"",0,0,0,3,0,0,0,0,0,0,0,0,0,0
2040324,100,0,"",0,0,0,0,5,0,0,0,0,0,0,0,0,0
2040325,70,50,"",0,0,0,0,15,0,0,0,0,0,0,0,0,0
2040326,60,0,"",0,0,0,0,15,0,0,0,0,0,0,0,0,0
2040327,30,50,"",0,0,0,0,30,0,0,0,0,0,0,0,0,0
2040328,10,0,"",0,0,0,0,30,0,0,0,0,0,0,0,0,0
2040329,10,0,"",0,3,0,0,0,0,0,0,0,0,0,0,0,0
2040330,10,0,"",0,0,3,0,0,0,0,5,0,1,0,0,0,0
2040331,10,0,"",0,0,0,3,0,0,0,0,0,0,0,0,0,0
2040333,50,0,"",0,0,3,0,0,0,0,5,0,2,0,0,0,0
2040334,100,0,"",0,0,2,0,0,0,0,2,0,0,0,0,0,0
2040335,65,0,"",0,2,0,0,0,0,0,0,0,0,0,0,0,0
2040336,15,0,"",0,3,0,0,0,0,0,0,0,0,0,0,0,0
2040337,65,0,"",0,0,0,2,0,0,0,0,0,0,0,0,0,0
2040338,15,0,"",0,0,0,3,0,0,0,0,0,0,0,0,0,0
2040339,65,0,"",0,0,0,0,15,0,0,0,0,0,0,0,0,0
2040340,15,0,"",0,0,0,0,30,0,0,0,0,0,0,0,0,0
2040400,100,0,"",0,0,0,0,0,0,0,0,1,0,0,0,0,0
2040401,60,0,"",0,0,0,0,0,0,0,0,2,1,0,0,0,0
2040402,10,0,"",0,0,0,0,10,0,0,0,5,3,0,0,0,0
2040403,100,0,"",0,0,0,0,10,0,0,0,5,3,0,0,0,0
2040404,70,50,"",0,0,0,0,0,0,0,0,2,1,0,0,0,0
2040405,30,50,"",0,0,0,0,10,0,0,0,5,3,0,0,0,0
2040406,70,50,"",2,0,0,0,0,0,0,0,0,0,0,0,0,0
2040407,30,50,"",3,0,0,0,0,0,0,0,0,0,0,0,0,0
2040408,70,50,"",0,0,0,0,15,0,0,0,0,0,0,0,0,0
2040409,30,50,"",0,0,0,0,30,0,0,0,0,0,0,0,0,0
2040410,70,50,"",0,0,0,2,0,0,0,0,0,0,0,1,0,0
2040411,30,50,"",0,0,0,3,0,0,0,0,0,0,0,3,0,0
2040412,10,0,"",0,0,0,3,0,0,0,0,0,0,0,3,0,0
2040413,60,0,"",0,0,0,2,0,0,0,0,0,0,0,1,0,0
2040414,100,0,"",0,0,0,1,0,0,0,0,0,0,0,0,0,0
2040415,65,0,"",0,0,0,0,0,0,0,0,2,1,0,0,0,0
2040416,15,0,"",0,0,0,0,10,0,0,0,5,3,0,0,0,0
2040417,100,0,"",1,0,0,0,0,0,0,0,0,0,0,0,0,0
2040418,60,0,"",2,0,0,0,0,0,0,0,0,0,0,0,0,0
2040419,10,0,"",3,0,0,0,0,0,0,0,0,0,0,0,0,0
2040420,100,0,"",0,0,0,0,5,0,0,0,0,0,0,0,0,0
2040421,60,0,"",0,0,0,0,15,0,0,0,0,0,0,0,0,0
2040422,10,0,"",0,0,0,0,30,0,0,0,0,0,0,0,0,0
2040423,100,0,"",0,0,0,1,0,0,0,0,0,0,0,0,0,0
2040424,70,50,"",0,0,0,2,0,0,0,0,0,0,0,0,0,0
2040425,60,0,"",0,0,0,2,0,0,0,0,0,0,0,0,0,0
2040426,30,50,"",0,0,0,3,0,0,0,0,0,0,0,0,0,0
2040427,10,0,"",0,0,0,3,0,0,0,0,0,0,0,0,0,0
2040429,50,0,"",0,0,0,0,0,0,0,0,5,4,0,0,0,0
2040430,100,0,"",0,0,0,0,0,0,0,0,2,3,0,0,0,0
2040431,65,0,"",2,0,0,0,0,0,0,0,0,0,0,0,0,0
2040432,15,0,"",3,0,0,0,0,0,0,0,0,0,0,0,0,0
2040433,65,0,"",0,0,0,0,15,0,0,0,0,0,0,0,0,0
2040434,15,0,"",0,0,0,0,30,0,0,0,0,0,0,0,0,0
2040435,65,0,"",0,0,0,2,0,0,0,0,0,0,0,0,0,0
2040436,15,0,"",0,0,0,3,0,0,0,0,0,0,0,0,0,0
2040500,100,0,"",0,1,0,0,0,0,0,0,0,0,0,0,0,0
2040501,60,0,"",0,2,0,0,0,0,0,0,0,0,1,0,0,0
2040502,10,0,"",0,5,0,0,0,0,0,0,0,0,3,0,0,1
2040503,100,0,"",0,0,0,0,0,0,0,0,1,0,0,0,0,0
2040504,60,0,"",0,0,0,0,0,0,0,0,2,1,0,0,0,0
2040505,10,0,"",0,0,0,0,10,0,0,0,5,3,0,0,0,0
2040506,100,0,"",0,5,0,0,0,0,0,0,0,0,3,0,0,1
2040507,100,0,"",0,0,0,0,10,0,0,0,5,3,0,0,0,0
2040508,70,50,"",0,2,0,0,0,0,0,0,0,0,1,0,0,0
2040509,30,50,"",0,5,0,0,0,0,0,0,0,0,3,0,0,1
2040510,70,50,"",0,0,0,0,0,0,0,0,2,2,0,0,0,0
2040511,30,50,"",0,0,0,0,10,0,0,0,5,3,0,0,0,0
2040512,100,0,"",0,0,1,0,0,0,0,0,0,0,0,0,0,0
2040513,60,0,"",0,0,2,0,0,0,0,0,0,1,0,0,0,0
2040514,10,0,"",0,0,5,0,0,10,0,0,0,3,0,0,0,0
2040515,100,0,"",0,0,0,1,0,0,0,0,0,0,0,0,0,0
2040516,60,0,"",0,0,0,2,0,0,0,0,0,0,0,1,0,0
2040517,10,0,"",0,0,0,5,0,0,0,0,0,0,1,3,0,0
2040518,70,50,"",0,0,2,0,0,0,0,0,0,1,0,0,0,0
2040519,30,50,"",0,0,5,0,0,10,0,0,0,3,0,0,0,0
2040520,70,50,"",0,0,0,2,0,0,0,0,0,0,0,1,0,0
2040521,30,50,"",0,0,0,5,0,0,0,0,0,0,1,3,0,0
2040522,65,0,"",0,2,0,0,0,0,0,0,0,0,1,0,0,0
2040523,15,0,"",0,5,0,0,0,0,0,0,0,0,3,0,0,1
2040524,65,0,"",0,0,0,0,0,0,0,0,2,1,0,0,0,0
2040525,15,0,"",0,0,0,0,10,0,0,0,5,3,0,0,0,0
2040526,65,0,"",0,0,2,0,0,0,0,0,0,1,0,0,0,0
2040527,15,0,"",0,0,5,0,0,10,0,0,0,3,0,0,0,0
2040528,65,0,"",0,0,0,2,0,0,0,0,0,0,0,1,0,0
2040529,15,0,"",0,0,0,5,0,0,0,0,0,0,1,3,0,0
2040530,100,0,"",1,0,0,0,0,0,0,0,0,0,0,0,0,0
2040531,70,50,"",2,0,0,0,0,0,0,0,1,0,0,0,0,0
2040532,60,0,"",2,0,0,0,0,0,0,0,1,0,0,0,0,0
2040533,30,50,"",5,0,0,0,5,0,0,0,3,0,0,0,0,0
2040534,10,0,"",5,0,0,0,5,0,0,0,3,0,0,0,0,0
2040538,100,0,"",0,2,0,0,0,0,0,0,0,0,3,0,0,0
2040539,100,0,"",0,0,0,0,0,0,0,0,2,3,0,0,0,0
2040540,65,0,"",2,0,0,0,0,0,0,0,1,0,0,0,0,0
2040541,15,0,"",5,0,0,0,5,0,0,0,3,0,0,0,0,0
2040542,50,0,"",0,5,0,0,0,0,0,0,0,0,0,1,0,1
2040543,50,0,"",0,0,0,0,0,0,0,0,5,4,0,0,0,0
2040600,100,0,"",0,0,0,0,0,0,0,0,1,0,0,0,0,0
2040601,60,0,"",0,0,0,0,0,0,0,0,2,1,0,0,0,0
2040602,10,0,"",0,0,0,0,10,0,0,0,5,3,0,0,0,0
2040603,100,0,"",0,0,0,0,10,0,0,0,5,3,0,0,0,0
2040604,70,50,"",0,0,0,0,0,0,0,0,2,1,0,0,0,0
2040605,30,50,"",0,0,0,0,10,0,0,0,5,3,0,0,0,0
2040606,70,50,"",0,0,0,0,0,0,0,0,0,0,0,1,2,0
2040607,30,50,"",0,0,0,0,0,0,0,0,0,0,0,2,4,0
2040608,70,50,"",0,0,0,0,15,0,0,0,0,0,0,0,0,0
2040609,30,50,"",0,0,0,0,30,0,0,0,0,0,0,0,0,0
2040610,70,50,"",0,2,0,0,0,0,0,0,0,0,0,0,0,1
2040611,30,50,"",0,3,0,0,0,0,0,0,0,0,0,0,0,3
2040612,10,0,"",0,3,0,0,0,0,0,0,0,0,0,0,0,3
2040613,60,0,"",0,2,0,0,0,0,0,0,0,0,0,0,0,1
2040614,100,0,"",0,1,0,0,0,0,0,0,0,0,0,0,0,0
2040615,65,0,"",0,0,0,0,0,0,0,0,2,1,0,0,0,0
2040616,15,0,"",0,0,0,0,10,0,0,0,5,3,0,0,0,0
2040617,100,0,"",0,0,0,0,0,0,0,0,0,0,0,0,1,0
2040618,60,0,"",0,0,0,0,0,0,0,0,0,0,0,1,2,0
2040619,10,0,"",0,0,0,0,0,0,0,0,0,0,0,2,4,0
2040620,100,0,"",0,0,0,0,5,0,0,0,0,0,0,0,0,0
2040621,60,0,"",0,0,0,0,15,0,0,0,0,0,0,0,0,0
2040622,10,0,"",0,0,0,0,30,0,0,0,0,0,0,0,0,0
2040623,100,0,"",0,1,0,0,0,0,0,0,0,0,0,0,0,0
2040624,70,50,"",0,2,0,0,0,0,0,0,0,0,1,0,0,0
2040625,60,0,"",0,2,0,0,0,0,0,0,0,0,1,0,0,0
2040626,30,50,"",0,3,0,0,0,0,0,0,0,0,2,0,0,1
2040627,10,0,"",0,3,0,0,0,0,0,0,0,0,2,0,0,1
2040629,50,0,"",0,0,0,0,0,0,0,0,5,4,0,0,0,0
2040630,100,0,"",0,0,0,0,0,0,0,0,2,3,0,0,0,0
2040631,65,0,"",0,0,0,0,0,0,0,0,0,0,0,1,2,0
2040632,15,0,"",0,0,0,0,0,0,0,0,0,0,0,2,4,0
2040633,65,0,"",0,0,0,0,15,0,0,0,0,0,0,0,0,0
2040634,15,0,"",0,0,0,0,30,0,0,0,0,0,0,0,0,0
2040635,65,0,"",0,2,0,0,0,0,0,0,0,0,1,0,0,0
2040636,15,0,"",0,3,0,0,0,0,0,0,0,0,2,0,0,1
2040700,100,0,"",0,0,0,0,0,0,0,0,0,0,0,1,0,0
2040701,60,0,"",0,0,0,0,0,0,0,0,0,0,1,2,0,0
2040702,10,0,"",0,0,0,0,0,0,0,0,0,0,3,5,0,1
2040703,100,0,"",0,0,0,0,0,0,0,0,0,0,0,0,1,0
2040704,60,0,"",0,1,0,0,0,0,0,0,0,0,0,0,2,0
2040705,10,0,"",0,3,0,0,0,0,0,0,0,0,0,0,5,1
2040706,100,0,"",0,0,0,0,0,0,0,0,0,0,0,0,0,1
2040707,60,0,"",0,0,0,0,0,0,0,0,0,0,0,0,0,2
2040708,10,0,"",0,0,0,0,0,0,0,0,0,0,0,0,0,3
2040709,100,0,"",0,0,0,0,0,0,0,0,0,0,3,5,0,1
2040710,100,0,"",0,3,0,0,0,0,0,0,0,0,0,0,5,1
2040711,100,0,"",0,0,0,0,0,0,0,0,0,0,0,0,0,3
2040712,70,50,"",0,0,0,0,0,0,0,0,0,0,1,2,0,0
2040713,30,50,"",0,0,0,0,0,0,0,0,0,0,3,5,0,1
2040714,70,50,"",0,1,0,0,0,0,0,0,0,0,0,0,2,0
2040715,30,50,"",0,3,0,0,0,0,0,0,0,0,0,0,5,1
2040716,70,50,"",0,0,0,0,0,0,0,0,0,0,0,0,0,2
2040717,30,50,"",0,0,0,0,0,0,0,0,0,0,0,0,0,3
2040718,65,0,"",0,0,0,0,0,0,0,0,0,0,1,2,0,0
2040719,15,0,"",0,0,0,0,0,0,0,0,0,0,3,5,0,1
2040720,65,0,"",0,1,0,0,0,0,0,0,0,0,0,0,2,0
2040721,15,0,"",0,3,0,0,0,0,0,0,0,0,0,0,5,1
2040722,65,0,"",0,0,0,0,0,0,0,0,0,0,0,0,0,2
2040723,15,0,"",0,0,0,0,0,0,0,0,0,0,0,0,0,3
2040727,10,0,"prevent_slip",0,0,0,0,0,0,0,0,0,0,0,0,0,0
2040728,30,0,"",2,0,0,0,0,0,0,0,0,0,0,0,0,0
2040729,30,0,"",0,0,2,0,0,0,0,0,0,0,0,0,0,0
2040730,30,0,"",0,0,0,2,0,0,0,0,0,0,0,0,0,0
2040731,30,0,"",0,2,0,0,0,0,0,0,0,0,0,0,0,0
2040732,30,0,"",0,0,0,0,30,0,0,0,0,0,0,0,0,0
2040733,30,0,"",0,0,0,0,0,30,0,0,0,0,0,0,0,0
2040734,30,0,"",0,0,0,0,0,0,0,0,0,0,0,0,0,3
2040735,30,0,"",0,0,0,0,0,0,0,0,0,0,0,0,5,0
2040736,30,0,"",0,0,0,0,0,0,0,0,0,0,5,0,0,0
2040737,30,0,"",0,0,0,0,0,0,0,0,0,0,0,5,0,0
2040738,30,0,"",0,0,0,0,0,0,0,0,10,10,0,0,0,0
2040739,5,0,"",4,4,4,4,40,40,0,0,14,14,4,4,4,4
2040740,100,0,"",0,0,0,0,0,0,0,0,0,0,3,2,0,0
2040741,100,0,"",0,2,0,0,0,0,0,0,0,0,0,0,2,0
2040742,100,0,"",0,0,0,0,0,0,0,0,0,0,0,0,0,2
2040755,50,0,"",0,0,0,0,0,0,0,0,0,0,3,3,0,2
2040756,50,0,"",0,0,0,0,0,0,0,0,0,0,0,0,6,1
2040757,50,0,"",0,0,0,0,0,0,0,0,0,0,0,0,1,3
2040758,100,0,"",0,0,0,0,0,0,1,0,0,0,0,0,0,0
2040759,60,0,"",0,0,0,0,0,0,2,0,0,0,0,0,0,0
2040760,10,0,"",0,0,0,0,0,0,3,0,0,0,0,0,0,0
2040800,100,0,"",0,0,0,0,0,0,0,0,0,0,1,0,0,0
2040801,60,0,"",0,1,0,0,0,0,0,0,0,0,2,0,0,0
2040802,10,0,"",0,3,0,0,0,0,0,0,0,0,5,1,0,0
2040803,100,0,"",0,0,0,0,0,0,1,0,0,0,0,0,0,0
2040804,60,0,"",0,0,0,0,0,0,2,0,0,0,0,0,0,0
2040805,10,0,"",0,0,0,0,0,0,3,0,0,0,0,0,0,0
2040806,100,0,"",0,3,0,0,0,0,0,0,0,0,5,1,0,0
2040807,100,0,"",0,0,0,0,0,0,3,0,0,0,0,0,0,0
2040808,70,50,"",0,1,0,0,0,0,0,0,0,0,2,0,0,0
2040809,30,50,"",0,3,0,0,0,0,0,0,0,0,5,1,0,0
2040810,70,50,"",0,0,0,0,0,0,2,0,0,0,0,0,0,0
2040811,30,50,"",0,0,0,0,0,0,3,0,0,0,0,0,0,0
2040812,70,50,"",0,0,0,0,15,0,0,0,0,0,0,0,0,0
2040813,30,50,"",0,0,0,0,30,0,0,0,0,0,0,0,0,0
2040814,70,50,"",0,0,1,0,0,0,0,1,0,0,0,0,0,0
2040815,30,50,"",0,0,3,0,0,0,0,3,0,1,0,0,0,0
2040816,10,0,"",0,0,3,0,0,0,0,3,0,1,0,0,0,0
2040817,60,0,"",0,0,1,0,0,0,0,1,0,0,0,0,0,0
2040818,100,0,"",0,0,0,0,0,0,0,1,0,0,0,0,0,0
2040819,65,0,"",0,1,0,0,0,0,0,0,0,0,2,0,0,0
2040820,15,0,"",0,3,0,0,0,0,0,0,0,0,5,1,0,0
2040821,65,0,"",0,0,0,0,0,0,2,0,0,0,0,0,0,0
2040822,15,0,"",0,0,0,0,0,0,3,0,0,0,0,0,0,0
2040823,100,0,"",0,0,0,0,5,0,0,0,0,0,0,0,0,0
2040824,60,0,"",0,0,0,0,15,0,0,0,0,0,0,0,0,0
2040825,10,0,"",0,0,0,0,30,0,0,0,0,0,0,0,0,0
2040826,60,0,"",0,0,0,0,0,0,2,0,0,0,0,0,0,0
2040829,100,0,"",0,2,0,0,0,0,0,0,0,0,2,0,0,0
2040830,100,0,"",0,0,0,0,0,0,2,0,0,0,0,0,0,0
2040831,65,0,"",0,0,0,0,15,0,0,0,0,0,0,0,0,0
2040832,15,0,"",0,0,0,0,30,0,0,0,0,0,0,0,0,0
2040833,50,0,"",0,3,0,0,0,0,0,0,0,0,3,3,0,0
2040834,50,0,"",0,0,0,0,0,0,3,0,0,0,0,0,0,0
2040900,100,0,"",0,0,0,0,0,0,0,0,1,0,0,0,0,0
2040901,60,0,"",0,0,0,0,0,0,0,0,2,1,0,0,0,0
2040902,10,0,"",0,0,0,0,10,0,0,0,5,3,0,0,0,0
2040903,100,0,"",0,0,0,0,10,0,0,0,5,3,0,0,0,0
2040904,70,50,"",0,0,0,0,0,0,0,0,2,1,0,0,0,0
2040905,30,50,"",0,0,0,0,10,0,0,0,5,3,0,0,0,0
2040906,70,50,"",0,0,0,2,0,0,0,0,0,0,0,0,0,0
2040907,30,50,"",0,0,0,3,0,0,0,0,0,0,0,0,0,0
2040908,70,50,"",0,0,0,0,15,0,0,0,0,0,0,0,0,0
2040909,30,50,"",0,0,0,0,30,0,0,0,0,0,0,0,0,0
2040910,65,0,"",0,0,0,0,0,0,0,0,2,1,0,0,0,0
2040911,15,0,"",0,0,0,0,10,0,0,0,5,3,0,0,0,0
2040912,40,30,"",0,0,0,0,0,0,0,0,3,2,0,0,0,0
2040914,60,0,"",1,0,0,0,0,0,2,0,0,0,0,0,0,0
2040915,10,0,"",2,0,0,0,0,0,3,0,0,0,0,0,0,0
2040916,70,50,"",1,0,0,0,0,0,2,0,0,0,0,0,0,0
2040917,30,50,"",2,0,0,0,0,0,3,0,0,0,0,0,0,0
2040918,100,0,"",0,0,0,0,0,0,0,1,0,0,0,0,0,0
2040919,60,0,"",0,0,1,0,0,0,0,2,0,0,0,0,0,0
2040920,10,0,"",0,0,2,0,0,0,0,3,0,0,0,0,0,0
2040921,70,50,"",0,0,1,0,0,0,0,2,0,0,0,0,0,0
2040922,30,50,"",0,0,2,0,0,0,0,3,0,0,0,0,0,0
2040923,100,0,"",0,0,0,1,0,0,0,0,0,0,0,0,0,0
2040924,60,0,"",0,0,0,2,0,0,0,0,0,0,0,0,0,0
2040925,10,0,"",0,0,0,3,0,0,0,0,0,0,0,0,0,0
2040926,100,0,"",0,0,0,0,5,0,0,0,0,0,0,0,0,0
2040927,60,0,"",0,0,0,0,15,0,0,0,0,0,0,0,0,0
2040928,10,0,"",0,0,0,0,30,0,0,0,0,0,0,0,0,0
2040929,100,0,"",1,0,0,0,0,0,0,0,0,0,0,0,0,0
2040930,70,50,"",2,0,0,0,0,0,0,0,0,0,0,0,0,0
2040931,60,0,"",2,0,0,0,0,0,0,0,0,0,0,0,0,0
2040932,30,50,"",3,0,0,0,0,0,0,0,0,0,0,0,0,0
2040933,10,0,"",3,0,0,0,0,0,0,0,0,0,0,0,0,0
2040936,100,0,"",0,0,0,0,0,0,0,0,2,3,0,0,0,0
2040937,65,0,"",0,0,0,2,0,0,0,0,0,0,0,0,0,0
2040938,15,0,"",0,0,0,3,0,0,0,0,0,0,0,0,0,0
2040939,65,0,"",0,0,0,0,15,0,0,0,0,0,0,0,0,0
2040940,15,0,"",0,0,0,0,30,0,0,0,0,0,0,0,0,0
2040941,65,0,"",2,0,0,0,0,0,0,0,0,0,0,0,0,0
2040942,15,0,"",3,0,0,0,0,0,0,0,0,0,0,0,0,0
2040943,50,0,"",0,0,0,0,0,0,0,0,5,4,0,0,0,0
2041000,100,0,"",0,0,0,0,0,0,0,0,0,1,0,0,0,0
2041001,60,0,"",0,0,0,0,0,0,0,0,1,3,0,0,0,0
2041002,10,0,"",0,0,0,0,0,10,0,0,3,5,0,0,0,0
2041003,100,0,"",0,0,0,0,0,0,0,0,1,0,0,0,0,0
2041004,60,0,"",0,0,0,0,0,0,0,0,3,1,0,0,0,0
2041005,10,0,"",0,0,0,0,10,0,0,0,5,3,0,0,0,0
2041006,100,0,"",0,0,0,0,5,0,0,0,0,0,0,0,0,0
2041007,60,0,"",0,0,0,0,10,0,0,0,0,0,0,0,0,0
2041008,10,0,"",0,0,0,0,20,0,0,0,0,0,0,0,0,0
2041009,100,0,"",0,0,0,0,0,5,0,0,0,0,0,0,0,0
2041010,60,0,"",0,0,0,0,0,10,0,0,0,0,0,0,0,0
2041011,10,0,"",0,0,0,0,0,20,0,0,0,0,0,0,0,0
2041012,100,0,"",1,0,0,0,0,0,0,0,0,0,0,0,0,0
2041013,60,0,"",2,0,0,0,0,0,0,0,0,0,0,0,0,0
2041014,10,0,"",3,0,0,0,0,0,0,0,0,0,0,0,0,0
2041015,100,0,"",0,0,1,0,0,0,0,0,0,0,0,0,0,0
2041016,60,0,"",0,0,2,0,0,0,0,0,0,0,0,0,0,0
2041017,10,0,"",0,0,3,0,0,0,0,0,0,0,0,0,0,0
2041018,100,0,"",0,1,0,0,0,0,0,0,0,0,0,0,0,0
2041019,60,0,"",0,2,0,0,0,0,0,0,0,0,0,0,0,0
2041020,10,0,"",0,3,0,0,0,0,0,0,0,0,0,0,0,0
2041021,100,0,"",0,0,0,1,0,0,0,0,0,0,0,0,0,0
2041022,60,0,"",0,0,0,2,0,0,0,0,0,0,0,0,0,0
2041023,10,0,"",0,0,0,3,0,0,0,0,0,0,0,0,0,0
2041024,100,0,"",0,0,0,0,0,10,0,0,3,5,0,0,0,0
2041025,100,0,"",0,0,0,0,10,0,0,0,5,3,0,0,0,0
2041026,70,50,"",0,0,0,0,0,0,0,0,1,2,0,0,0,0
2041027,30,50,"",0,0,0,0,0,10,0,0,3,5,0,0,0,0
2041028,70,50,"",0,0,0,0,0,0,0,0,3,1,0,0,0,0
2041029,30,50,"",0,0,0,0,10,0,0,0,5,3,0,0,0,0
2041030,70,50,"",0,0,0,0,10,0,0,0,0,0,0,0,0,0
2041031,30,50,"",0,0,0,0,20,0,0,0,0,0,0,0,0,0
2041032,70,50,"",0,0,0,0,0,10,0,0,0,0,0,0,0,0
2041033,30,50,"",0,0,0,0,0,20,0,0,0,0,0,0,0,0
2041034,70,50,"",2,0,0,0,0,0,0,0,0,0,0,0,0,0
2041035,30,50,"",3,0,0,0,0,0,0,0,0,0,0,0,0,0
2041036,70,50,"",0,0,2,0,0,0,0,0,0,0,0,0,0,0
2041037,30,50,"",0,0,3,0,0,0,0,0,0,0,0,0,0,0
2041038,70,50,"",0,2,0,0,0,0,0,0,0,0,0,0,0,0
2041039,30,50,"",0,3,0,0,0,0,0,0,0,0,0,0,0,0
2041040,70,50,"",0,0,0,2,0,0,0,0,0,0,0,0,0,0
2041041,30,50,"",0,0,0,3,0,0,0,0,0,0,0,0,0,0
2041042,65,0,"",0,0,0,0,0,0,0,0,1,3,0,0,0,0
2041043,15,0,"",0,0,0,0,0,10,0,0,3,5,0,0,0,0
2041044,65,0,"",0,0,0,0,0,0,0,0,3,1,0,0,0,0
2041045,15,0,"",0,0,0,0,10,0,0,0,5,3,0,0,0,0
2041046,65,0,"",0,0,0,0,10,0,0,0,0,0,0,0,0,0
2041047,15,0,"",0,0,0,0,20,0,0,0,0,0,0,0,0,0
2041048,65,0,"",0,0,0,0,0,10,0,0,0,0,0,0,0,0
2041049,15,0,"",0,0,0,0,0,20,0,0,0,0,0,0,0,0
2041050,65,0,"",2,0,0,0,0,0,0,0,0,0,0,0,0,0
2041051,15,0,"",3,0,0,0,0,0,0,0,0,0,0,0,0,0
2041052,65,0,"",0,0,2,0,0,0,0,0,0,0,0,0,0,0
2041053,15,0,"",0,0,3,0,0,0,0,0,0,0,0,0,0,0
2041054,65,0,"",0,2,0,0,0,0,0,0,0,0,0,0,0,0
2041055,15,0,"",0,3,0,0,0,0,0,0,0,0,0,0,0,0
2041056,65,0,"",0,0,0,2,0,0,0,0,0,0,0,0,0,0
2041057,15,0,"",0,0,0,3,0,0,0,0,0,0,0,0,0,0
2041058,10,0,"warm_support",0,0,0,0,0,0,0,0,0,0,0,0,0,0
2041059,20,30,"",3,0,0,0,0,0,0,0,0,0,0,0,0,0
2041060,20,30,"",0,0,3,0,0,0,0,0,0,0,0,0,0,0
2041061,20,30,"",0,3,0,0,0,0,0,0,0,0,0,0,0,0
2041062,20,30,"",0,0,0,3,0,0,0,0,0,0,0,0,0,0
2041066,100,0,"",0,0,0,0,0,0,0,0,2,3,0,0,0,0
2041067,100,0,"",0,0,0,0,0,0,0,0,3,2,0,0,0,0
2041068,50,0,"",0,0,0,0,0,0,0,0,4,5,0,0,0,0
2041069,50,0,"",0,0,0,0,0,0,0,0,5,4,0,0,0,0
2041100,100,0,"",1,0,0,0,0,0,0,0,0,0,0,0,0,0
2041101,60,0,"",2,0,0,0,0,0,0,0,0,0,0,0,0,0
2041102,10,0,"",3,0,0,0,0,0,0,0,0,0,0,0,0,0
2041103,100,0,"",0,0,1,0,0,0,0,0,0,0,0,0,0,0
2041104,60,0,"",0,0,2,0,0,0,0,0,0,0,0,0,0,0
2041105,10,0,"",0,0,3,0,0,0,0,0,0,0,0,0,0,0
2041106,100,0,"",0,1,0,0,0,0,0,0,0,0,0,0,0,0
2041107,60,0,"",0,2,0,0,0,0,0,0,0,0,0,0,0,0
2041108,10,0,"",0,3,0,0,0,0,0,0,0,0,0,0,0,0
2041109,100,0,"",0,0,0,1,0,0,0,0,0,0,0,0,0,0
2041110,60,0,"",0,0,0,2,0,0,0,0,0,0,0,0,0,0
2041111,10,0,"",0,0,0,3,0,0,0,0,0,0,0,0,0,0
2041112,70,50,"",0,0,0,0,10,0,0,0,0,0,0,0,0,0
2041113,30,50,"",3,0,0,0,0,0,0,0,0,0,0,0,0,0
2041114,70,50,"",0,0,2,0,0,0,0,0,0,0,0,0,0,0
2041115,30,50,"",0,0,3,0,0,0,0,0,0,0,0,0,0,0
2041116,70,50,"",0,2,0,0,0,0,0,0,0,0,0,0,0,0
2041117,30,50,"",0,3,0,0,0,0,0,0,0,0,0,0,0,0
2041118,70,50,"",0,0,0,2,0,0,0,0,0,0,0,0,0,0
2041119,30,50,"",0,0,0,3,0,0,0,0,0,0,0,0,0,0
2041200,100,0,"",15,15,15,15,0,0,0,0,140,140,0,15,0,0
2041211,60,0,"",0,0,0,0,30,30,0,0,0,0,0,0,0,0
2041212,60,0,"",0,0,0,0,70,70,0,0,0,0,0,0,0,0
2041300,100,0,"",1,0,0,0,0,0,0,0,0,0,0,0,0,0
2041301,60,0,"",2,0,0,0,0,0,0,0,0,0,0,0,0,0
2041302,10,0,"",3,0,0,0,0,0,0,0,0,0,0,0,0,0
2041303,100,0,"",0,0,1,0,0,0,0,0,0,0,0,0,0,0
2041304,60,0,"",0,0,2,0,0,0,0,0,0,0,0,0,0,0
2041305,10,0,"",0,0,3,0,0,0,0,0,0,0,0,0,0,0
2041306,100,0,"",0,1,0,0,0,0,0,0,0,0,0,0,0,0
2041307,60,0,"",0,2,0,0,0,0,0,0,0,0,0,0,0,0
2041308,10,0,"",0,3,0,0,0,0,0,0,0,0,0,0,0,0
2041309,100,0,"",0,0,0,1,0,0,0,0,0,0,0,0,0,0
2041310,60,0,"",0,0,0,2,0,0,0,0,0,0,0,0,0,0
2041311,10,0,"",0,0,0,3,0,0,0,0,0,0,0,0,0,0
2041312,70,50,"",2,0,0,0,0,0,0,0,0,0,0,0,0,0
2041313,30,50,"",3,0,0,0,0,0,0,0,0,0,0,0,0,0
2041314,70,50,"",0,0,2,0,0,0,0,0,0,0,0,0,0,0
2041315,30,50,"",0,0,3,0,0,0,0,0,0,0,0,0,0,0
2041316,70,50,"",0,2,0,0,0,0,0,0,0,0,0,0,0,0
2041317,30,50,"",0,3,0,0,0,0,0,0,0,0,0,0,0,0
2041318,70,50,"",0,0,0,2,0,0,0,0,0,0,0,0,0,0
2041319,30,50,"",0,0,0,3,0,0,0,0,0,0,0,0,0,0
2043000,100,0,"",0,0,0,0,0,0,1,0,0,0,0,0,0,0
2043001,60,0,"",1,0,0,0,0,0,2,0,0,0,0,0,0,0
2043002,10,0,"",3,0,0,0,0,0,5,0,1,0,0,0,0,0
2043003,100,0,"",3,0,0,0,0,0,5,0,1,0,0,0,0,0
2043004,70,50,"",1,0,0,0,0,0,2,0,0,0,0,0,0,0
2043005,30,50,"",3,0,0,0,0,0,5,0,1,0,0,0,0,0
2043006,70,50,"",0,0,1,0,0,0,0,1,0,0,0,0,0,0
2043007,30,50,"",0,0,2,0,0,0,0,2,0,1,0,0,0,0
2043008,10,0,"",0,0,2,0,0,0,0,2,0,1,0,0,0,0
2043009,60,0,"",0,0,1,0,0,0,0,1,0,0,0,0,0,0
2043010,100,0,"",0,0,0,0,0,0,0,1,0,0,0,0,0,0
2043011,65,0,"",1,0,0,0,0,0,2,0,0,0,0,0,0,0
2043012,15,0,"",3,0,0,0,0,0,5,0,1,0,0,0,0,0
2043013,40,30,"",2,0,0,0,0,0,3,0,0,0,0,0,0,0
2043015,100,0,"",0,0,0,0,0,0,0,0,0,0,1,0,0,0
2043016,70,50,"",0,2,0,0,0,0,1,0,0,0,3,0,0,0
2043017,60,0,"",0,2,0,0,0,0,1,0,0,0,3,0,0,0
2043018,30,50,"",0,3,0,0,0,0,3,0,0,0,5,0,0,0
2043019,10,0,"",0,3,0,0,0,0,3,0,0,0,5,0,0,0
2043021,60,0,"",1,0,0,0,0,0,2,0,0,0,0,0,0,0
2043022,50,0,"",3,1,0,0,0,0,5,0,0,0,0,0,0,0
2043023,100,0,"",2,0,0,0,0,0,2,0,0,0,0,0,0,0
2043024,65,0,"",0,2,0,0,0,0,1,0,0,0,3,0,0,0
2043025,15,0,"",0,3,0,0,0,0,3,0,0,0,5,0,0,0
2043100,100,0,"",0,0,0,0,0,0,1,0,0,0,0,0,0,0
2043101,60,0,"",1,0,0,0,0,0,2,0,0,0,0,0,0,0
2043102,10,0,"",3,0,0,0,0,0,5,0,1,0,0,0,0,0
2043103,100,0,"",3,0,0,0,0,0,5,0,1,0,0,0,0,0
2043104,70,50,"",1,0,0,0,0,0,2,0,0,0,0,0,0,0
2043105,30,50,"",3,0,0,0,0,0,5,0,1,0,0,0,0,0
2043106,65,0,"",1,0,0,0,0,0,2,0,0,0,0,0,0,0
2043107,15,0,"",3,0,0,0,0,0,5,0,1,0,0,0,0,0
2043108,40,30,"",2,0,0,0,0,0,3,0,0,0,0,0,0,0
2043110,100,0,"",0,0,0,0,0,0,0,0,0,0,1,0,0,0
2043111,70,50,"",0,2,0,0,0,0,1,0,0,0,3,0,0,0
2043112,60,0,"",0,2,0,0,0,0,1,0,0,0,3,0,0,0
2043113,30,50,"",0,3,0,0,0,0,3,0,0,0,5,0,0,0
2043114,10,0,"",0,3,0,0,0,0,3,0,0,0,5,0,0,0
2043116,60,0,"",1,0,0,0,0,0,2,0,0,0,0,0,0,0
2043117,100,0,"",2,0,0,0,0,0,2,0,0,0,0,0,0,0
2043118,65,0,"",0,2,0,0,0,0,1,0,0,0,3,0,0,0
2043119,15,0,"",0,3,0,0,0,0,3,0,0,0,5,0,0,0
2043120,50,0,"",3,1,0,0,0,0,5,0,0,0,0,0,0,0
2043200,100,0,"",0,0,0,0,0,0,1,0,0,0,0,0,0,0
2043201,60,0,"",1,0,0,0,0,0,2,0,0,0,0,0,0,0
2043202,10,0,"",3,0,0,0,0,0,5,0,1,0,0,0,0,0
2043203,100,0,"",3,0,0,0,0,0,5,0,1,0,0,0,0,0
2043204,70,50,"",1,0,0,0,0,0,2,0,0,0,0,0,0,0
2043205,30,50,"",3,0,0,0,0,0,5,0,1,0,0,0,0,0
2043206,65,0,"",1,0,0,0,0,0,2,0,0,0,0,0,0,0
2043207,15,0,"",3,0,0,0,0,0,5,0,1,0,0,0,0,0
2043208,40,30,"",2,0,0,0,0,0,3,0,0,0,0,0,0,0
2043210,100,0,"",0,0,0,0,0,0,0,0,0,0,1,0,0,0
2043211,70,50,"",0,2,0,0,0,0,1,0,0,0,3,0,0,0
2043212,60,0,"",0,2,0,0,0,0,1,0,0,0,3,0,0,0
2043213,30,50,"",0,3,0,0,0,0,3,0,0,0,5,0,0,0
2043214,10,0,"",0,3,0,0,0,0,3,0,0,0,5,0,0,0
2043216,60,0,"",1,0,0,0,0,0,2,0,0,0,0,0,0,0
2043217,100,0,"",2,0,0,0,0,0,2,0,0,0,0,0,0,0
2043218,65,0,"",0,2,0,0,0,0,1,0,0,0,3,0,0,0
2043219,15,0,"",0,3,0,0,0,0,3,0,0,0,5,0,0,0
2043220,50,0,"",3,1,0,0,0,0,5,0,0,0,0,0,0,0
2043300,100,0,"",0,0,0,0,0,0,1,0,0,0,0,0,0,0
2043301,60,0,"",0,0,0,1,0,0,2,0,0,0,0,0,0,0
2043302,10,0,"",0,0,0,3,0,0,5,0,1,0,0,0,0,0
2043303,100,0,"",0,0,0,3,0,0,5,0,1,0,0,0,0,0
2043304,70,50,"",0,0,0,1,0,0,2,0,0,0,0,0,0,0
2043305,30,50,"",0,0,0,3,0,0,5,0,1,0,0,0,0,0
2043306,65,0,"",0,0,0,1,0,0,2,0,0,0,0,0,0,0
2043307,15,0,"",0,0,0,3,0,0,5,0,1,0,0,0,0,0
2043308,40,30,"",0,0,0,2,0,0,3,0,0,0,0,0,0,0
2043311,60,0,"",0,0,0,1,0,0,2,0,0,0,0,0,0,0
2043312,100,0,"",0,0,0,2,0,0,2,0,0,0,0,0,0,0
2043313,50,0,"",0,1,0,3,0,0,5,0,0,0,0,0,0,0
2043700,100,0,"",0,0,0,0,0,0,0,1,0,0,0,0,0,0
2043701,60,0,"",0,0,1,0,0,0,0,2,0,0,0,0,0,0
2043702,10,0,"",0,0,3,0,0,0,0,5,0,1,0,0,0,0
2043703,100,0,"",0,0,3,0,0,0,0,5,0,1,0,0,0,0
2043704,70,50,"",0,0,1,0,0,0,0,2,0,0,0,0,0,0
2043705,30,50,"",0,0,3,0,0,0,0,5,0,1,0,0,0,0
2043706,65,0,"",0,0,1,0,0,0,0,2,0,0,0,0,0,0
2043707,15,0,"",0,0,3,0,0,0,0,5,0,1,0,0,0,0
2043708,40,30,"",0,0,2,0,0,0,0,3,0,0,0,0,0,0
2043711,60,0,"",0,0,1,0,0,0,0,2,0,0,0,0,0,0
2043712,100,0,"",0,0,2,0,0,0,0,2,0,0,0,0,0,0
2043713,50,0,"",0,0,3,1,0,0,0,5,0,0,0,0,0,0
2043800,100,0,"",0,0,0,0,0,0,0,1,0,0,0,0,0,0
2043801,60,0,"",0,0,1,0,0,0,0,2,0,0,0,0,0,0
2043802,10,0,"",0,0,3,0,0,0,0,5,0,1,0,0,0,0
2043803,100,0,"",0,0,3,0,0,0,0,5,0,1,0,0,0,0
2043804,70,50,"",0,0,1,0,0,0,0,2,0,0,0,0,0,0
2043805,30,50,"",0,0,3,0,0,0,0,5,0,1,0,0,0,0
2043806,65,0,"",0,0,1,0,0,0,0,2,0,0,0,0,0,0
2043807,15,0,"",0,0,3,0,0,0,0,5,0,1,0,0,0,0
2043808,40,30,"",0,0,2,0,0,0,0,3,0,0,0,0,0,0
2043811,60,0,"",0,0,1,0,0,0,0,2,0,0,0,0,0,0
2043812,100,0,"",0,0,2,0,0,0,0,2,0,0,0,0,0,0
2043813,50,0,"",0,0,3,1,0,0,0,5,0,0,0,0,0,0
2044000,100,0,"",0,0,0,0,0,0,1,0,0,0,0,0,0,0
2044001,60,0,"",1,0,0,0,0,0,2,0,0,0,0,0,0,0
2044002,10,0,"",3,0,0,0,0,0,5,0,1,0,0,0,0,0
2044003,100,0,"",3,0,0,0,0,0,5,0,1,0,0,0,0,0
2044004,70,50,"",1,0,0,0,0,0,2,0,0,0,0,0,0,0
2044005,30,50,"",3,0,0,0,0,0,5,0,1,0,0,0,0,0
2044006,65,0,"",1,0,0,0,0,0,2,0,0,0,0,0,0,0
2044007,15,0,"",3,0,0,0,0,0,5,0,1,0,0,0,0,0
2044008,40,30,"",2,0,0,0,0,0,3,0,0,0,0,0,0,0
2044010,100,0,"",0,0,0,0,0,0,0,0,0,0,1,0,0,0
2044011,70,50,"",0,2,0,0,0,0,1,0,0,0,3,0,0,0
2044012,60,0,"",0,2,0,0,0,0,1,0,0,0,3,0,0,0
2044013,30,50,"",0,3,0,0,0,0,3,0,0,0,5,0,0,0
2044014,10,0,"",0,3,0,0,0,0,3,0,0,0,5,0,0,0
2044015,10,0,"",3,0,0,0,0,0,5,0,1,0,0,0,0,0
2044024,60,0,"",1,0,0,0,0,0,2,0,0,0,0,0,0,0
2044025,100,0,"",2,0,0,0,0,0,2,0,0,0,0,0,0,0
2044026,65,0,"",0,2,0,0,0,0,1,0,0,0,3,0,0,0
2044027,15,0,"",0,3,0,0,0,0,3,0,0,0,5,0,0,0
2044028,50,0,"",3,1,0,0,0,0,5,0,0,0,0,0,0,0
2044100,100,0,"",0,0,0,0,0,0,1,0,0,0,0,0,0,0
2044101,60,0,"",1,0,0,0,0,0,2,0,0,0,0,0,0,0
2044102,10,0,"",3,0,0,0,0,0,5,0,1,0,0,0,0,0
2044103,100,0,"",3,0,0,0,0,0,5,0,1,0,0,0,0,0
2044104,70,50,"",1,0,0,0,0,0,2,0,0,0,0,0,0,0
2044105,30,50,"",3,0,0,0,0,0,5,0,1,0,0,0,0,0
2044106,65,0,"",1,0,0,0,0,0,2,0,0,0,0,0,0,0
2044107,15,0,"",3,0,0,0,0,0,5,0,1,0,0,0,0,0
2044108,40,30,"",2,0,0,0,0,0,3,0,0,0,0,0,0,0
2044110,100,0,"",0,0,0,0,0,0,0,0,0,0,1,0,0,0
2044111,70,50,"",0,2,0,0,0,0,1,0,0,0,3,0,0,0
2044112,60,0,"",0,2,0,0,0,0,1,0,0,0,3,0,0,0
2044113,30,50,"",0,3,0,0,0,0,3,0,0,0,5,0,0,0
2044114,10,0,"",0,3,0,0,0,0,3,0,0,0,5,0,0,0
2044116,60,0,"",1,0,0,0,0,0,2,0,0,0,0,0,0,0
2044117,100,0,"",2,0,0,0,0,0,2,0,0,0,0,0,0,0
2044118,65,0,"",0,2,0,0,0,0,1,0,0,0,3,0,0,0
2044119,15,0,"",0,3,0,0,0,0,3,0,0,0,5,0,0,0
2044120,50,0,"",3,1,0,0,0,0,5,0,0,0,0,0,0,0
2044200,100,0,"",0,0,0,0,0,0,1,0,0,0,0,0,0,0
2044201,60,0,"",1,0,0,0,0,0,2,0,0,0,0,0,0,0
2044202,10,0,"",3,0,0,0,0,0,5,0,1,0,0,0,0,0
2044203,100,0,"",3,0,0,0,0,0,5,0,1,0,0,0,0,0
2044204,70,50,"",1,0,0,0,0,0,2,0,0,0,0,0,0,0
2044205,30,50,"",3,0,0,0,0,0,5,0,1,0,0,0,0,0
2044206,65,0,"",1,0,0,0,0,0,2,0,0,0,0,0,0,0
2044207,15,0,"",3,0,0,0,0,0,5,0,1,0,0,0,0,0
2044208,40,30,"",2,0,0,0,0,0,3,0,0,0,0,0,0,0
2044210,100,0,"",0,0,0,0,0,0,0,0,0,0,1,0,0,0
2044211,70,50,"",0,2,0,0,0,0,1,0,0,0,3,0,0,0
2044212,60,0,"",0,2,0,0,0,0,1,0,0,0,3,0,0,0
2044213,30,50,"",0,3,0,0,0,0,3,0,0,0,5,0,0,0
2044214,10,0,"",0,3,0,0,0,0,3,0,0,0,5,0,0,0
2044216,60,0,"",1,0,0,0,0,0,2,0,0,0,0,0,0,0
2044217,100,0,"",2,0,0,0,0,0,2,0,0,0,0,0,0,0
2044218,65,0,"",0,2,0,0,0,0,1,0,0,0,3,0,0,0
2044219,15,0,"",0,3,0,0,0,0,3,0,0,0,5,0,0,0
2044220,50,0,"",3,1,0,0,0,0,5,0,0,0,0,0,0,0
2044300,100,0,"",0,0,0,0,0,0,1,0,0,0,0,0,0,0
2044301,60,0,"",1,0,0,0,0,0,2,0,0,0,0,0,0,0
2044302,10,0,"",3,0,0,0,0,0,5,0,1,0,0,0,0,0
2044303,100,0,"",3,0,0,0,0,0,5,0,1,0,0,0,0,0
2044304,70,50,"",1,0,0,0,0,0,2,0,0,0,0,0,0,0
2044305,30,50,"",3,0,0,0,0,0,5,0,1,0,0,0,0,0
2044306,65,0,"",1,0,0,0,0,0,2,0,0,0,0,0,0,0
2044307,15,0,"",3,0,0,0,0,0,5,0,1,0,0,0,0,0
2044308,40,30,"",2,0,0,0,0,0,3,0,0,0,0,0,0,0
2044310,100,0,"",0,0,0,0,0,0,0,0,0,0,1,0,0,0
2044311,70,50,"",0,2,0,0,0,0,1,0,0,0,3,0,0,0
2044312,60,0,"",0,2,0,0,0,0,1,0,0,0,3,0,0,0
2044313,30,50,"",0,3,0,0,0,0,3,0,0,0,5,0,0,0
2044314,10,0,"",0,3,0,0,0,0,3,0,0,0,5,0,0,0
2044316,60,0,"",1,0,0,0,0,0,2,0,0,0,0,0,0,0
2044317,100,0,"",2,0,0,0,0,0,2,0,0,0,0,0,0,0
2044318,65,0,"",0,2,0,0,0,0,1,0,0,0,3,0,0,0
2044319,15,0,"",0,3,0,0,0,0,3,0,0,0,5,0,0,0
2044320,50,0,"",3,1,0,0,0,0,5,0,0,0,0,0,0,0
2044400,100,0,"",0,0,0,0,0,0,1,0,0,0,0,0,0,0
2044401,60,0,"",1,0,0,0,0,0,2,0,0,0,0,0,0,0
2044402,10,0,"",3,0,0,0,0,0,5,0,1,0,0,0,0,0
2044403,100,0,"",3,0,0,0,0,0,5,0,1,0,0,0,0,0
2044404,70,50,"",1,0,0,0,0,0,2,0,0,0,0,0,0,0
2044405,30,50,"",3,0,0,0,0,0,5,0,1,0,0,0,0,0
2044406,65,0,"",1,0,0,0,0,0,2,0,0,0,0,0,0,0
2044407,15,0,"",3,0,0,0,0,0,5,0,1,0,0,0,0,0
2044408,40,30,"",2,0,0,0,0,0,3,0,0,0,0,0,0,0
2044410,100,0,"",0,0,0,0,0,0,0,0,0,0,1,0,0,0
2044411,70,50,"",0,2,0,0,0,0,1,0,0,0,3,0,0,0
2044412,60,0,"",0,2,0,0,0,0,1,0,0,0,3,0,0,0
2044413,30,50,"",0,3,0,0,0,0,3,0,0,0,5,0,0,0
2044414,10,0,"",0,3,0,0,0,0,3,0,0,0,5,0,0,0
2044416,60,0,"",1,0,0,0,0,0,2,0,0,0,0,0,0,0
2044417,100,0,"",2,0,0,0,0,0,2,0,0,0,0,0,0,0
2044418,65,0,"",0,2,0,0,0,0,1,0,0,0,3,0,0,0
2044419,15,0,"",0,3,0,0,0,0,3,0,0,0,5,0,0,0
2044420,50,0,"",3,1,0,0,0,0,5,0,0,0,0,0,0,0
2044500,100,0,"",0,0,0,0,0,0,1,0,0,0,0,0,0,0
2044501,60,0,"",0,0,0,0,0,0,2,0,0,0,1,0,0,0
2044502,10,0,"",0,1,0,0,0,0,5,0,0,0,3,0,0,0
2044503,100,0,"",0,1,0,0,0,0,5,0,0,0,3,0,0,0
2044504,70,50,"",0,0,0,0,0,0,2,0,0,0,1,0,0,0
2044505,30,50,"",0,1,0,0,0,0,5,0,0,0,3,0,0,0
2044506,65,0,"",0,0,0,0,0,0,2,0,0,0,1,0,0,0
2044507,15,0,"",0,1,0,0,0,0,5,0,0,0,3,0,0,0
2044508,40,30,"",0,0,0,0,0,0,3,0,0,0,1,0,0,0
2044511,60,0,"",0,0,0,0,0,0,2,0,0,0,1,0,0,0
2044512,100,0,"",0,0,0,0,0,0,2,0,0,0,3,0,0,0
2044513,50,0,"",1,1,0,0,0,0,5,0,0,0,0,0,0,0
2044600,100,0,"",0,0,0,0,0,0,1,0,0,0,0,0,0,0
2044601,60,0,"",0,0,0,0,0,0,2,0,0,0,1,0,0,0
2044602,10,0,"",0,1,0,0,0,0,5,0,0,0,3,0,0,0
2044603,100,0,"",0,1,0,0,0,0,5,0,0,0,3,0,0,0
2044604,70,50,"",0,0,0,0,0,0,2,0,0,0,1,0,0,0
2044605,30,50,"",0,1,0,0,0,0,5,0,0,0,3,0,0,0
2044606,65,0,"",0,0,0,0,0,0,2,0,0,0,1,0,0,0
2044607,15,0,"",0,1,0,0,0,0,5,0,0,0,3,0,0,0
2044608,40,30,"",0,0,0,0,0,0,3,0,0,0,2,0,0,0
2044611,60,0,"",0,0,0,0,0,0,2,0,0,0,1,0,0,0
2044612,100,0,"",0,0,0,0,0,0,2,0,0,0,3,0,0,0
2044613,50,0,"",1,1,0,0,0,0,5,0,0,0,0,0,0,0
2044700,100,0,"",0,0,0,0,0,0,1,0,0,0,0,0,0,0
2044701,60,0,"",0,0,0,0,0,0,2,0,0,0,1,0,0,0
2044702,10,0,"",0,0,0,1,0,0,5,0,0,0,3,0,0,0
2044703,100,0,"",0,0,0,1,0,0,5,0,0,0,3,0,0,0
2044704,70,50,"",0,0,0,0,0,0,2,0,0,0,1,0,0,0
2044705,30,50,"",0,0,0,1,0,0,5,0,0,0,3,0,0,0
2044706,65,0,"",0,0,0,0,0,0,2,0,0,0,1,0,0,0
2044707,15,0,"",0,0,0,1,0,0,5,0,0,0,3,0,0,0
2044708,40,30,"",0,0,0,0,0,0,3,0,0,0,2,0,0,0
2044711,60,0,"",0,0,0,0,0,0,2,0,0,0,1,0,0,0
2044712,100,0,"",0,0,0,0,0,0,2,0,0,0,3,0,0,0
2044713,50,0,"",0,1,0,1,0,0,5,0,0,0,0,0,0,0
2044800,100,0,"",0,0,0,0,0,0,1,0,0,0,0,0,0,0
2044801,60,0,"",1,0,0,0,0,0,2,0,0,0,0,0,0,0
2044802,10,0,"",3,0,0,0,0,0,5,0,1,0,0,0,0,0
2044803,70,50,"",1,0,0,0,0,0,2,0,0,0,0,0,0,0
2044804,30,50,"",3,0,0,0,0,0,5,0,1,0,0,0,0,0
2044805,100,0,"",0,0,0,0,0,0,0,0,0,0,1,0,0,0
2044806,70,50,"",0,2,0,0,0,0,1,0,0,0,3,0,0,0
2044807,60,0,"",0,2,0,0,0,0,1,0,0,0,3,0,0,0
2044808,30,50,"",0,3,0,0,0,0,3,0,0,0,5,0,0,0
2044809,10,0,"",0,3,0,0,0,0,3,0,0,0,5,0,0,0
2044810,40,30,"",2,0,0,0,0,0,3,0,0,0,0,0,0,0
2044811,65,0,"",1,0,0,0,0,0,2,0,0,0,0,0,0,0
2044812,15,0,"",3,0,0,0,0,0,5,0,1,0,0,0,0,0
2044813,65,0,"",0,2,0,0,0,0,1,0,0,0,3,0,0,0
2044814,15,0,"",0,3,0,0,0,0,3,0,0,0,5,0,0,0
2044815,100,0,"",1,0,0,0,0,0,2,0,0,0,0,0,0,0
2044816,60,0,"",1,0,0,0,0,0,2,0,0,0,0,0,0,0
2044817,50,0,"",3,1,0,0,0,0,5,0,0,0,0,0,0,0
2044900,100,0,"",0,0,0,0,0,0,1,0,0,0,0,0,0,0
2044901,60,0,"",0,0,0,0,0,0,2,0,0,0,1,0,0,0
2044902,10,0,"",0,1,0,0,0,0,5,0,0,0,3,0,0,0
2044903,70,50,"",0,0,0,0,0,0,2,0,0,0,1,0,0,0
2044904,30,50,"",0,1,0,0,0,0,5,0,0,0,3,0,0,0
2044905,40,30,"",0,0,0,0,0,0,3,0,0,0,2,0,0,0
2044906,65,0,"",0,0,0,0,0,0,2,0,0,0,1,0,0,0
2044907,15,0,"",0,1,0,0,0,0,5,0,0,0,3,0,0,0
2044908,100,0,"",0,0,0,0,0,0,2,0,0,0,1,0,0,0
2044909,60,0,"",0,0,0,0,0,0,2,0,0,0,1,0,0,0
2044910,50,0,"",0,1,0,1,0,0,5,0,0,0,0,0,0,0
2048000,100,0,"",0,0,0,0,0,0,0,0,0,0,0,0,0,1
2048001,60,0,"",0,0,0,0,0,0,0,0,0,0,0,0,0,2
2048002,10,0,"",0,0,0,0,0,0,0,0,0,0,0,0,0,3
2048003,100,0,"",0,0,0,0,0,0,0,0,0,0,0,0,1,0
2048004,60,0,"",0,0,0,0,0,0,0,0,0,0,0,0,2,0
2048005,10,0,"",0,0,0,0,0,0,0,0,0,0,0,0,3,0
2048006,65,0,"",0,0,0,0,0,0,0,0,0,0,0,0,0,2
2048007,15,0,"",0,0,0,0,0,0,0,0,0,0,0,0,0,3
2048008,65,0,"",0,0,0,0,0,0,0,0,0,0,0,0,2,0
2048009,15,0,"",0,0,0,0,0,0,0,0,0,0,0,0,3,0
2048010,60,0,"",1,0,0,0,0,0,0,0,0,0,0,0,0,0
2048011,60,0,"",0,0,1,0,0,0,0,0,0,0,0,0,0,0
2048012,60,0,"",0,1,0,0,0,0,0,0,0,0,0,0,0,0
2048013,60,0,"",0,0,0,1,0,0,0,0,0,0,0,0,0,0
2049000,1,2,"recover_slot",0,0,0,0,0,0,0,0,0,0,0,0,0,0
2049001,3,6,"recover_slot",0,0,0,0,0,0,0,0,0,0,0,0,0,0
2049002,5,10,"recover_slot",0,0,0,0,0,0,0,0,0,0,0,0,0,0
2049003,20,50,"recover_slot",0,0,0,0,0,0,0,0,0,0,0,0,0,0
2049100,60,0,"rand_stat",0,0,0,0,0,0,0,0,0,0,0,0,0,0
2049101,100,100,"rand_stat",0,0,0,0,0,0,0,0,0,0,0,0,0,0
2049102,100,100,"rand_stat",0,0,0,0,0,0,0,0,0,0,0,0,0,0
2049103,100,100,"rand_stat",0,0,0,0,0,0,0,0,0,0,0,0,0,0
2049104,100,100,"rand_stat",0,0,0,0,0,0,0,0,0,0,0,0,0,0
2049105,70,50,"",0,0,0,0,0,0,1,0,0,0,0,0,0,0
2049106,30,80,"",0,0,0,0,0,0,2,0,0,0,0,0,0,0
2049107,70,50,"",1,0,0,0,0,0,0,0,0,0,2,0,0,0
2049108,70,50,"",0,0,0,1,0,0,0,0,0,0,2,0,0,0
2049109,70,50,"",0,0,1,0,0,0,0,0,0,0,2,0,0,0
2049110,70,50,"",0,1,0,0,0,0,0,0,0,0,2,0,0,0
2049112,100,100,"rand_stat",0,0,0,0,0,0,0,0,0,0,0,0,0,0
2049113,100,100,"rand_stat",0,0,0,0,0,0,0,0,0,0,0,0,0,0
2049114,100,100,"rand_stat",0,0,0,0,0,0,0,0,0,0,0,0,0,0
2049200,70,50,"",2,0,0,0,0,0,0,0,0,0,0,0,0,0
2049201,30,50,"",3,0,0,0,0,0,0,0,0,0,0,0,0,0
2049202,70,50,"",0,2,0,0,0,0,0,0,0,0,0,0,0,0
2049203,30,50,"",0,3,0,0,0,0,0,0,0,0,0,0,0,0
2049204,70,50,"",0,0,2,0,0,0,0,0,0,0,0,0,0,0
2049205,30,50,"",0,0,3,0,0,0,0,0,0,0,0,0,0,0
2049206,70,50,"",0,0,0,2,0,0,0,0,0,0,0,0,0,0
2049207,30,50,"",0,0,0,3,0,0,0,0,0,0,0,0,0,0
2049208,70,50,"",0,0,0,0,10,0,0,0,0,0,0,0,0,0
2049209,30,50,"",0,0,0,0,30,0,0,0,0,0,0,0,0,0
2049210,70,50,"",0,0,0,0,0,10,0,0,0,0,0,0,0,0
2049211,30,50,"",0,0,0,0,0,30,0,0,0,0,0,0,0,0
