questid,next_quest,quest_area,min_level,max_level,pet_closeness,taming_mob_level,repeat_wait,fame,time_limit,"flags"
1000,1001,20,1,200,0,0,0,0,0,""
1001,0,20,1,200,0,0,0,0,0,""
1003,1004,20,1,200,0,0,0,0,0,""
1004,0,20,1,200,0,0,0,0,0,""
1005,1006,20,1,200,0,0,0,0,0,""
1006,0,20,1,200,0,0,0,0,0,""
1007,0,20,1,200,0,0,0,0,0,""
1008,0,20,1,200,0,0,0,0,0,""
1009,1010,20,1,200,0,0,0,0,0,""
1010,1011,20,1,200,0,0,0,0,0,""
1011,1012,20,1,200,0,0,0,0,0,""
1012,1013,20,1,200,0,0,0,0,0,""
1013,1014,20,1,200,0,0,0,0,0,""
1014,1015,20,1,200,0,0,0,0,0,""
1015,0,20,1,200,0,0,0,0,0,""
1016,1017,20,1,7,0,0,0,0,0,""
1017,0,20,1,200,0,0,0,0,0,""
1018,0,20,1,200,0,0,0,0,0,""
1019,0,20,1,7,0,0,0,0,0,""
1020,0,20,1,200,0,0,0,0,0,""
1021,0,20,1,200,0,0,0,0,0,""
1022,0,20,1,10,0,0,0,0,0,""
1023,0,20,1,10,0,0,0,0,0,""
1024,0,20,1,10,0,0,0,0,0,""
1025,0,20,1,10,0,0,0,0,0,""
1026,0,20,1,10,0,0,0,0,0,""
1027,0,20,1,10,0,0,0,0,0,""
1028,0,20,1,10,0,0,0,0,0,""
1029,0,20,2,3,0,0,0,0,0,"auto_start"
1030,0,20,1,200,0,0,0,0,0,"auto_start"
1031,0,20,1,10,0,0,0,0,0,""
1032,1033,20,1,10,0,0,0,0,0,""
1033,1034,20,1,10,0,0,0,0,0,""
1034,0,20,1,10,0,0,0,0,0,""
1035,0,20,1,10,0,0,0,0,0,""
1036,0,20,1,10,0,0,0,0,0,""
1037,1038,20,1,10,0,0,0,0,0,""
1038,0,20,1,10,0,0,0,0,0,""
1039,0,20,1,10,0,0,0,0,0,""
1040,0,20,1,10,0,0,0,0,0,""
1041,1042,20,1,10,0,0,0,0,0,""
1042,1043,20,1,10,0,0,0,0,0,""
1043,1044,20,1,10,0,0,0,0,0,""
1044,0,20,1,10,0,0,0,0,0,""
1045,0,20,1,10,0,0,0,0,0,""
1046,0,20,1,10,0,0,0,0,0,""
1047,0,50,1,200,0,0,0,0,3600,"auto_start,selected_mob"
1048,0,20,8,10,0,0,0,0,0,"auto_start"
1049,0,20,10,20,0,0,0,0,0,"auto_start"
1050,0,20,8,20,0,0,0,0,0,"auto_start"
1051,0,20,10,20,0,0,0,0,0,"auto_start"
1052,0,20,10,20,0,0,0,0,0,"auto_start"
1053,0,20,10,20,0,0,0,0,0,"auto_start"
1054,0,10,20,200,0,0,0,0,0,"auto_start"
1115,0,30,1,200,0,0,0,0,0,""
1116,0,30,1,200,0,0,0,0,0,""
1117,0,30,1,200,0,0,0,0,0,""
1118,0,30,1,200,0,0,0,0,0,""
1119,0,33,1,200,0,0,0,0,0,""
1120,0,37,1,200,0,0,0,0,0,""
1121,0,33,1,200,0,0,0,0,0,""
1122,0,41,1,200,0,0,0,0,0,""
1123,0,44,1,200,0,0,0,0,0,""
1124,0,44,1,200,0,0,0,0,0,""
1200,0,47,10,200,0,0,0,0,0,""
1201,0,47,21,30,0,0,0,0,0,""
1202,0,47,35,50,0,0,0,0,0,""
1203,0,47,51,70,0,0,0,0,0,""
1204,0,47,55,100,0,0,0,0,0,""
1205,0,47,71,85,0,0,0,0,0,""
1206,0,47,45,55,0,0,0,0,0,""
1300,0,47,21,30,0,0,0,0,0,""
1301,0,47,30,50,0,0,0,0,0,""
1302,0,47,51,70,0,0,0,0,0,""
2000,0,30,10,200,0,0,0,0,0,""
2001,0,30,30,200,0,0,0,10,0,""
2002,2003,30,15,200,0,0,0,0,0,""
2003,2004,30,15,200,0,0,0,0,0,""
2004,2005,30,15,200,0,0,0,0,0,""
2005,2006,30,15,200,0,0,0,0,0,""
2006,2007,30,15,200,0,0,0,0,0,""
2007,2008,30,15,200,0,0,0,0,0,""
2008,0,30,15,200,0,0,0,0,0,""
2009,0,30,20,200,0,0,0,0,0,""
2010,0,30,25,200,0,0,0,0,0,""
2011,0,30,40,200,0,0,0,0,0,""
2012,0,30,40,200,0,0,0,0,0,""
2013,0,30,40,200,0,0,0,0,0,""
2014,2015,30,20,200,0,0,0,0,0,""
2015,2016,30,20,200,0,0,0,0,0,""
2016,0,30,20,200,0,0,0,0,0,""
2017,0,30,25,200,0,0,0,0,0,""
2018,0,30,15,200,0,0,0,0,0,""
2019,2020,30,30,200,0,0,0,0,0,""
2020,2023,30,30,200,0,0,0,0,0,""
2021,0,30,30,200,0,0,0,0,0,""
2022,0,30,30,200,0,0,0,0,0,""
2023,0,30,30,200,0,0,0,0,0,""
2024,0,30,35,200,0,0,0,0,0,""
2025,0,30,35,200,0,0,0,0,0,""
2026,0,30,35,200,0,0,0,0,0,""
2027,0,30,35,200,0,0,0,0,0,""
2028,0,30,35,200,0,0,0,0,0,""
2029,0,30,15,200,0,0,0,0,0,""
2030,0,30,15,200,0,0,0,0,0,""
2031,0,30,15,200,0,0,0,0,0,""
2032,0,30,25,200,0,0,0,0,0,""
2033,0,30,25,200,0,0,0,0,0,""
2034,0,30,25,200,0,0,0,0,0,""
2035,0,30,50,200,0,0,0,0,0,""
2036,0,30,55,200,0,0,0,0,0,""
2037,0,30,55,200,0,0,0,0,0,""
2038,0,30,55,200,0,0,0,0,0,""
2039,0,30,55,200,0,0,0,0,0,""
2040,0,30,55,200,0,0,0,0,0,""
2041,0,30,55,200,0,0,0,0,0,""
2042,0,30,55,200,0,0,0,0,0,""
2043,0,30,55,200,0,0,0,0,0,""
2044,2045,30,55,200,0,0,0,0,0,""
2045,2046,30,55,200,0,0,0,0,0,""
2046,0,30,55,200,0,0,0,0,0,""
2047,2048,30,45,200,0,0,0,0,0,""
2048,0,30,45,200,0,0,0,0,0,""
2049,0,30,1,200,0,0,0,0,0,""
2050,0,30,25,200,0,0,0,0,0,""
2051,0,30,50,200,0,0,0,0,0,""
2052,0,30,15,200,0,0,0,0,0,""
2053,0,30,30,200,0,0,0,0,0,""
2054,0,30,60,200,0,0,0,0,0,""
2055,0,30,20,200,0,0,0,0,0,""
2056,0,30,30,200,0,0,0,0,0,""
2057,0,30,40,200,0,0,0,0,0,""
2058,0,30,35,200,0,0,0,0,0,""
2059,0,30,35,200,0,0,0,0,0,""
2060,0,30,35,200,0,0,0,0,0,""
2061,0,30,35,200,0,0,0,0,0,""
2062,0,30,20,200,0,0,0,0,0,""
2063,2064,30,21,200,0,0,0,0,0,""
2064,2076,30,21,200,0,0,0,0,0,""
2065,2066,30,20,200,0,0,0,0,0,""
2066,2066,30,20,200,0,0,0,0,0,""
2067,2068,30,22,200,0,0,0,0,0,""
2068,2069,30,22,200,0,0,0,0,0,""
2069,0,30,22,200,0,0,0,0,0,""
2070,0,30,23,200,0,0,0,0,0,""
2071,2072,30,25,200,0,0,0,0,0,""
2072,0,30,25,200,0,0,0,0,0,""
2073,0,30,23,200,0,0,0,0,0,""
2074,0,30,25,200,0,0,0,0,0,""
2075,0,30,25,200,0,0,0,0,0,""
2076,0,30,21,200,0,0,0,0,0,""
2077,0,30,1,200,0,0,0,0,0,""
2078,0,30,1,200,0,0,0,0,0,""
2079,0,30,1,200,0,0,0,0,0,""
2080,0,30,1,200,0,0,0,0,0,""
2081,0,30,8,200,0,0,0,0,0,""
2082,0,30,10,200,0,0,0,0,0,""
2083,0,30,32,200,0,0,0,0,0,""
2084,0,30,37,200,0,0,0,0,0,""
2085,2086,30,42,200,0,0,0,0,0,""
2086,2087,30,42,200,0,0,0,0,0,""
2087,0,30,42,200,0,0,0,0,0,""
2088,0,30,10,200,0,0,0,0,0,""
2089,0,30,10,200,0,0,0,0,0,""
2090,2091,30,10,200,0,0,0,0,0,""
2091,0,30,10,200,0,0,0,0,0,""
2092,2093,30,10,200,0,0,0,0,0,""
2093,0,30,1,200,0,0,0,0,0,""
2094,0,30,52,200,0,0,0,0,0,""
2095,0,30,52,200,0,0,0,0,0,""
2096,0,30,50,200,0,0,0,0,0,""
2097,0,30,1,200,0,0,0,0,0,""
2099,2100,30,35,200,0,0,0,0,0,""
2100,0,30,35,200,0,0,0,0,0,""
2101,0,30,35,200,0,0,0,0,0,""
2102,0,30,35,200,0,0,0,0,0,""
2103,2104,30,10,200,0,0,0,0,0,""
2104,0,30,1,200,0,0,0,0,0,""
2105,0,30,15,200,0,0,0,0,0,""
2106,0,30,20,200,0,0,0,0,0,""
2107,0,30,22,200,0,0,0,0,0,""
2108,0,30,25,200,0,0,0,0,0,""
2109,0,30,30,200,0,0,0,0,0,""
2110,0,30,33,200,0,0,0,0,0,""
2111,0,30,1,45,0,0,1440,0,0,""
2112,0,30,1,52,0,0,1440,0,0,""
2113,0,30,1,54,0,0,1440,0,0,""
2114,0,30,1,57,0,0,1440,0,0,""
2115,0,30,1,65,0,0,1440,0,0,""
2116,0,30,20,200,0,0,0,0,0,""
2117,0,30,25,200,0,0,0,0,0,""
2118,0,30,1,200,0,0,0,0,0,""
2119,0,30,60,200,0,0,0,0,0,""
2120,2121,30,70,200,0,0,0,0,0,""
2121,0,30,1,200,0,0,0,0,0,""
2122,0,30,18,29,0,0,0,0,0,""
2123,2124,30,18,29,0,0,0,0,0,""
2124,0,30,1,200,0,0,0,0,0,""
2125,2126,30,30,200,0,0,0,0,0,""
2126,0,30,1,200,0,0,0,0,0,""
2127,0,30,18,29,0,0,0,0,0,""
2128,0,10,1,40,0,0,0,0,0,"auto_start"
2129,0,10,1,40,0,0,0,0,0,"auto_start"
2130,0,10,1,40,0,0,0,0,0,"auto_start"
2131,0,10,1,40,0,0,0,0,0,"auto_start"
2132,0,10,1,40,0,0,0,0,0,"auto_start"
2133,0,10,1,40,0,0,0,0,0,"auto_start"
2134,0,10,1,40,0,0,0,0,0,"auto_start"
2135,0,10,1,40,0,0,0,0,0,"auto_start"
2136,0,10,1,40,0,0,0,0,0,"auto_start"
2137,0,10,1,40,0,0,0,0,0,"auto_start"
2138,0,10,1,40,0,0,0,0,0,"auto_start"
2139,0,10,1,40,0,0,0,0,0,"auto_start"
2140,0,10,1,40,0,0,0,0,0,"auto_start"
2141,0,10,1,40,0,0,0,0,0,"auto_start"
2142,0,10,1,40,0,0,0,0,0,"auto_start"
2143,0,10,1,40,0,0,0,0,0,"auto_start"
2144,0,30,35,200,0,0,0,0,0,""
2145,0,30,1,200,0,0,0,0,0,""
2146,0,30,1,200,0,0,0,0,0,""
2147,0,30,1,200,0,0,0,0,0,""
2148,0,30,1,200,0,0,0,0,0,""
2149,0,30,1,200,0,0,0,0,0,""
2150,0,30,1,200,0,0,0,0,0,""
2151,0,30,1,200,0,0,0,0,0,""
2152,0,30,1,200,0,0,0,0,0,""
2153,0,30,20,200,0,0,0,0,0,""
2154,0,30,20,200,0,0,0,0,0,""
2155,0,30,20,200,0,0,0,0,0,""
2156,0,30,20,200,0,0,0,0,0,""
2157,0,30,55,200,0,0,0,0,0,""
2158,0,30,55,200,0,0,0,0,0,""
2159,0,30,55,200,0,0,0,0,0,""
2160,0,30,55,200,0,0,0,0,0,""
2161,0,30,55,200,0,0,0,0,0,""
2162,0,30,10,200,0,0,0,0,0,""
2163,0,30,10,200,0,0,0,0,0,""
2164,0,30,10,200,0,0,0,0,0,""
2165,2166,30,10,200,0,0,0,0,0,""
2166,0,30,10,200,0,0,0,0,0,""
2167,0,30,25,200,0,0,0,0,0,""
2168,0,30,25,200,0,0,0,0,0,""
2169,0,30,25,200,0,0,0,0,0,""
2170,0,30,30,200,0,0,0,0,0,""
2171,2172,30,10,200,0,0,0,0,0,""
2172,2173,30,10,200,0,0,0,0,0,""
2173,0,30,10,200,0,0,0,0,0,""
2174,0,30,10,200,0,0,0,0,0,""
2175,0,30,10,200,0,0,0,0,0,""
2176,0,30,15,200,0,0,0,0,0,""
2177,2177,30,25,200,0,0,0,0,0,""
2178,0,30,1,200,0,0,0,0,0,""
2179,0,30,15,200,0,0,0,0,0,""
2180,0,30,20,200,0,0,0,0,0,""
2181,2181,30,20,200,0,0,0,0,0,""
2182,0,30,20,200,0,0,0,0,0,""
2183,0,30,20,200,0,0,0,0,0,""
2184,0,30,30,200,0,0,0,0,0,""
2185,0,30,1,200,0,0,0,0,0,""
2186,0,30,15,200,0,0,0,0,0,""
2187,0,30,30,200,0,0,0,0,0,""
2190,0,50,10,200,0,0,0,0,0,""
2191,0,10,30,200,0,0,0,0,0,""
2192,0,10,30,200,0,0,0,0,0,""
2193,0,10,1,40,0,0,0,0,0,"auto_start"
2194,0,10,1,40,0,0,0,0,0,"auto_start"
2195,0,10,1,40,0,0,0,0,0,"auto_start"
2196,0,10,1,40,0,0,0,0,0,"auto_start"
2197,0,30,1,10,0,0,0,0,0,"auto_start"
2198,0,30,55,200,0,0,0,0,0,""
2199,0,30,58,200,0,0,0,0,0,""
2200,0,30,58,200,0,0,0,0,0,""
2201,0,30,60,200,0,0,0,0,0,""
2202,0,30,64,200,0,0,0,0,0,""
2203,0,30,70,200,0,0,0,0,0,""
2204,0,30,25,200,0,0,0,0,0,""
2205,0,30,35,200,0,0,0,0,0,""
2206,0,30,40,200,0,0,0,0,0,""
2207,0,30,25,200,0,0,0,0,0,""
2208,0,30,30,200,0,0,0,0,0,""
2209,0,30,1,200,0,0,0,0,0,""
2210,0,30,1,200,0,0,0,0,0,""
2211,0,30,1,200,0,0,0,0,0,""
2212,0,10,1,200,0,0,0,0,0,""
2213,0,30,65,200,0,0,0,0,0,""
2214,0,30,1,200,0,0,0,0,0,""
2215,0,30,1,200,0,0,0,0,0,""
2216,0,30,1,200,0,0,0,0,0,""
2217,0,30,1,200,0,0,0,0,0,""
2218,0,30,1,200,0,0,0,0,0,""
2219,0,30,1,200,0,0,0,0,0,""
2220,0,30,1,200,0,0,0,0,0,""
2221,0,30,1,200,0,0,0,0,0,""
2222,0,30,50,200,0,0,0,0,0,""
2223,0,30,1,200,0,0,0,0,0,""
2224,0,30,1,200,0,0,0,0,0,""
2225,0,30,1,200,0,0,0,0,0,""
2226,0,30,1,200,0,0,0,0,0,""
2227,0,30,1,200,0,0,0,0,0,""
2228,0,30,1,200,0,0,0,0,0,""
2229,0,30,23,200,0,0,0,0,0,""
2230,0,30,15,200,0,0,0,0,0,"auto_start"
2231,0,30,10,200,0,0,0,0,0,""
2232,0,30,1,200,0,0,0,0,0,""
2233,0,30,1,200,0,0,0,0,0,""
2234,0,30,1,200,0,0,0,0,0,""
2235,0,30,50,200,0,0,0,0,0,""
2236,0,30,50,200,0,0,0,0,0,""
2237,2238,30,50,200,0,0,0,0,0,""
2238,0,30,50,200,0,0,0,0,0,""
2239,0,30,50,200,0,0,0,0,0,""
2240,2241,30,50,200,0,0,0,0,0,""
2241,0,30,50,200,0,0,0,0,0,""
2242,0,30,50,200,0,0,0,0,0,""
2243,0,30,50,200,0,0,0,0,0,""
2244,0,10,10,200,0,0,0,0,0,""
2245,0,30,50,200,0,0,0,0,0,""
2246,0,30,24,34,0,0,0,0,0,""
2247,0,30,1,200,0,0,0,0,0,""
2248,0,30,1,200,0,0,0,0,0,""
2249,0,30,1,200,0,0,0,0,0,""
2250,0,30,1,200,0,0,0,0,0,""
2251,0,30,1,200,0,0,0,0,0,""
2252,0,30,1,26,0,0,0,0,0,""
2253,0,30,1,25,0,0,0,0,0,""
2254,0,30,25,200,0,0,0,0,0,""
2255,0,44,26,36,0,0,0,0,0,""
2256,0,44,1,200,0,0,0,0,0,""
2257,0,44,1,200,0,0,0,0,0,""
2258,0,44,1,200,0,0,0,0,300,""
2259,0,44,1,200,0,0,0,0,0,""
2260,0,44,30,200,0,0,0,0,0,""
2261,0,44,1,29,0,0,0,0,0,""
2262,0,44,1,29,0,0,0,0,1800,""
2263,0,44,1,29,0,0,0,0,0,""
2264,0,30,25,30,0,0,0,0,0,"auto_start"
2270,0,30,35,50,0,0,0,0,0,""
2271,0,30,35,50,0,0,0,0,0,""
2272,2273,30,35,50,0,0,0,0,0,""
2273,0,30,35,50,0,0,0,0,0,""
2274,0,30,35,50,0,0,0,0,0,""
2275,0,30,35,50,0,0,0,0,0,""
2276,0,30,35,50,0,0,0,0,0,""
2277,2278,30,35,50,0,0,0,0,0,""
2278,0,30,35,50,0,0,0,0,0,""
2279,0,30,35,50,0,0,0,0,0,""
2280,0,30,35,50,0,0,0,0,0,""
2281,0,30,35,50,0,0,0,0,0,""
2282,0,30,35,50,0,0,0,0,40,""
2283,0,30,35,50,0,0,0,0,40,""
2284,2285,30,35,50,0,0,0,0,40,""
2285,0,30,35,50,0,0,0,0,0,""
2286,0,30,35,50,0,0,0,0,0,""
2287,0,30,35,50,0,0,0,0,0,""
2288,2293,30,35,50,0,0,0,0,0,""
2289,2290,30,35,50,0,0,0,0,0,""
2290,0,30,35,50,0,0,0,0,0,""
2291,0,30,35,50,0,0,30,0,0,""
2292,0,30,35,50,0,0,0,0,0,"auto_start"
2293,0,30,35,50,0,0,0,0,0,""
2300,0,30,30,38,0,0,0,0,0,"auto_start"
2301,0,30,30,38,0,0,0,0,0,"auto_start"
2302,0,30,30,38,0,0,0,0,0,"auto_start"
2303,0,30,30,38,0,0,0,0,0,"auto_start"
2304,0,30,30,38,0,0,0,0,0,"auto_start"
2305,0,30,30,38,0,0,0,0,0,"auto_start"
2306,0,30,30,38,0,0,0,0,0,"auto_start"
2307,0,30,30,38,0,0,0,0,0,"auto_start"
2308,0,30,30,38,0,0,0,0,0,"auto_start"
2309,0,30,30,38,0,0,0,0,0,"auto_start"
2310,0,30,30,38,0,0,0,0,0,"auto_start"
2312,2313,30,30,38,0,0,0,0,0,"auto_start"
2313,2314,30,30,38,0,0,0,0,0,""
2314,2315,30,30,38,0,0,0,0,0,""
2315,2316,30,30,38,0,0,0,0,0,""
2316,2317,30,30,38,0,0,0,0,0,""
2317,2318,30,30,38,0,0,0,0,0,""
2318,2319,30,30,38,0,0,0,0,0,""
2319,2321,30,30,38,0,0,0,0,0,""
2320,0,30,30,38,0,0,0,0,0,""
2321,2322,30,30,38,0,0,0,0,0,""
2322,2323,30,30,38,0,0,0,0,0,""
2323,2324,30,30,38,0,0,0,0,0,""
2324,0,30,30,38,0,0,0,0,0,""
2325,2326,30,30,38,0,0,0,0,0,""
2326,2327,30,30,38,0,0,0,0,0,""
2327,0,30,30,38,0,0,0,0,0,""
2328,2329,30,30,38,0,0,0,0,0,""
2329,0,30,30,38,0,0,0,0,0,""
2330,0,30,30,38,0,0,0,0,0,""
2331,0,30,30,38,0,0,0,0,0,""
2332,0,30,30,38,0,0,0,0,0,"auto_start"
2333,0,30,30,38,0,0,0,0,0,""
2334,0,30,30,38,0,0,0,0,0,""
2335,0,30,30,38,0,0,0,0,0,""
2336,0,30,30,39,0,0,0,0,0,""
2337,0,30,30,38,0,0,0,0,0,""
2338,0,30,30,38,0,0,0,0,0,""
2342,0,30,30,38,0,0,0,0,0,""
2400,0,10,10,19,0,0,0,0,0,""
2401,0,10,8,19,0,0,0,0,0,""
2402,0,10,10,19,0,0,0,0,0,""
2403,0,10,10,19,0,0,0,0,0,""
2404,0,10,10,19,0,0,0,0,0,""
2405,0,10,10,20,0,0,0,0,0,""
2406,0,10,10,20,0,0,0,0,0,""
2407,0,10,10,20,0,0,0,0,0,""
2408,0,10,10,20,0,0,0,0,0,""
2409,0,10,10,20,0,0,0,0,0,""
2410,0,10,12,20,0,0,0,0,0,""
2411,0,10,13,20,0,0,0,0,0,""
2412,0,10,13,20,0,0,0,0,0,""
2413,0,10,13,20,0,0,0,0,0,""
2414,0,10,13,20,0,0,0,0,0,""
2415,0,10,1,200,0,0,0,0,0,""
2416,0,10,1,200,0,0,0,0,0,""
2417,0,10,1,200,0,0,0,0,0,""
2418,0,10,1,200,0,0,0,0,0,""
2419,0,10,1,200,0,0,0,0,0,""
2420,0,10,1,200,0,0,0,0,0,""
2421,0,10,1,200,0,0,0,0,0,""
2422,0,10,1,20,0,0,0,0,0,""
2423,0,10,1,20,0,0,0,0,0,""
2424,0,10,1,20,0,0,0,0,0,""
2425,0,10,1,20,0,0,0,0,0,""
2426,0,10,1,20,0,0,0,0,0,""
2427,0,10,1,200,0,0,0,0,0,""
2428,0,10,1,200,0,0,0,0,0,""
2429,0,10,1,200,0,0,0,0,0,""
2430,0,10,1,200,0,0,0,0,0,""
2431,0,10,1,200,0,0,0,0,0,""
3000,3039,33,40,200,0,0,0,0,0,""
3001,3040,33,40,200,0,0,0,0,0,""
3002,3041,33,40,200,0,0,0,0,0,""
3003,0,33,40,200,0,0,0,0,0,""
3004,3005,33,55,200,0,0,0,0,0,""
3005,3006,33,55,200,0,0,0,0,0,""
3006,3007,33,55,200,0,0,0,0,0,""
3007,3008,33,55,200,0,0,0,0,0,""
3008,3009,33,55,200,0,0,0,0,0,""
3009,3010,33,55,200,0,0,0,0,0,""
3010,3011,33,55,200,0,0,0,0,0,""
3011,3012,33,55,200,0,0,0,0,0,""
3012,3013,33,55,200,0,0,0,0,0,""
3013,3014,33,55,200,0,0,0,0,0,""
3014,3015,33,55,200,0,0,0,0,0,""
3015,3016,33,55,200,0,0,0,0,0,""
3016,3017,33,55,200,0,0,0,0,0,""
3017,3018,33,55,200,0,0,0,0,0,""
3018,3019,33,55,200,0,0,0,0,0,""
3019,3020,33,55,200,0,0,0,0,0,""
3020,3021,33,55,200,0,0,0,0,0,""
3021,3022,33,55,200,0,0,0,0,0,""
3022,3023,33,55,200,0,0,0,0,0,""
3023,3024,33,55,200,0,0,0,0,0,""
3024,3025,33,55,200,0,0,0,0,0,""
3025,3026,33,55,200,0,0,0,0,0,""
3026,3027,33,55,200,0,0,0,0,0,""
3027,3028,33,55,200,0,0,0,0,0,""
3028,3029,33,55,200,0,0,0,0,0,""
3029,3030,33,55,200,0,0,0,0,0,""
3030,3031,33,55,200,0,0,0,0,0,""
3031,3032,33,55,200,0,0,0,0,0,""
3032,3033,33,55,200,0,0,0,0,0,""
3033,3034,33,55,200,0,0,0,0,0,""
3034,0,33,55,200,0,0,0,0,0,""
3035,0,33,60,200,0,0,0,0,0,""
3036,3037,33,65,200,0,0,0,0,0,""
3037,0,33,65,200,0,0,0,0,0,""
3038,0,33,20,200,0,0,1440,0,0,""
3039,3001,33,40,200,0,0,0,0,0,""
3040,3002,33,40,200,0,0,0,0,0,""
3041,3003,33,40,200,0,0,0,0,0,""
3042,3043,30,40,200,0,0,0,0,0,""
3043,0,33,1,200,0,0,0,0,0,""
3044,3045,33,40,200,0,0,0,0,0,""
3045,3047,33,1,200,0,0,0,0,0,""
3046,0,33,1,200,0,0,0,0,0,""
3047,0,33,1,200,0,0,0,0,0,""
3048,3050,33,1,200,0,0,0,0,0,""
3049,0,30,1,200,0,0,0,0,0,""
3050,0,33,1,200,0,0,0,0,0,""
3051,3052,33,60,200,0,0,0,0,0,""
3052,0,33,1,200,0,0,0,0,0,""
3053,0,33,30,200,0,0,0,0,0,""
3054,0,33,30,200,0,0,0,0,0,""
3055,0,33,30,200,0,0,0,0,0,""
3056,0,33,30,200,0,0,0,0,0,""
3057,0,33,30,200,0,0,0,0,0,""
3058,0,33,30,200,0,0,0,0,0,""
3059,0,33,30,200,0,0,0,0,0,""
3060,0,33,30,200,0,0,0,0,0,""
3061,0,33,30,200,0,0,0,0,0,""
3062,0,33,30,200,0,0,0,0,0,""
3063,0,33,20,200,0,0,0,0,0,""
3064,0,33,35,200,0,0,0,0,0,""
3065,0,33,35,200,0,0,0,0,0,""
3066,0,33,35,200,0,0,0,0,0,""
3067,0,33,40,200,0,0,0,0,0,""
3068,0,33,35,200,0,0,1440,0,0,""
3069,0,33,1,200,0,0,0,0,0,""
3070,3071,33,55,200,0,0,0,0,0,""
3071,0,33,1,200,0,0,0,0,0,""
3072,3073,33,35,200,0,0,0,0,0,""
3073,3074,33,35,200,0,0,0,0,0,""
3074,0,33,35,200,0,0,0,0,0,""
3075,3076,33,90,200,0,0,0,0,0,""
3076,3077,33,1,200,0,0,0,0,0,""
3077,0,33,1,200,0,0,0,0,0,""
3078,0,33,90,200,0,0,0,0,0,""
3079,0,33,1,200,0,0,60,0,0,""
3080,0,33,17,200,0,0,0,0,0,""
3081,0,33,1,200,0,0,0,0,0,""
3082,0,33,1,200,0,0,0,0,0,""
3083,0,33,30,200,0,0,0,0,0,""
3084,0,33,95,200,0,0,0,0,0,""
3085,0,33,1,200,0,0,0,0,0,""
3086,0,33,30,200,0,0,0,0,0,""
3087,0,33,30,200,0,0,0,0,0,""
3088,0,33,30,200,0,0,0,0,0,""
3089,0,33,30,200,0,0,0,0,0,""
3090,0,33,30,200,0,0,0,0,0,""
3091,0,33,30,200,0,0,0,0,0,""
3092,0,33,1,200,0,0,0,0,0,""
3093,0,33,1,200,0,0,0,0,0,""
3094,0,33,1,200,0,0,0,0,0,""
3095,0,33,30,200,0,0,0,0,0,""
3096,0,33,30,200,0,0,0,0,0,""
3097,0,33,51,70,0,0,0,0,0,""
3098,0,33,51,70,0,0,0,0,0,""
3099,0,33,51,70,0,0,0,0,0,""
3100,0,33,30,200,0,0,0,0,0,""
3101,0,33,42,200,0,0,0,0,0,""
3102,0,33,33,200,0,0,0,0,0,""
3103,0,33,1,200,0,0,0,0,0,""
3104,0,33,1,200,0,0,0,0,0,""
3105,3106,33,90,200,0,0,0,0,0,""
3106,0,33,1,200,0,0,0,0,0,""
3107,3109,33,1,200,0,0,0,0,0,""
3108,0,33,1,200,0,0,0,0,0,""
3109,0,33,1,200,0,0,0,0,0,""
3110,0,33,1,200,0,0,0,0,0,""
3111,0,33,83,200,0,0,0,0,0,""
3112,0,33,83,200,0,0,0,0,0,""
3113,0,33,83,200,0,0,0,0,0,""
3114,0,33,83,200,0,0,0,0,0,""
3115,0,33,10,200,0,0,0,0,0,""
3200,0,37,30,200,0,0,0,0,0,""
3201,0,37,30,200,0,0,0,0,0,""
3202,0,37,30,200,0,0,0,0,0,""
3203,0,37,35,200,0,0,0,0,0,""
3204,0,37,40,200,0,0,0,0,0,""
3205,0,37,20,200,0,0,1440,0,0,""
3206,0,37,20,200,0,0,0,0,0,""
3207,0,37,28,200,0,0,0,0,0,""
3208,0,37,28,200,0,0,0,0,0,""
3209,0,37,1,200,0,0,0,0,0,""
3210,3211,37,1,200,0,0,0,0,0,""
3211,3212,37,1,200,0,0,0,0,0,""
3212,3213,37,1,200,0,0,0,0,0,""
3213,3214,37,1,200,0,0,0,0,0,""
3214,3215,37,1,200,0,0,0,0,0,""
3215,3216,37,1,200,0,0,0,0,0,""
3216,3217,37,1,200,0,0,0,0,0,""
3217,3218,37,1,200,0,0,0,0,0,""
3218,3219,37,1,200,0,0,0,0,0,""
3219,3220,37,1,200,0,0,0,0,0,""
3220,0,37,1,200,0,0,0,0,0,""
3221,0,37,31,200,0,0,0,0,0,""
3222,0,37,31,200,0,0,0,0,0,""
3223,0,37,1,200,0,0,0,0,0,""
3224,0,37,35,200,0,0,0,0,0,""
3225,0,37,40,200,0,0,0,0,0,""
3226,3227,37,25,200,0,0,0,0,0,""
3227,3228,37,25,200,0,0,0,0,0,""
3228,0,37,25,200,0,0,0,0,0,""
3229,0,37,25,200,0,0,0,0,0,""
3230,0,37,25,200,0,0,0,0,0,""
3231,3232,37,33,200,0,0,0,0,0,""
3232,3233,37,33,200,0,0,0,0,0,""
3233,0,37,33,200,0,0,0,0,0,""
3234,0,37,34,200,0,0,0,0,0,""
3235,0,37,39,200,0,0,0,0,0,""
3236,0,37,36,200,0,0,0,0,0,""
3237,0,37,34,200,0,0,0,0,0,""
3238,0,37,40,200,0,0,0,0,0,""
3239,0,37,30,200,0,0,0,0,0,""
3240,0,37,1,200,0,0,0,0,0,""
3241,0,37,35,200,0,0,0,0,0,""
3242,3243,37,70,200,0,0,0,0,0,""
3243,0,37,1,200,0,0,0,0,0,""
3244,0,37,20,200,0,0,1440,0,0,""
3245,0,37,28,200,0,0,0,0,0,""
3246,0,50,10,200,0,0,0,0,0,""
3247,0,37,36,200,0,0,0,0,0,""
3248,0,37,59,200,0,0,0,0,0,""
3249,0,37,1,200,0,0,0,0,0,""
3250,0,37,1,200,0,0,0,0,0,""
3300,0,44,30,200,0,0,0,0,0,""
3301,0,44,30,200,0,0,0,0,0,""
3302,0,44,30,200,0,0,0,0,0,""
3303,0,44,30,200,0,0,0,0,0,""
3304,0,44,30,200,0,0,0,0,0,""
3305,0,44,30,200,0,0,4320,0,0,""
3306,0,44,30,200,0,0,4320,0,0,""
3307,0,44,35,200,0,0,0,0,0,"auto_start"
3308,0,44,52,200,0,0,0,0,0,"auto_start"
3309,0,44,52,200,0,0,0,0,0,"auto_start"
3310,0,44,70,200,0,0,0,0,0,"auto_start"
3311,0,44,70,200,0,0,0,0,0,""
3312,0,44,35,200,0,0,0,0,0,"auto_start"
3313,0,44,52,200,0,0,0,0,0,"auto_start"
3314,0,44,52,200,0,0,0,0,0,"auto_start"
3315,0,44,70,200,0,0,0,0,0,"auto_start"
3316,0,44,70,200,0,0,0,0,0,""
3317,0,44,70,200,0,0,0,0,0,""
3318,0,44,52,200,0,0,0,0,0,"auto_start"
3319,0,44,70,200,0,0,0,0,0,""
3320,0,44,70,200,0,0,0,0,0,""
3321,0,44,70,200,0,0,0,0,0,""
3322,0,44,70,200,0,0,0,0,0,""
3323,0,44,45,200,0,0,0,0,0,""
3324,0,44,45,200,0,0,0,0,0,""
3325,0,44,45,200,0,0,0,0,0,""
3326,0,44,52,200,0,0,0,0,0,""
3327,0,44,52,200,0,0,0,0,0,""
3328,0,44,52,200,0,0,0,0,0,""
3329,0,44,55,200,0,0,0,0,0,""
3330,0,44,60,200,0,0,0,0,0,""
3331,0,44,70,200,0,0,4320,0,0,""
3332,0,44,45,200,0,0,0,0,0,""
3333,0,44,45,200,0,0,0,0,0,""
3334,0,44,65,200,0,0,0,0,0,""
3335,0,44,65,200,0,0,0,0,0,""
3336,0,33,65,200,0,0,0,0,0,""
3337,0,44,29,200,0,0,0,0,0,""
3338,0,44,24,200,0,0,0,0,0,""
3339,0,44,75,200,0,0,0,0,0,""
3340,0,44,75,200,0,0,0,0,0,""
3341,0,44,75,200,0,0,0,0,0,""
3342,0,44,75,200,0,0,0,0,0,""
3343,0,44,75,200,0,0,0,0,0,""
3344,0,44,75,200,0,0,0,0,0,""
3345,0,44,75,200,0,0,0,0,0,""
3346,0,44,75,200,0,0,0,0,0,""
3347,0,44,75,200,0,0,0,0,0,""
3348,0,44,75,200,0,0,0,0,0,""
3349,0,44,75,200,0,0,0,0,0,""
3350,0,44,75,200,0,0,4320,0,0,""
3351,0,44,75,200,0,0,4320,0,0,""
3352,0,44,75,200,0,0,4320,0,0,""
3353,0,44,75,200,0,0,0,0,0,"auto_start"
3354,0,44,75,200,0,0,0,0,0,""
3355,0,44,75,200,0,0,0,0,0,""
3356,0,44,75,200,0,0,0,0,0,""
3357,0,44,75,200,0,0,0,0,0,""
3358,0,44,70,200,0,0,0,0,0,""
3359,0,44,70,200,0,0,0,0,0,""
3360,0,44,70,200,0,0,0,0,0,""
3361,0,44,70,85,0,0,0,0,0,""
3362,0,44,70,85,0,0,0,0,0,""
3363,0,44,70,85,0,0,0,0,0,""
3364,0,44,1,200,0,0,0,0,0,""
3365,0,44,70,200,0,0,0,0,0,""
3366,0,44,70,200,0,0,0,0,0,""
3367,0,44,70,200,0,0,0,0,0,""
3368,0,44,70,200,0,0,0,0,0,""
3369,0,44,70,200,0,0,0,0,0,""
3370,0,44,70,200,0,0,0,0,0,""
3371,0,44,70,200,0,0,0,0,0,""
3372,0,44,70,200,0,0,0,0,0,""
3373,0,44,70,200,0,0,0,0,0,""
3374,0,44,70,200,0,0,0,0,0,""
3375,0,44,70,200,0,0,0,0,0,""
3376,0,44,70,200,0,0,0,0,0,""
3377,0,44,70,200,0,0,0,0,0,""
3378,0,44,70,200,0,0,0,0,0,""
3379,0,44,70,200,0,0,0,0,0,""
3380,0,44,1,200,0,0,0,0,0,""
3381,0,44,10,200,0,0,0,0,0,""
3382,0,44,70,85,0,0,0,0,0,""
3383,0,44,50,200,0,0,0,0,0,""
3384,0,44,1,200,0,0,0,0,0,""
3385,0,44,1,200,0,0,0,0,0,""
3400,0,30,30,200,0,0,0,0,0,""
3401,3402,37,30,200,0,0,0,0,0,""
3402,3403,37,30,200,0,0,0,0,0,""
3403,3404,37,30,200,0,0,0,0,0,""
3404,0,37,30,200,0,0,0,0,0,""
3405,3406,37,30,200,0,0,0,0,0,""
3406,0,37,30,200,0,0,0,0,0,""
3407,0,37,30,200,0,0,0,0,0,""
3408,0,37,40,200,0,0,0,0,0,""
3409,0,37,35,200,0,0,0,0,0,""
3410,0,37,31,200,0,0,0,0,0,""
3411,0,37,47,200,0,0,0,0,0,""
3412,0,37,37,200,0,0,0,0,0,""
3413,0,37,43,200,0,0,0,0,0,""
3414,0,37,45,200,0,0,0,0,0,""
3415,0,37,38,200,0,0,0,0,0,""
3416,0,37,38,200,0,0,0,0,0,""
3417,3418,37,38,200,0,0,0,0,0,""
3418,0,37,38,200,0,0,0,0,0,""
3419,0,37,44,200,0,0,0,0,0,""
3420,0,37,44,200,0,0,0,0,0,""
3421,0,37,44,200,0,0,0,0,0,""
3422,0,37,50,200,0,0,0,0,0,""
3423,3424,37,50,200,0,0,0,0,0,""
3424,3425,37,50,200,0,0,0,0,0,""
3425,3426,37,50,200,0,0,0,0,0,""
3426,0,37,50,200,0,0,0,0,0,""
3427,3428,37,50,200,0,0,0,0,0,""
3428,3429,37,50,200,0,0,0,0,0,""
3429,0,37,50,200,0,0,0,0,0,""
3430,0,37,40,200,0,0,0,0,0,""
3431,0,37,40,200,0,0,0,0,0,""
3432,0,37,40,200,0,0,0,0,0,""
3433,0,37,40,200,0,0,0,0,0,""
3434,0,37,40,200,0,0,0,0,0,""
3435,0,37,41,200,0,0,0,0,0,""
3436,0,37,41,200,0,0,0,0,0,""
3437,0,37,41,200,0,0,0,0,0,""
3438,0,37,31,200,0,0,0,0,0,""
3439,0,37,31,200,0,0,0,0,0,""
3440,0,37,31,200,0,0,0,0,0,""
3441,0,37,30,200,0,0,0,0,0,""
3442,0,37,30,200,0,0,0,0,0,""
3443,0,37,30,200,0,0,0,0,0,""
3444,0,37,84,200,0,0,0,0,0,""
3445,0,37,62,200,0,0,0,0,0,""
3446,0,37,85,200,0,0,1440,0,0,""
3447,0,37,105,200,0,0,0,0,0,""
3448,0,37,60,200,0,0,0,0,0,""
3449,0,37,1,200,0,0,0,0,0,""
3450,0,37,1,200,0,0,0,0,0,""
3451,0,37,1,200,0,0,0,0,0,""
3452,0,37,35,200,0,0,0,0,0,""
3453,0,37,65,200,0,0,0,0,0,""
3454,0,37,1,200,0,0,0,0,0,""
3455,0,37,1,200,0,0,0,0,0,""
3456,0,37,1,200,0,0,0,0,0,""
3457,0,37,1,200,0,0,0,0,0,""
3458,0,37,40,200,0,0,0,0,1800,""
3500,0,46,90,200,0,0,0,0,0,"auto_start"
3501,0,46,91,200,0,0,0,0,0,""
3502,0,46,94,200,0,0,0,0,0,""
3503,0,46,98,200,0,0,0,0,0,""
3504,0,46,101,200,0,0,0,0,0,""
3505,0,46,103,200,0,0,0,0,0,""
3506,0,46,103,200,0,0,0,0,0,""
3507,0,46,103,200,0,0,0,0,0,""
3508,0,46,106,200,0,0,0,0,0,""
3509,0,46,109,200,0,0,0,0,0,""
3510,0,46,113,200,0,0,0,0,0,""
3511,0,46,116,200,0,0,0,0,0,""
3512,0,46,120,200,0,0,0,0,0,""
3513,0,46,120,200,0,0,0,0,0,""
3514,0,46,120,200,0,0,0,0,0,""
3515,0,46,121,200,0,0,0,0,0,""
3516,0,46,124,200,0,0,0,0,0,""
3517,0,46,128,200,0,0,0,0,0,""
3518,0,46,131,200,0,0,0,0,0,""
3519,0,46,135,200,0,0,0,0,0,""
3520,0,46,135,200,0,0,0,0,0,""
3521,0,46,135,200,0,0,0,0,0,""
3522,0,46,140,200,0,0,0,0,0,""
3523,0,46,1,200,0,0,0,0,0,""
3524,0,46,1,200,0,0,0,0,0,""
3525,0,46,1,200,0,0,0,0,0,""
3526,0,46,1,200,0,0,0,0,0,""
3527,0,46,1,200,0,0,0,0,0,""
3528,0,46,1,200,0,0,1440,0,0,""
3529,0,46,1,200,0,0,0,0,0,""
3530,0,46,120,200,0,0,0,0,0,""
3531,0,46,120,200,0,0,0,0,0,""
3532,0,46,120,200,0,0,0,0,0,""
3533,0,46,120,200,0,0,0,0,0,""
3534,0,46,120,200,0,0,0,0,0,""
3535,0,46,120,200,0,0,0,0,0,""
3536,0,46,120,200,0,0,0,0,0,""
3537,0,46,1,200,0,0,1440,0,0,""
3538,0,46,120,200,0,0,0,0,0,""
3539,0,46,1,200,0,0,0,0,0,""
3600,0,33,35,200,0,0,0,0,0,""
3601,0,37,37,200,0,0,0,0,0,""
3602,0,37,1,200,0,0,0,0,0,""
3603,0,37,1,200,0,0,0,0,0,""
3604,0,37,1,200,0,0,0,0,0,""
3605,0,37,1,200,0,0,0,0,0,""
3606,0,37,37,200,0,0,0,0,0,""
3607,0,37,37,200,0,0,0,0,0,""
3608,0,37,37,200,0,0,0,0,0,""
3609,0,37,1,200,0,0,0,0,0,""
3610,3611,37,60,200,0,0,0,0,0,""
3611,0,37,60,200,0,0,0,0,0,""
3612,0,37,37,200,0,0,120,0,0,""
3613,0,37,37,200,0,0,360,0,0,""
3614,0,37,37,200,0,0,1440,0,0,""
3615,0,37,37,200,0,0,0,0,0,""
3616,0,37,37,200,0,0,0,0,0,""
3617,0,37,37,200,0,0,0,0,0,""
3618,0,37,60,200,0,0,0,0,0,""
3619,0,37,37,200,0,0,0,0,0,""
3620,0,37,1,200,0,0,0,0,0,""
3621,0,37,1,200,0,0,0,0,0,""
3622,0,37,55,200,0,0,0,0,0,""
3623,0,37,1,200,0,0,0,0,0,""
3624,0,37,1,200,0,0,0,0,0,""
3625,0,37,1,200,0,0,0,0,0,""
3626,0,37,1,200,0,0,0,0,0,""
3627,0,37,1,200,0,0,0,0,0,""
3628,0,37,1,200,0,0,0,0,0,""
3629,0,37,37,200,0,0,0,0,0,""
3630,0,37,37,200,0,0,0,0,0,""
3631,0,37,1,200,0,0,0,0,0,""
3632,0,37,35,200,0,0,0,0,0,""
3633,0,37,35,200,0,0,0,0,0,""
3634,0,37,1,200,0,0,0,0,0,""
3635,0,37,57,200,0,0,0,0,0,""
3636,0,37,45,200,0,0,0,0,0,""
3637,0,37,45,200,0,0,0,0,0,""
3639,0,37,45,200,0,0,0,0,0,""
3640,0,37,1,200,0,0,0,0,0,""
3641,0,37,70,200,0,0,0,0,0,""
3642,0,37,70,200,0,0,0,0,0,""
3643,0,37,70,200,0,0,0,0,0,""
3644,0,37,70,200,0,0,0,0,0,""
3645,0,37,70,200,0,0,0,0,0,""
3646,0,37,70,200,0,0,0,0,0,""
3647,0,37,70,200,0,0,0,0,0,""
3648,0,37,43,200,0,0,0,0,0,""
3700,0,41,70,200,0,0,0,0,0,""
3701,0,41,75,200,0,0,0,0,0,""
3702,0,41,80,200,0,0,0,0,0,""
3703,0,41,78,200,0,0,0,0,0,""
3704,0,41,85,200,0,0,0,0,0,""
3705,0,41,80,200,0,0,0,0,0,""
3706,0,41,80,200,0,0,0,0,0,""
3707,0,41,80,200,0,0,0,0,0,""
3708,0,41,85,200,0,0,0,0,0,""
3709,0,41,85,200,0,0,0,0,0,""
3710,0,41,85,200,0,0,0,0,0,""
3711,0,41,100,200,0,0,0,0,0,""
3712,0,41,100,200,0,0,0,0,0,""
3713,0,50,10,200,0,0,0,0,0,""
3714,0,41,1,200,0,0,0,0,0,""
3715,3716,41,70,200,0,0,0,0,0,""
3716,3717,41,70,200,0,0,0,0,0,""
3717,3718,41,70,200,0,0,0,0,0,""
3718,0,41,70,200,0,0,0,0,0,""
3719,3720,41,70,200,0,0,0,0,0,""
3720,0,41,70,200,0,0,0,0,0,""
3721,0,41,71,200,0,0,0,0,0,""
3722,0,41,72,200,0,0,0,0,0,""
3723,0,41,72,200,0,0,0,0,0,""
3724,3725,41,73,200,0,0,0,0,0,""
3725,0,41,73,200,0,0,0,0,0,""
3726,0,41,73,200,0,0,0,0,0,""
3727,0,41,74,200,0,0,0,0,0,""
3728,0,41,75,200,0,0,0,0,0,""
3730,3731,41,77,200,0,0,0,0,0,""
3731,0,41,77,200,0,0,0,0,0,""
3732,0,41,77,200,0,0,0,0,0,""
3733,0,41,78,200,0,0,0,0,0,""
3734,0,41,79,200,0,0,0,0,0,""
3735,0,41,80,200,0,0,0,0,0,""
3736,3737,41,81,200,0,0,0,0,0,""
3737,0,41,81,200,0,0,0,0,0,""
3738,0,41,81,200,0,0,0,0,0,""
3739,0,41,82,200,0,0,0,0,0,""
3740,0,41,82,200,0,0,0,0,0,""
3742,3743,41,85,200,0,0,0,0,0,""
3743,0,41,85,200,0,0,0,0,0,""
3744,0,41,85,200,0,0,0,0,0,""
3748,3749,41,90,200,0,0,0,0,0,""
3749,0,41,90,200,0,0,0,0,0,""
3800,0,44,50,200,0,0,0,0,0,""
3801,0,44,50,200,0,0,0,0,0,""
3802,0,44,50,200,0,0,0,0,0,""
3803,0,44,55,200,0,0,0,0,0,""
3804,0,44,55,200,0,0,0,0,0,""
3805,0,44,60,200,0,0,0,0,0,""
3806,0,44,60,200,0,0,0,0,0,""
3807,0,44,50,200,0,0,0,0,0,""
3808,0,44,50,200,0,0,0,0,0,""
3809,0,44,55,200,0,0,0,0,0,""
3810,0,44,55,200,0,0,0,0,0,""
3811,0,44,55,200,0,0,0,0,0,""
3812,0,44,55,100,0,0,0,0,0,""
3813,0,44,55,100,0,0,0,0,0,""
3814,0,44,55,100,0,0,0,0,0,""
3815,0,44,55,200,0,0,0,0,0,""
3816,0,44,45,200,0,0,0,0,0,""
3817,0,44,1,200,0,0,0,0,0,""
3818,0,44,55,200,0,0,0,0,0,""
3819,0,44,1,200,0,0,0,0,0,""
3820,0,44,60,200,0,0,0,0,0,""
3821,0,44,55,200,0,0,0,0,0,""
3822,0,44,50,200,0,0,0,0,0,""
3823,0,44,1,200,0,0,0,0,0,""
3824,0,44,1,200,0,0,0,0,0,""
3825,0,44,1,200,0,0,0,0,0,""
3826,0,44,1,200,0,0,0,0,0,""
3827,0,44,70,200,0,0,0,0,0,""
3828,0,44,1,200,0,0,0,0,0,""
3829,0,44,55,100,0,0,0,0,0,""
3830,0,44,40,200,0,0,0,0,0,""
3831,0,44,60,200,0,0,0,0,0,""
3832,0,44,65,200,0,0,0,0,0,""
3833,0,44,56,200,0,0,0,0,0,""
3834,0,44,49,200,0,0,0,0,0,""
3835,0,44,71,200,0,0,0,0,0,""
3836,0,44,71,200,0,0,0,0,0,""
3837,0,44,71,200,0,0,0,0,0,""
3838,0,44,71,200,0,0,0,0,0,""
3839,0,44,71,200,0,0,0,0,0,""
3840,0,44,77,200,0,0,0,0,0,""
3841,0,44,77,200,0,0,0,0,0,"auto_start"
3842,0,44,77,200,0,0,0,0,0,""
3843,0,44,77,200,0,0,0,0,0,""
3844,0,49,77,200,0,0,0,0,0,""
3845,0,44,60,80,0,0,0,0,0,"auto_start"
3900,0,44,15,200,0,0,0,0,0,""
3901,0,44,10,200,0,0,0,0,0,""
3902,0,44,41,200,0,0,0,0,0,""
3903,0,44,23,200,0,0,0,0,0,""
3904,0,44,23,200,0,0,0,0,0,""
3905,0,44,23,200,0,0,0,0,0,""
3906,3907,44,28,200,0,0,0,0,0,""
3907,0,44,28,200,0,0,0,0,0,""
3908,0,44,28,200,0,0,0,0,0,""
3909,0,44,24,200,0,0,0,0,0,""
3910,3911,44,32,200,0,0,0,0,0,""
3911,0,44,32,200,0,0,0,0,0,""
3912,0,44,32,200,0,0,0,0,0,""
3913,0,44,36,200,0,0,0,0,0,""
3914,0,44,36,200,0,0,0,0,0,""
3915,0,44,36,200,0,0,0,0,0,""
3916,0,44,36,200,0,0,0,0,0,""
3917,0,44,32,200,0,0,0,0,0,""
3918,0,44,32,200,0,0,0,0,0,""
3919,0,44,32,200,0,0,0,0,0,""
3920,0,44,32,200,0,0,0,0,0,""
3921,0,44,27,200,0,0,0,0,0,""
3922,0,44,27,200,0,0,0,0,0,""
3923,0,44,27,200,0,0,0,0,0,""
3924,0,44,27,200,0,0,0,0,0,""
3925,0,44,27,200,0,0,0,0,0,""
3926,0,44,27,200,0,0,0,0,0,""
3927,0,44,29,200,0,0,0,0,0,""
3928,0,44,29,200,0,0,0,0,0,""
3929,0,44,29,200,0,0,0,0,0,""
3930,0,44,29,200,0,0,0,0,0,""
3931,0,44,29,200,0,0,0,0,0,""
3932,0,44,29,200,0,0,0,0,0,""
3933,0,44,29,200,0,0,0,0,0,""
3934,0,44,29,200,0,0,0,0,0,""
3935,0,44,29,200,0,0,0,0,0,""
3936,0,44,29,200,0,0,0,0,0,""
3937,0,44,29,200,0,0,0,0,0,""
3938,0,44,29,200,0,0,0,0,0,""
3939,0,44,29,200,0,0,0,0,0,""
3940,0,44,29,200,0,0,0,0,0,""
3941,0,44,29,200,0,0,0,0,0,""
3942,0,44,30,200,0,0,0,0,0,""
3943,0,44,30,200,0,0,0,0,0,""
3944,0,44,30,200,0,0,0,0,0,""
3945,0,44,30,200,0,0,0,0,0,""
3946,0,44,1,200,0,0,0,0,0,""
3947,0,44,30,200,0,0,0,0,0,""
3948,0,44,53,200,0,0,0,0,0,""
3949,0,44,48,200,0,0,0,0,0,""
3950,0,44,1,200,0,0,0,0,0,""
3951,0,37,53,200,0,0,0,0,1800,""
3952,0,44,38,200,0,0,0,0,0,""
3953,0,44,1,200,0,0,0,0,0,""
3954,0,44,1,200,0,0,0,0,0,"selected_mob"
3955,0,44,40,60,0,0,0,0,0,"auto_start"
4000,0,48,45,200,0,0,0,0,0,""
4001,0,48,45,200,0,0,0,0,0,""
4002,0,48,35,200,0,0,0,0,0,""
4003,0,48,35,200,0,0,0,0,0,""
4004,0,48,35,200,0,0,0,0,0,""
4005,0,48,45,200,0,0,0,0,0,""
4006,0,48,42,200,0,0,0,0,0,"selected_mob"
4007,0,48,42,200,0,0,0,0,0,""
4008,0,48,42,200,0,0,0,0,0,""
4009,0,48,42,200,0,0,0,0,0,""
4010,0,48,42,200,0,0,0,0,0,""
4011,0,48,80,200,0,0,0,0,0,""
4012,0,48,80,200,0,0,0,0,0,""
4013,0,48,80,200,0,0,0,0,0,""
4014,0,48,1,200,0,0,0,0,0,""
4100,0,48,45,200,0,0,0,0,0,""
4101,0,48,45,200,0,0,0,0,0,""
4102,0,48,45,200,0,0,0,0,0,""
4103,0,48,45,200,0,0,0,0,0,""
4104,0,48,30,200,0,0,0,0,0,""
4105,0,48,30,200,0,0,0,0,0,""
4106,0,48,30,200,0,0,0,0,0,""
4107,0,48,10,200,0,0,0,0,0,""
4108,0,48,10,200,0,0,0,0,0,""
4109,0,48,45,200,0,0,0,0,0,""
4200,0,48,25,200,0,0,0,0,0,""
4201,0,48,25,200,0,0,0,0,0,""
4202,0,48,25,200,0,0,0,0,0,""
4203,0,48,25,200,0,0,0,0,0,""
4204,0,48,25,200,0,0,0,0,0,""
4205,0,48,25,200,0,0,0,0,0,""
4206,0,48,25,200,0,0,0,0,0,""
4207,0,48,25,200,0,0,0,0,0,""
4208,0,48,10,200,0,0,0,0,0,""
4209,0,48,10,200,0,0,0,0,0,""
4210,0,48,55,200,0,0,0,0,0,""
4211,0,48,10,200,0,0,0,0,0,""
4212,0,48,10,200,0,0,0,0,0,""
4213,0,48,10,200,0,0,0,0,0,""
4214,0,48,10,200,0,0,0,0,0,""
4215,0,48,10,200,0,0,0,0,0,""
4216,0,48,10,200,0,0,0,0,0,""
4217,0,48,20,200,0,0,0,0,0,""
4218,0,48,20,200,0,0,0,0,0,""
4300,0,30,20,200,0,0,0,0,0,""
4301,0,30,25,200,0,0,0,0,0,""
4302,0,30,25,200,0,0,0,0,0,""
4303,0,30,25,200,0,0,0,0,0,""
4304,0,30,25,200,0,0,0,0,0,""
4305,0,30,40,200,0,0,0,0,0,""
4306,0,30,35,200,0,0,0,0,0,""
4307,0,30,55,200,0,0,0,0,0,""
4308,0,30,55,200,0,0,0,0,0,""
4309,0,30,85,200,0,0,1440,0,0,""
4437,0,50,1,200,0,0,0,0,0,""
4477,0,50,25,200,0,0,0,0,0,""
4478,0,50,25,200,0,0,180,0,0,""
4479,0,50,25,200,0,0,0,0,0,""
4480,4481,50,25,200,0,0,0,0,0,""
4481,0,50,25,200,0,0,0,0,0,""
4482,0,50,25,200,0,0,0,0,0,""
4483,0,50,25,200,0,0,0,0,0,""
4484,4485,50,25,200,0,0,0,0,0,"selected_mob"
4485,0,50,25,200,0,0,0,0,0,""
4486,4487,50,25,200,0,0,0,0,0,""
4487,0,50,25,200,0,0,0,0,0,""
4488,4489,50,1,200,0,0,0,0,0,""
4489,0,50,25,200,0,0,0,0,0,""
4490,0,50,25,200,0,0,0,0,0,""
4503,0,48,15,200,0,0,0,0,0,""
4504,0,48,25,200,0,0,0,0,0,""
4505,0,48,30,200,0,0,0,0,0,""
4506,0,48,45,200,0,0,0,0,0,""
4507,0,48,25,200,0,0,0,0,0,""
4508,0,48,25,200,0,0,0,0,0,""
4509,0,48,25,200,0,0,0,0,0,""
4510,0,48,58,200,0,0,0,0,0,""
4511,0,48,63,200,0,0,0,0,0,""
4512,0,48,1,200,0,0,0,0,0,""
4513,0,48,1,200,0,0,0,0,0,""
4522,0,48,1,200,0,0,0,0,0,""
4523,0,48,1,200,0,0,0,0,0,""
4541,0,49,50,200,0,0,0,0,0,""
4542,0,49,50,200,0,0,0,0,0,""
4543,0,49,50,200,0,0,0,0,0,""
4544,0,49,50,200,0,0,0,0,0,""
4545,0,49,57,200,0,0,0,0,0,""
4546,0,49,57,200,0,0,0,0,0,""
4547,0,49,57,200,0,0,0,0,0,""
4548,0,49,57,200,0,0,0,0,0,""
4549,0,49,60,200,0,0,0,0,0,""
4550,0,49,60,200,0,0,0,0,0,""
4551,0,49,60,200,0,0,0,0,0,""
4552,0,49,60,200,0,0,0,0,0,""
4553,0,49,70,200,0,0,0,0,0,""
4554,0,49,70,200,0,0,0,0,0,""
4555,0,49,70,200,0,0,0,0,0,""
4556,0,49,85,200,0,0,0,0,0,""
4557,0,49,85,200,0,0,0,0,0,""
4558,0,49,85,200,0,0,0,0,0,""
4559,0,49,85,200,0,0,0,0,0,""
4560,0,49,85,200,0,0,0,0,0,""
4576,0,49,90,200,0,0,60,0,0,""
4646,4647,30,1,200,0,0,0,0,0,""
4647,0,30,1,200,0,0,0,0,0,""
4659,0,50,1,200,1642,0,0,0,0,""
4660,0,50,1,200,0,0,0,0,0,""
4661,0,50,1,200,0,0,0,0,0,""
4675,0,50,1,200,0,0,1440,0,0,""
4676,0,50,1,200,0,0,0,0,0,""
4900,4901,45,255,200,0,0,0,0,0,""
4901,4902,45,1,200,0,0,0,0,0,""
4902,4903,45,1,200,0,0,0,0,0,""
4903,4904,45,1,200,0,0,0,0,0,""
4904,4905,45,1,200,0,0,0,0,0,""
4905,4906,45,1,200,0,0,0,0,0,""
4906,4907,45,1,200,0,0,0,0,0,""
4907,4908,45,1,200,0,0,0,0,0,""
4908,4909,45,1,200,0,0,0,0,0,""
4909,4910,45,1,200,0,0,0,0,0,""
4910,4911,45,1,200,0,0,0,0,0,""
4911,4923,45,1,200,0,0,0,0,0,""
4912,0,45,80,200,0,0,0,0,0,""
4913,0,45,36,200,0,0,0,0,0,""
4914,0,45,38,200,0,0,0,0,0,""
4915,0,45,44,200,0,0,0,0,0,""
4916,0,45,40,200,0,0,0,0,0,""
4917,0,45,40,200,0,0,0,0,0,""
4918,0,45,50,200,0,0,0,0,0,""
4919,0,45,50,200,0,0,0,0,0,""
4920,0,45,50,200,0,0,0,0,0,""
4921,0,45,80,200,0,0,4320,0,0,""
4922,0,45,50,200,0,0,0,0,0,""
4923,0,45,1,200,0,0,0,0,0,""
4924,0,50,10,200,0,0,0,0,0,""
4925,0,50,1,200,0,0,0,0,0,""
4926,0,30,1,200,0,0,0,0,0,""
4927,0,30,1,200,0,0,0,0,0,""
4928,0,30,35,200,0,0,0,0,0,""
4929,0,30,35,200,0,0,0,0,0,""
4930,0,30,35,200,0,0,0,0,0,""
4931,0,30,35,200,0,0,0,0,0,""
4932,0,30,35,200,0,0,0,0,0,""
4933,0,30,35,200,0,0,0,0,0,""
4934,0,30,35,200,0,0,0,0,0,""
4935,0,30,35,200,0,0,0,0,0,""
4936,0,30,35,200,0,0,0,0,0,""
4937,0,30,35,200,0,0,0,0,0,""
4938,0,30,35,200,0,0,0,0,0,""
4939,0,30,35,200,0,0,0,0,0,""
4940,0,30,35,200,0,0,0,0,0,""
4941,0,50,15,200,0,0,0,0,0,""
4942,0,50,15,200,0,0,0,0,0,""
4943,0,50,15,200,0,0,0,0,0,""
4944,0,50,15,200,0,0,0,0,0,""
4945,0,50,15,200,0,0,0,0,0,""
4946,0,50,15,200,0,0,0,0,0,""
4947,0,50,15,200,0,0,0,0,0,""
4948,0,50,15,200,0,0,0,0,0,""
4949,0,50,15,200,0,0,0,0,0,""
4950,0,50,15,200,0,0,0,0,0,""
4951,4959,50,15,200,0,0,0,0,0,""
4952,0,50,15,200,0,0,0,0,0,""
4953,0,50,15,200,0,0,0,0,0,""
4954,0,50,15,200,0,0,0,0,0,""
4955,0,50,15,200,0,0,0,0,0,""
4956,0,50,15,200,0,0,0,0,0,""
4957,0,50,15,200,0,0,0,0,0,""
4958,0,50,1,200,0,0,0,0,0,""
4959,0,50,15,200,0,0,0,0,0,""
4962,0,45,25,200,0,0,0,0,0,""
4963,0,50,20,200,0,0,1440,0,0,""
4964,0,50,20,200,0,0,0,0,0,""
4965,0,50,20,200,0,0,0,0,0,""
4966,0,50,20,200,0,0,0,0,0,""
4967,0,50,20,200,0,0,0,0,0,""
4968,0,50,20,200,0,0,0,0,0,""
4969,0,50,20,200,0,0,0,0,0,""
4970,0,50,20,200,0,0,0,0,0,""
4971,0,50,20,200,0,0,0,0,0,""
4972,0,50,20,200,0,0,0,0,0,""
4973,0,50,20,200,0,0,0,0,0,""
4974,0,50,20,200,0,0,0,0,0,""
4975,0,50,20,200,0,0,0,0,0,""
4976,0,50,20,200,0,0,0,0,0,""
4977,0,50,20,200,0,0,0,0,0,""
4978,0,50,20,200,0,0,0,0,0,""
4979,0,50,20,200,0,0,0,0,0,""
4980,0,50,20,200,0,0,0,0,0,""
4981,0,50,20,200,0,0,0,0,0,""
4982,0,50,20,200,0,0,0,0,0,""
4983,0,50,20,200,0,0,0,0,0,""
4984,0,50,20,200,0,0,0,0,0,""
4985,0,50,20,200,0,0,0,0,0,""
4986,0,50,20,200,0,0,0,0,0,""
4987,0,50,20,200,0,0,0,0,0,""
4988,0,50,20,200,0,0,0,0,0,""
4989,0,50,20,200,0,0,0,0,0,""
4990,0,50,20,200,0,0,0,0,0,""
4991,0,50,20,200,0,0,0,0,0,""
4992,0,50,20,200,0,0,0,0,0,""
4993,0,50,20,200,0,0,0,0,0,""
4994,0,50,10,200,0,0,0,0,0,""
4995,0,50,10,200,0,0,0,0,0,""
4996,0,50,10,200,0,0,0,0,0,""
4997,0,50,10,200,0,0,0,0,0,""
4998,0,50,10,200,0,0,0,0,0,""
4999,0,50,10,200,0,0,0,0,0,""
5009,0,50,1,200,0,0,5,0,0,""
5010,0,50,1,200,0,0,5,0,0,""
5011,0,50,1,200,0,0,5,0,0,""
5012,0,50,1,200,0,0,5,0,0,""
5069,0,50,70,200,0,0,1440,0,0,""
6000,0,30,13,200,0,0,0,0,0,""
6002,0,10,70,200,0,0,0,0,0,""
6003,0,10,1,200,0,0,0,0,0,""
6004,0,10,1,200,0,0,0,0,0,""
6005,0,10,1,200,0,0,0,0,0,""
6006,0,10,1,200,0,3,0,0,0,""
6007,0,10,1,200,0,0,0,0,0,""
6008,0,10,200,200,0,0,0,0,0,""
6009,0,10,200,200,0,0,0,0,0,""
6010,0,10,200,200,0,0,0,0,0,""
6011,0,10,200,200,0,0,0,0,0,""
6012,0,30,120,200,0,0,0,0,0,"auto_start,selected_mob"
6013,0,10,200,200,0,0,0,0,0,""
6014,0,10,45,200,0,0,0,0,0,"auto_start"
6015,0,10,45,200,0,0,0,0,0,""
6016,0,10,50,200,0,0,0,0,0,""
6017,0,10,55,200,0,0,0,0,0,""
6018,0,10,60,200,0,0,0,0,0,""
6019,0,10,65,200,0,0,0,0,0,""
6020,0,10,70,200,0,0,0,0,0,""
6021,0,10,75,200,0,0,0,0,0,""
6022,0,10,80,200,0,0,0,0,0,""
6023,0,10,85,200,0,0,0,0,0,""
6024,0,10,90,200,0,0,0,0,0,""
6025,0,10,95,200,0,0,0,0,0,""
6026,0,10,100,200,0,0,0,0,0,""
6027,0,10,105,200,0,0,0,0,0,""
6028,0,10,105,200,0,0,0,0,0,""
6029,0,10,45,200,0,0,0,0,0,""
6030,0,10,45,200,0,0,0,0,0,""
6031,0,10,45,200,0,0,0,0,0,""
6032,0,10,45,200,0,0,0,0,0,""
6033,0,10,75,200,0,0,0,0,0,""
6034,6035,10,105,200,0,0,0,0,0,""
6035,6036,10,105,200,0,0,0,0,0,""
6036,0,10,105,200,0,0,0,0,0,""
6100,0,10,1,200,0,0,0,0,0,""
6101,0,10,1,200,0,0,0,0,0,""
6102,0,10,1,200,0,0,0,0,0,""
6103,0,10,1,200,0,0,0,0,0,""
6104,0,10,1,200,0,0,0,0,0,""
6105,0,10,1,200,0,0,0,0,0,""
6106,0,10,1,200,0,0,0,0,0,""
6107,0,10,1,200,0,0,0,0,0,""
6108,0,10,1,200,0,0,0,0,0,""
6110,0,10,1,200,0,0,0,0,0,""
6120,0,10,1,200,0,0,0,0,0,""
6121,0,10,1,200,0,0,0,0,0,""
6122,0,10,1,200,0,0,0,0,0,""
6123,0,10,1,200,0,0,0,0,0,""
6124,0,10,1,200,0,0,0,0,0,""
6130,0,10,1,200,0,0,0,0,0,""
6131,0,10,1,200,0,0,0,0,0,""
6132,0,10,1,200,0,0,0,0,0,""
6133,0,10,1,200,0,0,0,0,0,""
6134,0,10,1,200,0,0,0,0,0,""
6140,0,10,1,200,0,0,0,0,0,""
6141,0,10,1,200,0,0,0,0,0,""
6150,0,10,1,200,0,0,0,0,0,""
6151,0,10,1,200,0,0,0,0,0,""
6152,0,10,1,200,0,0,0,0,0,""
6153,0,10,1,200,0,0,0,0,0,""
6160,0,10,1,200,0,0,0,0,0,""
6161,0,10,1,200,0,0,0,0,0,""
6162,0,10,1,200,0,0,0,0,0,""
6163,0,10,1,200,0,0,0,0,0,""
6164,0,10,1,200,0,0,0,0,0,""
6165,0,10,1,200,0,0,0,0,0,""
6166,0,10,1,200,0,0,0,0,0,""
6167,0,10,1,200,0,0,0,0,0,""
6168,0,10,1,200,0,0,0,0,0,""
6169,0,10,1,200,0,0,0,0,0,""
6180,0,10,1,200,0,0,0,0,0,""
6190,0,10,1,200,0,0,0,0,0,""
6191,0,10,1,200,0,0,0,0,0,""
6192,0,10,1,200,0,0,0,0,0,""
6200,0,10,1,200,0,0,0,0,0,""
6201,0,10,1,200,0,0,0,0,0,""
6202,0,10,1,200,0,0,0,0,0,""
6210,0,10,1,200,0,0,0,0,0,""
6211,0,10,1,200,0,0,0,0,0,""
6212,0,10,1,200,0,0,0,0,0,""
6220,0,10,1,200,0,0,0,0,0,""
6221,0,10,1,200,0,0,0,0,0,""
6222,0,10,1,200,0,0,0,0,0,""
6223,0,10,1,200,0,0,0,0,0,""
6224,0,10,1,200,0,0,0,0,0,""
6225,0,10,1,200,0,0,0,0,0,""
6226,0,10,1,200,0,0,0,0,0,""
6230,0,10,1,200,0,0,0,0,0,""
6231,0,10,1,200,0,0,0,0,0,""
6240,0,10,1,200,0,0,0,0,0,""
6241,0,10,1,200,0,0,0,0,0,""
6242,0,10,1,200,0,0,0,0,0,""
6243,0,10,1,200,0,0,0,0,0,""
6250,0,10,1,200,0,0,0,0,0,""
6251,0,10,1,200,0,0,0,0,0,""
6260,0,10,120,200,0,0,0,0,0,""
6261,0,10,120,200,0,0,0,0,0,""
6262,0,10,120,200,0,0,0,0,0,""
6263,0,10,120,200,0,0,0,0,0,""
6270,0,10,120,200,0,0,0,0,0,""
6271,0,10,120,200,0,0,0,0,0,""
6272,0,10,120,200,0,0,0,0,0,""
6273,0,10,1,200,0,0,0,0,0,""
6280,0,10,1,200,0,0,0,0,0,""
6281,0,10,1,200,0,0,0,0,0,""
6290,0,10,1,200,0,0,0,0,0,""
6291,0,10,1,200,0,0,0,0,0,""
6292,0,10,1,200,0,0,0,0,0,""
6293,0,10,1,200,0,0,0,0,0,""
6294,0,10,1,200,0,0,0,0,0,""
6295,0,10,1,200,0,0,0,0,0,""
6296,0,10,1,200,0,0,0,0,0,""
6297,0,10,1,200,0,0,0,0,0,""
6300,0,10,1,200,0,0,0,0,0,""
6301,0,10,1,200,0,0,0,0,0,""
6302,0,10,1,200,0,0,0,0,0,""
6303,0,10,1,200,0,0,0,0,0,""
6304,0,10,1,200,0,0,0,0,0,""
6310,0,10,1,200,0,0,0,0,0,""
6311,0,10,1,200,0,0,0,0,0,""
6312,0,10,1,200,0,0,0,0,0,""
6313,0,10,1,200,0,0,0,0,0,""
6314,0,10,1,200,0,0,0,0,0,""
6315,0,10,1,200,0,0,0,0,0,""
6316,0,10,1,200,0,0,0,0,0,""
6320,0,10,1,200,0,0,0,0,0,""
6321,0,10,1,200,0,0,0,0,0,""
6322,0,10,1,200,0,0,0,0,0,""
6323,0,10,1,200,0,0,0,0,0,""
6324,0,10,1,200,0,0,0,0,0,""
6325,0,10,1,200,0,0,0,0,0,""
6330,0,10,120,200,0,0,0,0,0,""
6340,0,10,120,200,0,0,0,0,0,""
6350,0,10,120,200,0,0,0,0,0,""
6360,0,10,120,200,0,0,0,0,0,""
6361,0,10,120,200,0,0,0,0,0,""
6362,0,10,120,200,0,0,0,0,0,""
6363,0,10,120,200,0,0,0,0,0,""
6370,0,10,120,200,0,0,0,0,0,""
6380,0,10,120,200,0,0,0,0,0,""
6390,0,10,120,200,0,0,0,0,0,""
6400,0,10,120,200,0,0,0,0,0,""
6410,0,10,120,200,0,0,0,0,0,""
6700,0,10,10,30,0,0,0,0,0,"auto_start"
6800,0,10,200,200,0,0,0,0,0,""
6900,0,10,120,200,0,0,0,0,0,""
6901,0,10,120,200,0,0,0,0,0,""
6902,0,10,120,200,0,0,0,0,0,""
6903,0,10,120,200,0,0,0,0,0,""
6904,0,10,120,200,0,0,0,0,0,""
6905,0,10,120,200,0,0,0,0,0,""
6910,0,10,120,200,0,0,0,0,0,""
6911,0,10,120,200,0,0,0,0,0,""
6912,0,10,120,200,0,0,0,0,0,""
6913,0,10,120,200,0,0,0,0,0,""
6914,0,10,120,200,0,0,0,0,0,""
6915,0,10,120,200,0,0,0,0,0,""
6920,0,10,120,200,0,0,0,0,0,""
6921,0,10,120,200,0,0,0,0,0,""
6922,0,10,120,200,0,0,0,0,0,""
6923,0,10,120,200,0,0,0,0,0,""
6924,0,10,120,200,0,0,0,0,0,""
6925,0,10,120,200,0,0,0,0,0,""
6930,0,10,120,200,0,0,0,0,0,""
6931,0,10,120,200,0,0,0,0,0,""
6932,0,10,120,200,0,0,0,0,0,""
6933,0,10,120,200,0,0,0,0,0,""
6934,0,10,120,200,0,0,0,0,0,""
6935,0,10,120,200,0,0,0,0,0,""
6940,0,10,120,200,0,0,0,0,0,""
6941,0,10,120,200,0,0,0,0,0,""
6942,0,10,120,200,0,0,0,0,0,""
6943,0,10,120,200,0,0,0,0,0,""
6944,0,10,120,200,0,0,0,0,0,""
6945,0,10,120,200,0,0,0,0,0,""
7100,7101,37,60,200,0,0,0,0,0,""
7101,0,37,1,200,0,0,0,0,0,""
7102,0,37,1,200,0,0,0,0,0,""
7103,0,37,80,200,0,0,0,0,0,""
7104,0,37,1,200,0,0,0,0,0,""
7105,0,37,1,200,0,0,1440,0,0,""
7106,0,37,1,200,0,0,4320,0,0,""
7107,0,37,1,200,0,0,0,0,0,""
7109,0,37,1,200,0,0,1440,0,0,""
7300,0,41,80,200,0,0,0,0,0,""
7301,0,41,1,200,0,0,0,0,0,""
7302,0,41,1,200,0,0,0,0,0,""
7303,0,41,80,200,0,0,60,0,0,""
8000,0,20,1,200,0,0,0,0,0,""
8002,8003,48,45,200,0,0,0,0,0,""
8003,8004,48,45,200,0,0,0,0,0,""
8004,0,48,45,200,0,0,0,0,0,""
8005,0,48,1,200,0,0,0,0,0,""
8007,8018,48,40,200,0,0,0,0,0,""
8008,8009,48,40,200,0,0,0,0,0,""
8009,8019,30,1,200,0,0,0,0,0,""
8010,8012,30,1,200,0,0,0,0,0,""
8012,0,30,1,200,0,0,0,0,0,""
8013,0,30,201,200,0,0,0,0,0,""
8018,8008,30,1,200,0,0,0,0,0,""
8019,8010,30,1,200,0,0,0,0,0,""
8020,8021,20,1,200,0,0,0,0,0,""
8021,8022,20,1,200,0,0,0,0,0,""
8022,8023,20,1,200,0,0,0,0,0,""
8023,8024,20,1,200,0,0,0,0,0,""
8024,8025,20,1,200,0,0,0,0,0,""
8025,0,20,1,200,0,0,0,0,0,""
8027,0,48,25,200,0,0,0,0,0,""
8028,0,48,85,200,0,0,0,0,0,""
8029,0,48,40,200,0,0,0,0,0,""
8030,0,48,1,40,0,0,0,0,0,""
8031,0,20,1,200,0,0,0,0,0,""
8032,0,48,35,200,0,0,0,0,0,""
8033,0,48,85,200,0,0,0,0,0,""
8034,8035,30,40,200,0,0,0,0,0,""
8035,8036,30,40,200,0,0,0,0,0,""
8036,0,30,40,200,0,0,0,0,0,""
8037,8038,30,40,200,0,0,0,0,0,""
8038,8039,30,40,200,0,0,0,0,0,""
8039,0,30,40,200,0,0,0,0,0,""
8040,0,30,50,200,0,0,0,0,0,""
8041,8042,33,80,200,0,0,0,0,0,""
8042,0,48,80,200,0,0,0,0,0,""
8043,0,10,80,200,0,0,0,0,0,""
8047,0,48,35,200,0,0,0,0,0,""
8048,0,30,15,200,0,0,0,0,0,""
8049,0,48,35,200,0,0,0,0,0,""
8050,0,30,35,200,0,0,0,0,0,""
8051,0,30,85,200,0,0,0,0,0,""
8052,0,48,75,200,0,0,0,0,0,""
8053,8054,30,1,1,0,0,0,1000,0,""
8054,8055,30,1,200,0,0,0,0,0,""
8055,8056,40,1,200,0,0,0,0,0,""
8056,8057,40,1,200,0,0,0,0,0,""
8057,8058,40,1,200,0,0,0,0,0,""
8058,8059,40,1,200,0,0,0,0,0,""
8059,0,30,1,200,0,0,0,0,0,""
8060,0,48,30,200,0,0,0,0,0,""
8061,8062,30,55,200,0,0,0,0,0,""
8062,0,30,55,200,0,0,0,0,0,""
8064,0,48,70,200,0,0,0,0,0,""
8065,8066,30,90,200,0,0,0,0,0,""
8066,8067,30,90,200,0,0,0,0,0,""
8067,8068,48,90,200,0,0,0,0,0,""
8068,0,48,90,200,0,0,0,0,0,""
8069,8070,48,35,200,0,0,0,0,0,""
8070,0,48,35,200,0,0,0,0,0,""
8072,8073,48,69,200,0,0,0,0,0,""
8073,8074,30,69,200,0,0,0,0,0,""
8074,0,30,69,200,0,0,0,0,0,""
8075,0,30,85,200,0,0,0,0,0,""
8076,0,48,85,200,0,0,0,0,0,""
8077,0,48,85,200,0,0,0,0,0,""
8078,0,48,85,200,0,0,0,0,0,""
8079,0,48,50,200,0,0,0,0,0,""
8080,8081,48,50,200,0,0,0,0,0,""
8081,0,48,50,200,0,0,0,0,0,""
8082,0,48,50,200,0,0,0,0,0,""
8083,0,37,50,200,0,0,0,0,0,""
8084,0,30,18,200,0,0,0,0,0,""
8142,0,20,1,200,0,0,0,0,0,""
8184,0,50,1,200,1642,0,0,0,0,""
8185,0,50,1,200,1642,0,0,0,0,""
8189,0,50,1,200,1642,0,0,0,0,""
8206,0,50,8,200,0,0,60,0,0,""
8207,0,50,8,200,0,0,0,0,0,""
8213,0,45,1,200,0,0,0,0,0,""
8218,0,50,8,200,0,0,0,0,0,""
8219,0,45,50,200,0,0,0,0,0,""
8220,0,45,1,200,0,0,0,0,0,""
8221,0,45,70,200,0,0,0,0,0,""
8222,0,45,70,200,0,0,0,0,0,""
8223,0,45,70,200,0,0,0,0,0,""
8224,0,45,40,200,0,0,0,0,0,""
8225,0,45,70,200,0,0,0,0,0,""
8226,0,45,80,200,0,0,0,0,0,""
8227,0,45,70,200,0,0,0,0,0,""
8228,0,45,1,200,0,0,0,0,0,""
8229,0,45,1,200,0,0,0,0,0,""
8230,0,45,70,200,0,0,0,0,0,""
8231,0,45,40,200,0,0,0,0,0,""
8232,0,45,40,200,0,0,2880,0,0,""
8233,0,45,70,200,0,0,0,0,0,""
8234,0,45,70,200,0,0,2880,0,0,""
8235,0,45,75,200,0,0,0,0,0,""
8236,0,45,75,200,0,0,2880,0,0,""
8237,0,45,80,200,0,0,0,0,0,""
8238,0,45,80,200,0,0,2880,0,0,""
8239,0,45,80,200,0,0,0,0,0,""
8245,0,50,10,200,0,0,0,0,0,""
8246,0,50,10,200,0,0,0,0,0,""
8247,0,50,1,200,0,0,0,0,0,""
8248,0,50,1,200,0,0,0,0,0,"auto_start"
8249,0,50,1,200,0,0,0,0,0,"auto_start"
8251,0,50,10,200,0,0,0,0,0,""
8254,0,50,1,200,0,0,0,0,0,"auto_start"
8255,0,50,30,200,0,0,0,0,0,""
8256,0,50,30,200,0,0,0,0,0,""
8257,0,50,20,200,0,0,1440,0,0,""
8258,0,50,20,200,0,0,0,0,0,""
8259,0,50,20,200,0,0,0,0,0,""
8260,0,50,20,200,0,0,0,0,0,""
8261,0,50,20,200,0,0,0,0,0,""
8262,0,50,20,200,0,0,0,0,0,""
8263,0,50,20,200,0,0,0,0,0,""
8264,0,50,20,200,0,0,0,0,0,""
8265,0,50,20,200,0,0,0,0,0,""
8266,0,50,20,200,0,0,0,0,0,""
8267,0,50,20,200,0,0,0,0,0,""
8268,0,50,20,200,0,0,0,0,0,""
8269,0,50,20,200,0,0,0,0,0,""
8270,0,50,20,200,0,0,0,0,0,""
8271,0,50,20,200,0,0,0,0,0,""
8272,0,50,20,200,0,0,0,0,0,""
8273,0,50,20,200,0,0,0,0,0,""
8274,0,50,20,200,0,0,0,0,0,""
8275,0,50,20,200,0,0,0,0,0,""
8276,0,50,20,200,0,0,0,0,0,""
8277,0,50,20,200,0,0,0,0,0,""
8278,0,50,20,200,0,0,0,0,0,""
8279,0,50,20,200,0,0,0,0,0,""
8280,0,50,20,200,0,0,0,0,0,""
8281,0,50,20,200,0,0,0,0,0,""
8282,0,50,20,200,0,0,0,0,0,""
8283,0,50,20,200,0,0,0,0,0,""
8284,0,50,20,200,0,0,0,0,0,""
8285,0,50,20,200,0,0,0,0,0,""
8286,0,50,20,200,0,0,0,0,0,""
8287,0,50,20,200,0,0,0,0,0,""
8289,0,50,10,200,0,0,0,0,0,""
8290,0,50,10,200,0,0,0,0,0,""
8291,0,50,10,200,0,0,0,0,0,""
8292,0,50,10,200,0,0,0,0,0,""
8293,0,50,10,200,0,0,0,0,0,""
8295,0,30,23,200,0,0,0,0,0,""
8297,0,50,10,200,0,0,0,0,0,"auto_start"
8298,0,50,10,200,0,0,0,0,0,""
8299,0,50,10,200,0,0,0,0,0,""
8569,0,50,1,200,0,0,120,0,0,"auto_start"
8570,0,50,1,200,0,0,120,0,0,""
8700,0,30,8,200,0,0,1440,0,0,""
8701,0,30,8,29,0,0,1440,0,0,""
8713,0,30,30,200,0,0,1440,0,0,""
8800,0,30,1,30,0,0,0,0,0,""
8801,0,30,1,200,0,0,1440,0,0,""
8802,0,30,31,200,0,0,0,0,0,""
8804,0,30,1,200,0,0,11520,0,0,""
8805,0,30,1,200,0,0,11520,0,0,""
8806,0,30,1,200,0,0,72000,0,0,""
8821,0,30,15,29,0,0,0,0,0,""
8822,0,30,30,200,0,0,0,0,0,""
8823,0,50,15,200,0,0,0,0,0,""
8829,0,30,23,200,0,0,0,0,0,""
8830,0,30,1,200,0,0,1440,0,0,""
8832,0,30,1,200,0,0,0,0,0,""
8833,0,30,1,200,0,0,0,0,0,""
8834,0,30,1,200,0,0,0,0,0,""
8843,0,30,1,200,0,0,0,0,0,""
8848,0,30,35,200,0,0,0,0,0,""
8849,0,30,37,200,0,0,0,0,0,""
8850,0,30,35,200,0,0,1440,0,0,""
8851,0,30,35,200,0,0,1440,0,0,""
8852,0,30,35,200,0,0,1440,0,0,""
8853,0,30,35,200,0,0,1440,0,0,""
8854,0,30,35,200,0,0,1440,0,0,""
8855,0,30,35,200,0,0,1440,0,0,""
8856,0,30,35,200,0,0,1440,0,0,""
8857,0,30,35,200,0,0,1440,0,0,""
8858,0,30,35,200,0,0,1440,0,0,""
8859,0,30,35,200,0,0,1440,0,0,""
8860,0,30,13,200,0,0,0,0,0,""
8862,0,30,255,200,0,0,0,0,0,""
8863,0,30,20,200,0,0,0,0,0,""
8864,0,30,20,200,0,0,0,0,0,""
8865,0,30,20,200,0,0,0,0,0,""
8866,0,30,20,200,0,0,0,0,0,""
8867,0,30,35,200,0,0,0,0,0,""
8868,0,30,35,200,0,0,0,0,0,""
8869,0,30,1,200,0,0,1440,0,0,""
8870,0,30,1,200,0,0,1440,0,0,""
8871,0,30,1,200,0,0,60,0,0,""
8873,0,50,8,200,0,0,1440,0,0,""
8874,0,50,8,29,0,0,1440,0,0,""
8875,0,50,30,69,0,0,1440,0,0,""
8879,0,50,1,30,0,0,0,0,0,""
8880,0,50,31,200,0,0,0,0,0,""
8881,0,50,1,200,0,0,0,0,0,""
8882,0,30,40,200,0,0,0,0,0,""
8885,0,50,8,200,0,0,0,0,0,""
8886,0,50,8,29,0,0,60,0,0,""
8887,0,50,30,69,0,0,60,0,0,""
8888,0,50,70,200,0,0,60,0,0,""
9004,0,50,1,200,0,0,0,0,0,""
9011,0,50,10,200,0,0,0,0,0,""
9012,0,50,10,200,0,0,0,0,0,""
9051,0,50,1,25,0,0,0,0,0,""
9052,0,50,1,200,0,0,0,0,0,""
9053,0,50,1,200,0,0,0,0,0,""
9054,0,50,26,45,0,0,0,0,0,""
9055,0,50,1,200,0,0,0,0,0,""
9056,0,50,1,200,0,0,0,0,0,""
9057,0,50,46,200,0,0,0,0,0,""
9058,0,50,1,200,0,0,0,0,0,""
9059,0,50,1,200,0,0,0,0,0,""
9100,0,50,8,200,0,0,0,0,0,""
9101,0,50,13,200,0,0,0,0,0,""
9110,0,50,8,200,0,0,0,0,0,""
9111,0,50,13,200,0,0,0,0,0,""
9120,0,50,8,200,0,0,0,0,0,""
9121,0,50,13,200,0,0,0,0,0,""
9130,0,50,13,200,0,0,86400,0,0,""
9140,0,50,13,25,0,0,0,0,0,""
9141,0,50,13,200,0,0,0,0,0,""
9142,0,50,1,200,0,0,0,0,0,""
9143,0,50,13,200,0,0,0,0,0,""
9150,0,50,26,50,0,0,0,0,0,""
9151,0,50,26,200,0,0,0,0,0,""
9152,0,50,1,200,0,0,0,0,0,""
9153,0,50,26,200,0,0,0,0,0,""
9154,0,50,51,200,0,0,0,0,0,""
9155,0,50,51,200,0,0,0,0,0,""
9156,0,50,51,200,0,0,0,0,0,""
9160,9161,50,8,200,0,0,43200,0,0,""
9161,9162,50,1,200,0,0,43200,0,0,""
9162,9163,50,1,200,0,0,43200,0,0,""
9163,9164,50,1,200,0,0,43200,0,0,""
9164,9165,50,1,200,0,0,43200,0,0,""
9165,9166,50,1,200,0,0,43200,0,0,""
9166,9167,50,1,200,0,0,43200,0,0,""
9167,9168,50,1,200,0,0,43200,0,0,""
9168,9169,50,1,200,0,0,43200,0,0,""
9169,0,50,1,200,0,0,43200,0,0,""
9170,9171,50,8,25,0,0,43200,0,0,""
9171,9172,50,1,200,0,0,43200,0,0,""
9172,0,50,1,200,0,0,43200,0,0,""
9173,0,50,1,200,0,0,43200,0,0,""
9180,9181,50,26,40,0,0,43200,0,0,""
9181,9182,50,1,200,0,0,43200,0,0,""
9182,0,50,1,200,0,0,43200,0,0,""
9183,0,50,1,200,0,0,43200,0,0,""
9190,9191,50,41,200,0,0,43200,0,0,""
9191,9192,50,1,200,0,0,43200,0,0,""
9192,0,50,1,200,0,0,43200,0,0,""
9193,0,50,1,200,0,0,43200,0,0,""
9210,0,50,13,200,0,0,120,0,0,""
9220,0,50,8,24,0,0,43200,0,0,""
9230,0,50,25,49,0,0,43200,0,0,""
9240,0,50,50,200,0,0,43200,0,0,""
9250,0,0,1,200,0,0,0,0,0,""
9251,0,0,1,200,0,0,0,0,0,""
9252,0,0,1,200,0,0,0,0,0,""
9253,0,0,1,200,0,0,0,0,0,""
9254,0,0,1,200,0,0,0,0,0,""
9260,0,50,13,200,0,0,1440,0,0,""
9261,0,50,8,200,0,0,259200,0,0,""
9262,0,50,8,200,0,0,259200,0,0,""
9263,0,50,8,200,0,0,259200,0,0,""
9264,0,50,8,200,0,0,259200,0,0,""
9265,0,50,8,200,0,0,0,0,0,""
9266,0,0,1,200,0,0,0,0,0,""
9270,0,50,13,200,0,0,0,0,0,""
9280,0,50,8,200,0,0,43200,0,0,""
9281,0,50,8,200,0,0,43200,0,0,""
9282,0,50,8,200,0,0,43200,0,0,""
9283,0,50,8,200,0,0,43200,0,0,""
9284,0,50,8,200,0,0,43200,0,0,""
9290,0,50,35,200,0,0,0,0,0,""
9291,0,50,55,200,0,0,0,0,0,""
9292,0,50,1,200,0,0,0,0,0,""
9300,9301,50,10,200,0,0,129600,0,0,""
9301,9302,50,1,200,0,0,129600,0,0,""
9302,9303,50,1,200,0,0,129600,0,0,""
9303,9306,50,1,200,0,0,129600,0,0,""
9304,9305,50,1,200,0,0,129600,0,0,""
9305,0,50,1,200,0,0,129600,0,0,""
9306,9304,50,1,200,0,0,0,0,0,""
9310,0,50,8,200,0,0,60,0,0,""
9311,0,50,8,200,0,0,0,0,0,""
9320,0,50,8,200,0,0,0,0,0,""
9321,0,50,1,200,0,0,0,0,0,""
9322,0,50,1,200,0,0,0,0,0,""
9323,0,50,1,200,0,0,0,0,0,""
9324,0,50,1,200,0,0,0,0,0,""
9325,0,50,1,200,0,0,0,0,0,""
9330,0,50,15,40,0,0,0,0,0,""
9331,0,50,15,40,0,0,0,0,0,""
9332,0,50,41,200,0,0,0,0,0,""
9333,0,50,41,200,0,0,0,0,0,""
9340,0,50,8,200,0,0,60,0,0,""
9341,0,50,8,200,0,0,43200,0,0,""
9350,0,50,8,29,0,0,360,0,0,""
9351,0,50,30,69,0,0,360,0,0,""
9352,0,50,70,200,0,0,360,0,0,""
9360,0,50,1,200,2,0,0,0,0,""
9370,9372,50,8,200,0,0,0,0,0,""
9371,0,50,1,200,0,0,0,0,0,""
9372,0,50,8,200,0,0,0,0,0,""
9380,0,50,20,34,0,0,0,0,0,""
9381,0,50,35,49,0,0,0,0,0,""
9382,0,50,50,59,0,0,0,0,0,""
9383,0,50,60,69,0,0,0,0,0,""
9384,0,50,70,200,0,0,0,0,0,""
9385,0,50,20,200,0,0,0,0,0,""
9386,0,50,8,200,0,0,0,0,0,""
9387,0,50,8,30,0,0,0,0,0,""
9388,0,50,31,70,0,0,0,0,0,""
9389,0,50,71,200,0,0,0,0,0,""
9390,0,50,8,200,0,0,0,0,0,""
9391,0,50,10,200,0,0,0,0,0,""
9392,0,50,1,200,0,0,0,0,0,""
9393,0,50,10,24,0,0,0,0,0,""
9394,0,50,25,70,0,0,0,0,0,""
9395,0,50,25,39,0,0,0,0,0,""
9396,0,50,40,200,0,0,0,0,0,""
9397,0,50,71,200,0,0,0,0,0,""
9398,0,50,8,200,0,0,0,0,0,""
9399,0,50,8,200,0,0,0,0,0,""
9400,0,50,8,200,0,0,90,0,0,""
9401,0,50,8,200,0,0,0,0,0,""
9402,0,50,8,200,0,0,0,0,0,""
9403,0,50,8,200,0,0,0,0,0,""
9404,0,50,8,200,0,0,0,0,0,""
9405,0,50,8,200,0,0,0,0,0,""
9406,0,50,8,200,0,0,0,0,0,""
9407,0,50,8,200,0,0,0,0,0,""
9408,0,50,8,200,0,0,0,0,0,""
9409,0,50,8,200,0,0,0,0,0,""
9410,0,50,8,200,0,0,0,0,0,""
9411,0,50,8,200,0,0,0,0,0,""
9412,0,33,10,200,0,0,0,0,0,""
9413,0,37,1,200,0,0,0,0,0,""
9414,0,30,1,200,0,0,0,0,0,""
9415,0,30,1,200,0,0,0,0,0,""
9416,0,44,1,200,0,0,0,0,0,"auto_start"
9421,0,50,8,200,0,0,0,0,0,""
9422,0,50,8,200,0,0,0,0,0,""
9423,0,50,8,200,0,0,0,0,0,""
9424,0,50,15,200,0,0,0,0,0,""
9425,0,50,30,200,0,0,0,0,0,""
9426,0,50,30,200,0,0,0,0,0,""
9427,0,50,20,200,0,0,0,0,0,""
9428,0,50,20,200,0,0,0,0,0,""
9429,0,50,50,200,0,0,0,0,0,""
9430,0,50,60,200,0,0,0,0,0,""
9431,0,50,1,200,0,0,0,0,0,""
9432,0,50,1,200,0,0,0,0,0,""
9433,0,0,1,200,0,0,0,0,0,""
9440,0,50,8,29,0,0,0,0,0,""
9441,0,50,8,29,0,0,1440,0,0,""
9442,0,50,30,69,0,0,0,0,0,""
9443,0,50,30,69,0,0,1440,0,0,""
9444,0,50,70,200,0,0,0,0,0,""
9445,0,50,70,200,0,0,1440,0,0,""
9450,0,50,1,200,0,0,0,0,0,""
9451,0,50,1,200,0,0,0,0,0,""
9470,0,50,10,40,0,0,0,0,0,""
9471,0,50,41,200,0,0,0,0,0,""
9472,0,50,8,29,0,0,0,0,0,""
9473,0,50,8,29,0,0,1440,0,0,""
9474,0,50,30,69,0,0,0,0,0,""
9475,0,50,30,69,0,0,1440,0,0,""
9476,0,50,70,200,0,0,0,0,0,""
9477,0,50,70,200,0,0,1440,0,0,""
9490,0,50,10,200,0,0,0,0,0,""
9491,0,50,10,200,0,0,0,0,0,""
9492,0,50,10,200,0,0,0,0,0,""
9493,0,50,10,200,0,0,0,0,0,""
9494,0,50,10,200,0,0,0,0,0,""
9495,0,50,10,200,0,0,0,0,0,""
9496,0,50,10,200,0,0,0,0,0,""
9497,0,50,10,200,0,0,0,0,0,""
9498,0,50,10,200,0,0,0,0,0,""
9499,0,50,10,200,0,0,0,0,0,""
9503,0,50,8,40,0,0,120,0,0,""
9504,0,50,41,200,0,0,120,0,0,""
9505,9506,50,8,200,0,0,0,0,0,""
9506,9507,50,8,200,0,0,0,0,0,""
9507,9508,50,8,200,0,0,0,0,0,""
9508,9509,50,8,200,0,0,0,0,0,""
9509,0,50,8,200,0,0,0,0,0,""
9510,0,50,10,200,0,0,0,0,0,""
9511,0,50,10,200,0,0,0,0,0,""
9512,0,50,10,200,0,0,0,0,0,""
9513,0,50,10,200,0,0,0,0,0,""
9514,0,50,10,200,0,0,0,0,0,""
9520,0,50,10,29,0,0,0,0,0,""
9521,0,50,10,29,0,0,30,0,0,""
9522,0,50,30,45,0,0,0,0,0,""
9523,0,50,30,45,0,0,30,0,0,""
9524,0,50,46,200,0,0,0,0,0,""
9525,0,50,46,200,0,0,30,0,0,""
9526,0,50,10,29,0,0,0,0,0,""
9527,0,50,30,45,0,0,0,0,0,""
9528,0,50,46,200,0,0,0,0,0,""
9600,0,50,10,200,0,0,0,0,0,""
9601,0,50,10,200,0,0,0,0,0,""
9602,0,50,10,200,0,0,0,0,0,""
9603,0,50,10,200,0,0,0,0,0,""
9604,0,50,10,200,0,0,0,0,0,""
9605,0,50,10,200,0,0,0,0,0,""
9606,0,50,10,200,0,0,0,0,0,""
9607,0,50,10,200,0,0,0,0,0,""
9608,0,50,10,200,0,0,0,0,0,""
9609,0,50,10,200,0,0,0,0,0,""
9610,0,50,10,200,0,0,0,0,0,""
9611,0,50,10,200,0,0,0,0,0,""
9612,0,50,10,200,0,0,0,0,0,""
9613,0,50,10,200,0,0,0,0,0,""
9614,0,50,10,200,0,0,0,0,0,""
9615,0,50,10,200,0,0,0,0,0,""
9616,0,50,10,200,0,0,0,0,0,""
9617,0,50,10,200,0,0,0,0,0,""
9618,0,50,10,200,0,0,0,0,0,""
9619,0,50,10,200,0,0,0,0,0,""
9620,0,50,10,200,0,0,0,0,0,""
9621,0,50,10,200,0,0,0,0,0,""
9622,0,50,10,200,0,0,0,0,0,""
9623,0,50,10,200,0,0,0,0,0,""
9624,0,50,10,200,0,0,0,0,0,""
9625,0,50,200,200,0,0,0,0,0,""
9630,0,50,1,200,0,0,0,0,0,""
9631,0,50,1,200,0,0,0,0,0,""
9632,0,50,1,200,0,0,0,0,0,""
9633,0,50,1,200,0,0,0,0,0,""
9635,0,50,1,200,0,0,0,0,0,""
9636,0,50,1,200,0,0,0,0,0,""
9637,0,50,1,200,0,0,0,0,0,""
9638,0,50,1,200,0,0,0,0,0,""
9640,0,50,13,29,0,0,0,0,0,""
9641,0,50,30,49,0,0,0,0,0,""
9642,0,50,50,200,0,0,0,0,0,""
9650,0,50,13,200,0,0,129600,0,0,""
9651,0,50,13,200,0,0,129600,0,0,""
9652,0,50,45,200,0,0,129600,50,0,""
9660,0,50,10,200,0,0,0,0,0,""
9661,0,50,21,30,0,0,0,0,0,""
9662,0,50,35,50,0,0,0,0,0,""
9663,0,50,51,70,0,0,0,0,0,""
9664,0,50,55,100,0,0,0,0,0,""
9670,0,50,8,200,0,0,0,0,0,""
9671,0,50,8,200,0,0,43200,0,0,""
9672,0,50,8,200,0,0,43200,0,0,""
9680,0,50,1,200,0,0,0,0,0,"selected_mob"
9682,0,50,10,200,0,0,0,0,0,""
9683,0,50,10,200,0,0,0,0,0,""
9684,0,50,10,200,0,0,0,0,0,""
9685,0,50,10,200,0,0,0,0,0,""
9690,0,50,10,200,0,0,0,0,0,""
9691,0,50,10,200,0,0,0,0,0,""
9692,0,50,10,200,0,0,0,0,0,""
9693,0,50,10,200,0,0,0,0,0,""
9694,0,50,10,200,0,0,0,0,0,""
9695,0,50,10,200,0,0,0,0,0,""
9696,0,50,10,200,0,0,0,0,0,""
9697,0,50,10,200,0,0,0,0,0,""
9698,0,50,10,200,0,0,0,0,0,""
9699,0,50,10,200,0,0,0,0,0,""
9700,0,50,10,200,0,0,0,0,0,""
9701,0,50,10,200,0,0,0,0,0,""
9702,0,50,10,200,0,0,0,0,0,""
9703,0,50,10,200,0,0,0,0,0,""
9704,0,50,8,200,0,0,60,0,0,""
9705,0,50,8,200,0,0,0,0,0,""
9706,0,50,10,200,0,0,0,0,0,""
9710,0,50,10,200,0,0,0,0,0,""
9711,0,50,1,200,0,0,0,0,0,""
9712,0,50,1,200,0,0,0,0,0,""
9713,0,50,1,200,0,0,0,0,0,""
9714,0,50,1,200,0,0,0,0,0,""
9720,0,50,10,200,0,0,0,0,0,""
9721,0,50,10,200,0,0,0,0,0,""
9722,0,50,10,200,0,0,0,0,0,""
9723,0,50,10,200,0,0,0,0,0,""
9724,0,50,10,200,0,0,0,0,0,""
9725,0,50,10,200,0,0,0,0,0,""
9726,0,50,10,200,0,0,0,0,0,""
9727,0,50,10,200,0,0,0,0,0,""
9728,0,50,10,200,0,0,0,0,0,""
9730,0,50,10,30,0,0,60,0,0,""
9731,0,50,31,70,0,0,60,0,0,""
9732,0,50,71,200,0,0,60,0,0,""
9733,0,50,10,30,0,0,30,0,0,""
9734,0,50,31,70,0,0,30,0,0,""
9735,0,50,71,200,0,0,30,0,0,""
9740,0,50,10,30,0,0,30,0,0,""
9741,0,50,31,70,0,0,30,0,0,""
9742,0,50,71,200,0,0,30,0,0,""
9743,0,50,1,200,0,0,43200,0,0,"auto_start"
9744,0,50,1,200,0,0,43200,0,0,"auto_start"
9745,0,50,10,30,0,0,0,0,0,""
9746,0,50,31,70,0,0,0,0,0,""
9747,0,50,71,200,0,0,0,0,0,""
9748,0,50,1,200,0,0,43200,0,0,"auto_start"
9800,0,50,1,200,0,0,0,0,0,"auto_start"
9801,0,50,10,200,0,0,0,0,0,""
9802,0,50,1,200,0,0,0,0,0,""
9803,0,50,10,30,0,0,0,0,0,""
9804,0,50,31,70,0,0,0,0,0,""
9805,0,50,71,200,0,0,0,0,0,""
9806,0,50,1,200,0,0,0,0,0,""
9807,0,50,1,200,0,0,0,0,0,""
9808,0,50,1,200,0,0,0,0,0,""
9809,0,50,1,200,0,0,0,0,0,""
9810,0,50,1,200,0,0,0,0,0,"selected_mob"
9811,0,50,1,200,0,0,0,0,0,"selected_mob"
9812,0,50,1,200,0,0,0,0,0,"selected_mob"
9813,0,50,1,200,0,0,0,0,0,"selected_mob"
9814,0,50,1,200,0,0,0,0,0,"selected_mob"
9815,0,50,1,200,0,0,0,0,0,"selected_mob"
9816,0,50,1,200,0,0,0,0,0,"selected_mob"
9817,0,50,1,200,0,0,0,0,0,"selected_mob"
9818,0,50,1,200,0,0,0,0,0,""
9819,0,50,60,200,0,0,0,0,0,""
9820,0,50,1,200,0,0,0,0,0,""
9821,0,50,10,24,0,0,1440,0,0,""
9822,0,50,25,70,0,0,0,0,0,""
9823,0,50,25,39,0,0,1440,0,0,""
9824,0,50,40,200,0,0,1440,0,0,""
9825,0,50,71,200,0,0,1440,0,0,""
9830,0,50,10,200,0,0,0,0,0,""
9831,0,50,1,200,0,0,0,0,0,""
9832,0,50,1,200,0,0,0,0,0,""
9833,0,50,1,200,0,0,0,0,0,""
9834,0,50,1,200,0,0,0,0,0,""
9835,0,50,1,200,0,0,0,0,0,""
9836,0,50,1,200,0,0,0,0,0,""
9837,0,50,1,200,0,0,0,0,0,""
9838,0,50,1,200,0,0,0,0,0,""
9839,0,50,1,200,0,0,0,0,0,""
9840,0,50,1,200,0,0,1440,0,0,"auto_start"
9841,0,50,30,200,0,0,1440,0,0,"auto_start"
9842,0,50,1,200,0,0,1440,0,0,"auto_start"
9843,0,50,1,200,0,0,180,0,0,"auto_start"
9844,0,50,30,200,0,0,1440,0,0,"auto_start"
9845,0,50,50,200,0,0,1440,0,0,"auto_start"
9846,0,50,35,200,0,0,1440,0,0,"auto_start"
9847,0,50,30,200,0,0,1440,0,0,"auto_start"
9848,0,50,1,200,0,0,180,0,0,"auto_start"
9849,0,50,60,200,0,0,1440,0,0,"auto_start"
9850,0,50,65,200,0,0,1440,0,0,"auto_start"
9851,0,50,25,200,0,0,0,0,0,""
9852,0,50,1,200,0,0,180,0,0,"auto_start"
9860,0,50,1,200,0,0,0,0,0,"selected_mob"
9861,0,50,1,200,0,0,0,0,0,""
9862,0,50,1,200,0,0,0,0,0,""
9863,0,50,1,200,0,0,0,0,0,""
9864,0,50,1,200,0,0,0,0,0,""
9865,0,50,1,200,0,0,0,0,0,""
9866,0,50,1,200,0,0,0,0,0,"auto_start"
9867,0,50,1,200,0,0,0,0,0,""
9868,0,50,1,200,0,0,0,0,0,""
9869,0,50,1,200,0,0,0,0,0,""
9870,0,50,10,200,0,0,1440,0,0,""
9871,0,50,10,200,0,0,0,0,0,""
9872,0,50,10,200,0,0,0,0,0,""
9873,0,50,10,200,0,0,120,0,0,""
9875,0,50,10,200,0,0,360,0,0,""
9878,0,50,1,200,0,0,0,0,0,""
9879,0,50,1,200,0,0,0,0,0,""
9880,0,50,15,30,0,0,0,0,0,""
9881,0,50,31,40,0,0,0,0,0,""
9882,0,50,41,65,0,0,0,0,0,""
9883,0,50,66,80,0,0,0,0,0,""
9884,0,50,81,89,0,0,0,0,0,""
9885,0,50,90,200,0,0,0,0,0,""
9887,0,50,10,200,0,0,0,0,0,"auto_start"
9889,0,50,10,200,0,0,0,0,0,""
9890,0,50,1,200,0,0,0,0,0,"selected_mob"
9891,0,50,1,200,0,0,0,0,0,"selected_mob"
9892,0,50,1,200,0,0,0,0,0,"selected_mob"
9893,0,50,1,200,0,0,0,0,0,"selected_mob"
9900,0,50,10,200,0,0,0,0,0,"auto_start"
9901,0,50,10,200,0,0,0,0,0,""
9902,0,50,1,200,0,0,0,0,0,""
9903,0,50,1,200,0,0,0,0,0,""
9904,0,50,1,200,0,0,0,0,0,""
9905,0,50,1,200,0,0,0,0,0,""
9906,0,50,1,200,0,0,0,0,0,""
9907,0,50,1,200,0,0,0,0,0,""
9908,0,50,1,200,0,0,0,0,0,""
9909,0,50,1,200,0,0,0,0,0,""
9920,0,50,10,200,0,0,0,0,0,"auto_start"
9921,0,50,10,200,0,0,0,0,0,""
9922,0,50,10,200,0,0,5,0,0,""
9923,0,50,10,200,0,0,1440,0,0,""
9924,0,50,10,20,0,0,180,0,0,"auto_start"
9925,0,50,21,40,0,0,180,0,0,"auto_start"
9926,0,50,41,200,0,0,180,0,0,"auto_start"
9927,0,50,10,200,0,0,0,0,0,""
9928,0,50,10,200,0,0,0,0,0,""
9929,0,50,10,200,0,0,0,0,0,""
9930,0,50,10,200,0,0,0,0,0,""
9931,0,50,10,200,0,0,0,0,0,""
9932,0,50,10,200,0,0,0,0,0,""
9933,0,50,10,200,0,0,0,0,0,""
9934,0,50,10,200,0,0,0,0,0,""
9935,0,50,10,200,0,0,0,0,0,""
9936,0,50,10,200,0,0,0,0,0,""
9937,0,50,1,200,0,0,0,0,0,""
9938,0,50,1,200,0,0,0,0,0,""
9939,0,50,1,200,0,0,0,0,0,""
9940,0,50,10,200,0,0,0,0,300,""
9941,0,50,10,200,0,0,0,0,0,""
9942,0,50,10,200,0,0,0,0,0,""
9943,0,50,10,200,0,0,0,0,0,""
9944,0,50,10,200,0,0,0,0,0,"auto_start"
9945,0,50,10,200,0,0,0,0,0,""
9946,0,50,10,200,0,0,0,0,0,""
9947,0,50,1,200,0,0,0,0,0,""
9950,0,50,11,200,0,0,0,0,0,"auto_start"
9951,0,50,10,200,0,0,1440,0,0,""
9952,0,50,10,200,0,0,0,0,0,""
9953,0,50,10,200,0,0,0,0,0,"auto_start"
9954,9955,50,20,30,0,0,0,0,0,""
9955,0,50,1,200,0,0,0,0,0,""
9960,0,50,13,200,0,0,0,0,0,"auto_start"
9961,0,50,10,200,0,0,0,0,0,""
9962,0,50,10,200,0,0,0,0,0,""
9963,0,50,10,200,0,0,0,0,0,""
9965,0,50,1,200,0,0,60,0,0,"auto_start"
9970,0,50,10,200,0,0,30,0,0,""
9975,0,50,13,200,0,0,0,0,0,"auto_start"
9980,0,50,10,200,0,0,1440,0,0,""
9981,0,50,2,200,0,0,0,0,0,"auto_start"
9982,0,50,10,200,0,0,30,0,0,"auto_start"
9983,0,50,10,200,0,0,0,0,0,""
9984,0,50,10,200,0,0,120,0,0,""
9985,0,50,10,200,0,0,30,0,0,""
9986,9987,50,10,200,0,0,0,0,0,""
9987,0,50,10,200,0,0,0,0,0,""
9988,0,50,10,200,0,0,0,0,0,""
9990,0,50,10,200,0,0,10,0,0,""
9991,0,50,13,200,0,0,60,0,0,""
9992,0,50,1,200,0,0,0,0,0,""
9994,0,50,35,200,0,0,0,0,0,""
9996,0,50,65,200,0,0,0,0,0,""
9997,0,50,10,200,0,0,60,0,0,"auto_start"
9999,0,10,1,200,0,0,0,0,600,"auto_start"
10000,0,50,10,200,0,0,0,0,0,"auto_start"
10001,10002,50,10,200,0,0,0,0,0,""
10002,0,50,10,200,0,0,0,0,0,""
10005,0,50,10,200,0,0,120,0,0,""
10007,0,50,10,200,0,0,0,0,0,""
10008,0,50,10,200,0,0,0,0,0,""
10010,0,50,10,30,0,0,0,0,0,""
10011,0,50,31,50,0,0,0,0,0,""
10012,0,50,51,200,0,0,0,0,0,""
10014,0,50,10,200,0,0,0,0,0,"auto_start"
10015,0,50,10,200,0,0,0,0,0,""
10016,0,50,10,200,0,0,0,0,0,""
10017,0,50,10,200,0,0,0,0,0,""
10018,0,50,10,200,0,0,0,0,0,""
10019,0,50,10,200,0,0,0,0,0,""
10020,0,50,10,200,0,0,0,0,0,""
10021,0,50,1,200,0,0,0,0,0,"auto_start"
10023,0,50,1,200,0,0,0,0,0,""
10030,0,50,1,200,0,0,0,0,0,""
10031,0,50,1,200,0,0,0,0,0,""
10032,0,50,1,200,0,0,0,0,0,""
10033,0,50,1,200,0,0,0,0,0,""
10034,0,50,13,200,0,0,0,0,0,"auto_start"
10035,0,50,13,200,0,0,0,0,0,"auto_start"
10036,0,50,13,200,0,0,0,0,0,""
10037,0,50,1,200,0,0,0,0,0,""
10039,0,50,13,200,0,0,0,0,0,"auto_start"
10043,0,50,13,200,0,0,0,0,0,""
10046,0,50,13,200,0,0,0,0,0,"auto_start"
10048,0,50,13,200,0,0,0,0,0,""
10050,0,50,13,200,0,0,60,0,0,""
10051,0,50,13,200,0,0,0,0,0,"auto_start"
10052,0,50,13,200,0,0,0,0,0,"auto_start"
10053,0,50,13,200,0,0,0,0,0,""
10054,0,50,50,200,0,0,0,0,0,""
10055,0,50,30,200,0,0,0,0,0,""
10056,0,50,13,200,0,0,0,0,0,""
10059,0,50,13,200,0,0,0,0,0,"auto_start"
10060,0,50,1,200,0,0,0,0,0,"auto_start"
10062,0,50,1,200,0,0,0,0,0,""
10063,0,50,1,200,0,0,0,0,0,""
10064,0,50,1,200,0,0,0,0,0,""
10065,0,50,1,200,0,0,0,0,0,""
10066,0,50,1,200,0,0,0,0,0,""
10067,0,50,1,200,0,0,0,0,0,""
10068,0,50,1,200,0,0,0,0,0,""
10069,0,50,1,200,0,0,0,0,0,""
10070,0,50,1,200,0,0,0,0,0,""
10071,0,50,1,200,0,0,0,0,0,""
10072,0,50,1,200,0,0,0,0,0,""
10073,0,50,1,200,0,0,0,0,0,""
10074,0,50,1,200,0,0,0,0,0,""
10075,0,50,1,200,0,0,0,0,0,""
10076,0,50,1,200,0,0,0,0,0,""
10077,0,50,1,200,0,0,0,0,0,""
10078,0,50,1,200,0,0,0,0,0,""
10079,0,50,1,200,0,0,0,0,0,""
10080,0,50,13,200,0,0,43200,0,0,"auto_start"
10081,0,50,13,200,0,0,7,0,0,"auto_start"
10082,0,50,13,200,0,0,0,0,0,"auto_start"
10083,0,50,13,200,0,0,0,0,0,""
10084,0,50,13,200,0,0,0,0,0,""
10085,0,50,13,200,0,0,0,0,0,""
10086,0,50,13,200,0,0,0,0,0,""
10087,0,50,13,200,0,0,0,0,0,""
10088,0,50,13,200,0,0,0,0,0,""
10089,0,50,13,200,0,0,0,0,0,""
10090,0,50,13,200,0,0,0,0,0,""
10091,0,50,13,200,0,0,0,0,0,""
10092,0,50,13,200,0,0,0,0,0,""
10093,0,50,13,200,0,0,0,0,0,""
10094,0,50,13,200,0,0,0,0,0,""
10095,0,50,13,200,0,0,0,0,0,""
10096,0,50,13,200,0,0,0,0,0,""
10097,0,50,13,200,0,0,0,0,0,""
10098,0,50,13,200,0,0,0,0,0,""
10099,0,50,13,200,0,0,0,0,0,""
10100,0,50,13,200,0,0,0,0,0,""
10101,0,50,13,200,0,0,0,0,0,""
10102,0,50,13,200,0,0,0,0,0,""
10103,0,50,13,200,0,0,0,0,0,""
10104,0,50,13,200,0,0,0,0,0,"auto_start"
10105,0,50,13,200,0,0,0,0,0,"auto_start"
10106,0,50,13,200,0,0,0,0,0,"auto_start"
10107,0,50,1,200,0,0,0,0,0,""
10108,0,50,13,200,0,0,0,0,0,""
10109,0,50,13,200,0,0,0,0,0,""
10110,0,50,1,200,0,0,0,0,0,"auto_start"
10111,0,50,10,200,0,0,0,0,0,""
10112,0,50,30,200,0,0,0,0,0,""
10113,0,50,10,200,0,0,0,0,0,""
10114,0,50,30,200,0,0,0,0,0,""
10200,0,50,20,200,0,0,0,0,0,"auto_start"
10205,0,50,13,200,0,0,0,0,0,"auto_start"
10206,0,50,13,30,0,0,0,0,0,"auto_start"
10207,0,50,31,60,0,0,0,0,0,"auto_start"
10208,0,50,61,90,0,0,0,0,0,"auto_start"
10209,0,50,91,200,0,0,0,0,0,"auto_start"
10210,0,50,13,30,0,0,0,0,0,""
10211,0,50,31,60,0,0,0,0,0,""
10212,0,50,61,90,0,0,0,0,0,""
10213,0,50,91,200,0,0,0,0,0,""
10214,0,50,13,30,0,0,0,0,0,""
10215,0,50,31,60,0,0,0,0,0,""
10216,0,50,61,90,0,0,0,0,0,""
10217,0,50,91,200,0,0,0,0,0,""
10218,0,50,1,200,0,0,10,0,0,"auto_start"
10219,0,50,13,200,0,0,0,0,0,""
10220,0,50,13,200,0,0,60,0,0,""
10222,0,50,1,200,0,0,0,0,0,"auto_start"
10224,0,50,15,200,0,0,60,0,0,"auto_start"
10230,0,50,13,200,0,0,30,0,0,"auto_start"
10231,0,50,1,200,0,0,0,0,0,""
10240,0,50,10,39,0,0,0,0,0,""
10241,0,50,40,200,0,0,0,0,0,""
10242,0,50,10,29,0,0,0,0,0,""
10243,0,50,10,29,0,0,0,0,0,""
10244,0,50,10,29,0,0,0,0,0,""
10245,0,50,30,49,0,0,0,0,0,""
10246,0,50,30,49,0,0,0,0,0,""
10247,0,50,30,49,0,0,0,0,0,""
10248,0,50,50,89,0,0,0,0,0,""
10249,0,50,50,89,0,0,0,0,0,""
10250,0,50,50,89,0,0,0,0,0,""
10251,0,50,90,119,0,0,0,0,0,""
10252,0,50,90,119,0,0,0,0,0,""
10253,0,50,90,119,0,0,0,0,0,""
10254,0,50,120,200,0,0,0,0,0,""
10255,0,50,120,200,0,0,0,0,0,""
10256,0,50,120,200,0,0,0,0,0,""
10260,0,50,10,25,0,0,0,0,0,""
10261,0,50,26,50,0,0,0,0,0,""
10262,0,50,51,80,0,0,0,0,0,""
10263,0,50,81,200,0,0,0,0,0,""
10264,0,50,10,25,0,0,0,0,0,""
10265,0,50,26,50,0,0,0,0,0,""
10266,0,50,51,80,0,0,0,0,0,""
10267,0,50,81,200,0,0,0,0,0,""
10268,0,50,10,25,0,0,0,0,0,""
10270,0,50,26,50,0,0,0,0,0,""
10271,0,50,51,80,0,0,0,0,0,""
10272,0,50,81,200,0,0,0,0,0,""
10273,0,50,13,200,0,0,0,0,0,""
10274,0,50,13,25,0,0,0,0,0,""
10275,0,50,26,40,0,0,0,0,0,""
10276,0,50,41,70,0,0,0,0,0,""
10277,0,50,71,200,0,0,0,0,0,""
10278,0,50,13,25,0,0,0,0,0,""
10279,0,50,26,40,0,0,0,0,0,""
10280,0,50,41,70,0,0,0,0,0,""
10281,0,50,71,200,0,0,0,0,0,""
10282,0,50,13,30,0,0,0,0,0,"auto_start"
10283,0,50,31,70,0,0,0,0,0,"auto_start"
10284,0,50,71,200,0,0,0,0,0,"auto_start"
10285,0,50,15,200,0,0,0,0,0,"auto_start"
10286,0,50,13,200,0,0,0,0,0,"auto_start"
10287,0,50,10,200,0,0,0,0,0,""
10300,0,50,13,30,0,0,0,0,0,""
10301,0,50,31,70,0,0,0,0,0,""
10302,0,50,71,200,0,0,0,0,0,""
10303,0,50,13,200,0,0,0,0,0,""
10311,0,50,13,200,0,0,0,0,0,"auto_start"
10312,0,50,13,200,0,0,0,0,0,"auto_start"
10313,0,50,13,200,0,0,0,0,0,"auto_start"
10314,0,50,13,200,0,0,0,0,0,"auto_start"
10315,0,50,13,200,0,0,0,0,0,"auto_start"
10316,0,50,13,200,0,0,0,0,0,"auto_start"
10317,0,50,13,200,0,0,0,0,0,"auto_start"
10318,0,50,13,200,0,0,0,0,0,"auto_start"
10319,0,50,1,200,0,0,0,0,0,"auto_start"
10320,0,50,1,200,0,0,0,0,0,"auto_start"
10321,0,50,1,200,0,0,0,0,0,"auto_start"
10322,0,50,1,200,0,0,0,0,0,"auto_start"
10324,0,50,1,200,0,0,0,0,0,""
10325,0,50,1,200,0,0,0,0,0,""
10326,0,50,1,200,0,0,0,0,0,""
10327,0,50,1,200,0,0,0,0,0,""
10328,0,50,1,200,0,0,0,0,0,"auto_start"
10329,0,50,13,200,0,0,43200,0,0,"auto_start"
10330,0,50,10,200,0,0,0,0,1800,""
10331,0,50,1,200,0,0,0,0,0,""
10332,0,50,1,200,0,0,0,0,0,""
10333,0,50,1,200,0,0,0,0,0,""
10340,0,50,13,200,0,0,0,0,0,""
10341,0,50,1,200,0,0,0,0,0,""
10342,0,50,13,200,0,0,0,0,0,""
10343,0,50,1,200,0,0,0,0,0,""
10344,0,50,1,200,0,0,0,0,0,""
10345,0,50,1,200,0,0,0,0,0,""
10346,0,50,1,200,0,0,0,0,0,""
10347,0,50,1,200,0,0,0,0,0,""
10348,0,50,1,200,0,0,0,0,0,""
10349,0,50,1,200,0,0,0,0,0,""
10350,0,50,1,200,0,0,0,0,0,""
10351,0,50,1,200,0,0,0,0,0,""
10352,0,50,1,200,0,0,0,0,0,""
10353,0,50,1,200,0,0,0,0,0,""
10354,0,50,1,200,0,0,0,0,0,"auto_start"
10355,0,50,1,200,0,0,0,0,0,""
10356,0,50,1,200,0,0,0,0,0,""
10360,0,50,13,200,0,0,0,0,0,"auto_start"
10370,0,50,15,200,0,0,0,0,0,"auto_start"
10380,0,50,20,200,0,0,0,0,0,"auto_start"
10381,0,50,70,200,0,0,0,0,0,"auto_start"
10390,0,50,10,200,0,0,0,0,0,""
10391,0,50,30,200,0,0,0,0,0,""
10392,0,50,10,200,0,0,0,0,0,""
10393,0,50,30,200,0,0,0,0,0,""
10394,0,50,2,200,0,0,0,0,0,"auto_start"
10395,0,50,13,200,0,0,0,0,0,"auto_start"
10396,0,50,1,200,0,0,0,0,0,""
10397,0,50,1,200,0,0,0,0,0,""
10398,0,50,1,200,0,0,0,0,0,""
10400,0,50,13,200,0,0,0,0,0,"auto_start"
10401,0,50,13,200,0,0,0,0,0,"auto_start"
10405,0,50,13,200,0,0,0,0,0,""
10410,0,50,13,200,0,0,0,0,0,"auto_start"
10411,0,50,13,200,0,0,0,0,0,"auto_start"
10412,0,50,13,200,0,0,0,0,0,"auto_start"
10413,0,50,13,200,0,0,0,0,0,"auto_start"
10414,0,50,13,200,0,0,0,0,0,"auto_start"
10415,0,50,13,30,0,0,0,0,0,"auto_start"
10417,0,50,31,50,0,0,0,0,0,"auto_start"
10418,0,50,51,70,0,0,0,0,0,"auto_start"
10419,0,50,71,90,0,0,0,0,0,"auto_start"
10420,0,50,91,200,0,0,0,0,0,"auto_start"
10425,0,50,13,200,0,0,0,0,0,""
10426,0,50,1,200,0,0,0,0,0,""
10430,0,50,13,200,0,0,0,0,0,""
10431,0,50,1,200,0,0,0,0,0,""
10432,0,50,1,200,0,0,0,0,0,""
10433,0,50,1,200,0,0,0,0,0,""
10434,0,50,1,200,0,0,0,0,0,""
10435,0,50,1,200,0,0,0,0,0,""
10436,0,50,1,200,0,0,0,0,0,""
10437,0,50,1,200,0,0,0,0,0,""
10438,0,50,1,200,0,0,0,0,0,""
10439,0,50,1,200,0,0,0,0,0,""
10440,0,50,1,200,0,0,0,0,0,""
10441,0,50,1,200,0,0,0,0,0,""
10442,0,50,1,200,0,0,0,0,0,""
10443,0,50,1,200,0,0,0,0,0,""
10444,0,50,1,200,0,0,0,0,0,""
10445,0,50,1,200,0,0,0,0,0,""
10450,0,50,13,200,0,0,0,0,0,"selected_mob"
10451,0,50,13,200,0,0,0,0,0,"selected_mob"
10452,0,50,13,200,0,0,0,0,0,""
10453,0,50,13,200,0,0,0,0,0,""
10454,0,50,13,200,0,0,0,0,0,""
10455,0,50,13,200,0,0,0,0,0,""
10456,0,50,13,200,0,0,0,0,0,""
10457,0,50,13,200,0,0,0,0,0,""
10458,0,50,13,200,0,0,30,0,0,"auto_start"
10459,0,50,13,200,0,0,30,0,0,"auto_start"
10470,0,50,15,200,0,0,45,0,0,"auto_start"
19000,0,51,1,200,0,0,0,0,0,"auto_start"
19001,0,51,1,200,0,0,0,0,0,"auto_start"
19002,0,51,1,200,0,0,0,0,0,"auto_start"
19005,0,51,1,200,0,0,0,0,0,"auto_start"
19006,0,51,1,200,0,0,0,0,0,"auto_start"
19007,0,51,15,200,0,0,0,0,0,"auto_start"
19008,0,51,15,200,0,0,0,0,0,"auto_start"
19009,0,51,15,200,0,0,0,0,0,"auto_start"
19010,0,51,1,200,0,0,0,0,0,""
20000,0,15,1,200,0,0,0,0,0,""
20001,0,15,1,200,0,0,0,0,0,""
20002,0,15,1,200,0,0,0,0,0,""
20003,0,15,1,200,0,0,0,0,0,""
20004,0,15,1,200,0,0,0,0,0,""
20005,0,15,1,200,0,0,0,0,0,""
20006,0,15,1,200,0,0,0,0,0,""
20007,0,15,1,200,0,0,0,0,0,""
20008,0,15,1,200,0,0,0,0,0,""
20010,0,15,1,10,0,0,0,0,0,""
20011,0,15,1,200,0,0,0,0,0,""
20012,0,15,1,200,0,0,0,0,0,""
20013,0,15,1,200,0,0,0,0,0,""
20014,0,15,1,200,0,0,0,0,0,""
20015,0,15,6,10,0,0,0,0,0,""
20016,0,15,1,200,0,0,0,0,0,""
20017,0,15,1,200,0,0,0,0,0,""
20018,0,15,1,200,0,0,0,0,0,""
20019,0,15,1,200,0,0,0,0,0,""
20020,0,15,10,200,0,0,0,0,0,""
20100,0,15,10,200,0,0,0,0,0,""
20101,0,15,10,200,0,0,0,0,0,""
20102,0,15,10,200,0,0,0,0,0,""
20103,0,15,10,200,0,0,0,0,0,""
20104,0,15,10,200,0,0,0,0,0,""
20105,0,15,10,200,0,0,0,0,0,""
20200,0,15,30,200,0,0,0,0,0,"auto_start"
20201,0,15,30,200,0,0,0,0,0,""
20202,0,15,30,200,0,0,0,0,0,""
20203,0,15,30,200,0,0,0,0,0,""
20204,0,15,30,200,0,0,0,0,0,""
20205,0,15,30,200,0,0,0,0,0,""
20300,0,15,70,200,0,0,0,0,0,"auto_start"
20301,0,15,70,200,0,0,0,0,0,""
20302,0,15,70,200,0,0,0,0,0,""
20303,0,15,70,200,0,0,0,0,0,""
20304,0,15,70,200,0,0,0,0,0,""
20305,0,15,70,200,0,0,0,0,0,""
20306,0,15,1,200,0,0,0,0,0,""
20307,0,15,1,200,0,0,0,0,0,""
20308,0,15,1,200,0,0,0,0,0,""
20309,0,15,1,200,0,0,0,0,0,""
20310,0,15,1,200,0,0,0,0,0,""
20311,0,15,70,200,0,0,0,0,0,""
20312,0,15,70,200,0,0,0,0,0,""
20313,0,15,70,200,0,0,0,0,0,""
20314,0,15,70,200,0,0,0,0,0,""
20315,0,15,70,200,0,0,0,0,0,""
20400,0,15,120,200,0,0,0,0,0,"auto_start"
20401,0,15,120,200,0,0,0,0,0,""
20402,0,15,120,200,0,0,0,0,0,"auto_start"
20403,0,15,120,200,0,0,0,0,0,""
20404,0,15,120,200,0,0,0,0,0,""
20405,0,15,120,200,0,0,0,0,0,""
20406,0,15,120,200,0,0,0,0,0,""
20407,0,15,120,200,0,0,0,0,0,"auto_start"
20408,0,15,120,200,0,0,0,0,0,""
20500,0,15,50,200,0,0,0,0,0,"auto_start"
20501,0,15,50,200,0,0,0,0,0,""
20502,0,15,50,200,0,0,0,0,0,""
20503,0,15,50,200,0,0,0,0,0,""
20504,0,15,50,200,0,0,0,0,0,""
20505,0,15,50,200,0,0,0,0,0,""
20506,0,15,50,200,0,0,0,0,0,""
20507,0,15,100,200,0,0,0,0,0,"auto_start"
20508,0,15,100,200,0,0,0,0,0,""
20509,0,15,100,200,0,0,0,0,0,""
20510,0,15,100,200,0,0,0,0,0,""
20511,0,15,100,200,0,0,0,0,0,""
20512,0,15,90,200,0,0,0,0,0,""
20520,0,15,50,200,0,0,0,0,0,"auto_start"
20521,0,15,50,200,0,0,0,0,0,""
20522,0,15,50,200,0,0,0,0,0,""
20523,0,15,50,200,0,0,0,0,0,""
20524,0,15,50,200,0,0,0,0,0,""
20525,0,15,50,200,0,0,0,0,0,""
20526,0,15,50,200,0,0,0,0,0,""
20527,0,15,100,200,0,0,0,0,0,"auto_start"
20528,0,15,100,200,0,0,0,0,0,""
20531,0,15,120,200,0,0,0,0,0,"auto_start"
20532,20533,15,1,200,0,0,0,0,0,""
20533,0,15,120,200,0,0,0,0,0,""
20534,0,15,120,200,0,0,0,0,0,""
20600,0,15,100,200,0,0,0,0,0,"auto_start"
20601,0,15,100,200,0,0,0,0,0,""
20602,0,15,100,200,0,0,0,0,0,""
20603,0,15,100,200,0,0,0,0,0,""
20604,0,15,100,200,0,0,0,0,0,""
20605,0,15,100,200,0,0,0,0,0,""
20610,0,15,110,200,0,0,0,0,0,"auto_start"
20611,0,15,110,200,0,0,0,0,0,""
20612,0,15,110,200,0,0,0,0,0,""
20613,0,15,110,200,0,0,0,0,0,""
20614,0,15,110,200,0,0,0,0,0,""
20615,0,15,110,200,0,0,0,0,0,""
20700,0,15,10,15,0,0,0,0,0,""
20701,0,15,10,15,0,0,0,0,0,""
20702,0,15,10,15,0,0,0,0,0,""
20703,0,15,10,15,0,0,0,0,0,""
20704,0,15,13,200,0,0,0,0,0,"auto_start"
20705,0,15,13,200,0,0,0,0,0,""
20706,0,15,14,200,0,0,0,0,0,""
20707,0,15,14,200,0,0,0,0,0,""
20708,0,15,14,200,0,0,0,0,0,""
20709,0,15,16,200,0,0,0,0,0,"auto_start"
20710,0,15,16,200,0,0,0,0,0,""
20711,0,15,16,200,0,0,0,0,0,""
20712,0,15,17,200,0,0,0,0,0,""
20713,0,15,1,200,0,0,60,0,0,""
20714,0,15,17,200,0,0,0,0,0,""
20715,0,15,18,200,0,0,0,0,0,"auto_start"
20716,0,15,18,200,0,0,0,0,0,""
20717,0,15,18,200,0,0,0,0,0,""
20718,0,15,19,200,0,0,0,0,0,""
20719,0,15,19,200,0,0,0,0,0,""
20720,0,15,25,200,0,0,0,0,0,"auto_start"
20721,0,15,25,200,0,0,0,0,0,""
20722,0,15,25,200,0,0,0,0,0,""
20723,0,15,26,200,0,0,0,0,0,""
20724,0,15,26,200,0,0,0,0,0,""
20725,0,15,28,200,0,0,0,0,0,"auto_start"
20726,0,15,28,200,0,0,0,0,0,""
20727,0,15,28,200,0,0,0,0,0,""
20728,0,15,28,200,0,0,0,0,0,""
20729,0,15,28,200,0,0,0,0,0,""
20730,0,15,28,200,0,0,0,0,0,""
21000,21001,6,1,200,0,0,0,0,0,""
21001,0,6,1,200,0,0,0,0,0,""
21010,0,6,1,200,0,0,0,0,0,""
21011,0,6,1,200,0,0,0,0,0,""
21012,0,6,1,200,0,0,0,0,0,""
21013,0,6,1,200,0,0,0,0,0,""
21014,0,6,5,200,0,0,0,0,0,""
21015,0,6,1,200,0,0,0,0,0,""
21016,0,6,1,200,0,0,0,0,0,""
21017,0,6,1,200,0,0,0,0,0,""
21018,0,6,1,200,0,0,0,0,0,""
21100,0,6,10,200,0,0,0,0,0,""
21101,0,6,10,200,0,0,0,0,0,""
21200,0,6,30,200,0,0,0,0,0,"auto_start"
21201,0,6,30,200,0,0,0,0,0,""
21202,0,6,30,200,0,0,0,0,0,""
21300,0,6,70,200,0,0,0,0,0,"auto_start"
21301,0,6,70,200,0,0,0,0,0,""
21302,0,6,70,200,0,0,0,0,0,""
21303,0,6,70,200,0,0,0,0,0,""
21400,0,6,120,200,0,0,0,0,0,"auto_start"
21401,0,6,120,200,0,0,0,0,0,""
21500,0,6,200,200,0,0,0,0,0,"auto_start"
21600,0,6,50,200,0,0,0,0,0,"auto_start"
21601,0,6,50,200,0,0,0,0,0,""
21602,0,6,50,200,0,0,0,0,0,""
21603,0,6,50,200,0,0,0,0,0,""
21604,0,6,1,200,0,0,0,0,0,"auto_start"
21605,0,6,50,200,0,0,0,0,0,""
21606,0,6,50,200,0,0,0,0,0,""
21607,0,6,100,200,0,0,0,0,0,""
21608,0,6,100,200,0,0,0,0,0,""
21609,0,6,100,200,0,0,0,0,0,""
21610,0,6,100,200,0,0,0,0,0,""
21611,0,6,100,200,0,0,0,0,0,""
21612,0,6,150,200,0,0,0,0,0,""
21613,0,6,150,200,0,0,0,0,0,""
21614,0,6,150,200,0,0,0,0,0,""
21615,0,6,150,200,0,0,0,0,0,""
21616,0,6,150,200,0,0,0,0,0,""
21617,0,6,150,200,0,0,0,0,0,""
21618,0,6,200,200,0,0,0,0,0,"auto_start"
21700,0,6,10,200,0,0,0,0,0,""
21701,0,6,10,200,0,0,0,0,0,""
21702,0,6,10,200,0,0,0,0,0,""
21703,0,6,10,200,0,0,0,0,0,""
21704,0,6,10,200,0,0,0,0,0,""
21705,0,6,13,200,0,0,0,0,0,""
21706,0,6,13,200,0,0,0,0,0,""
21707,0,6,13,200,0,0,0,0,0,""
21708,0,6,13,200,0,0,0,0,0,""
21709,0,6,13,200,0,0,0,0,0,""
21710,0,6,14,200,0,0,0,0,0,""
21711,0,6,15,200,0,0,0,0,0,""
21712,0,6,15,200,0,0,0,0,0,""
21713,0,6,18,200,0,0,0,0,0,""
21714,0,6,18,200,0,0,0,0,0,""
21715,0,6,18,200,0,0,0,0,0,""
21716,0,6,18,200,0,0,0,0,0,""
21717,0,6,19,200,0,0,0,0,0,""
21718,0,6,20,200,0,0,0,0,0,""
21719,0,6,22,200,0,0,0,0,0,"auto_start"
21720,0,6,22,200,0,0,0,0,0,""
21721,0,6,23,200,0,0,0,0,0,""
21722,0,6,23,200,0,0,0,0,0,""
21723,0,6,24,200,0,0,0,0,0,""
21724,0,6,25,200,0,0,0,0,0,""
21725,0,6,25,200,0,0,0,0,0,""
21726,0,6,28,200,0,0,0,0,0,""
21727,0,6,28,200,0,0,0,0,0,""
21728,0,6,28,200,0,0,0,0,0,""
21729,0,6,28,200,0,0,0,0,0,""
21730,0,6,28,200,0,0,0,0,0,""
21731,0,6,29,200,0,0,0,0,0,""
21732,0,6,29,200,0,0,0,0,0,""
21733,0,6,31,200,0,0,0,0,0,"auto_start"
21734,0,6,37,200,0,0,0,0,0,"auto_start"
21735,0,6,37,200,0,0,0,0,0,""
21736,0,6,45,200,0,0,0,0,0,"auto_start"
21737,0,6,45,200,0,0,0,0,0,""
21738,0,6,45,200,0,0,0,0,0,""
21739,0,6,45,200,0,0,0,0,0,""
21740,0,6,45,200,0,0,0,0,0,""
21741,0,6,54,200,0,0,0,0,0,"auto_start"
21742,0,6,54,200,0,0,0,0,0,""
21743,0,6,54,200,0,0,0,0,0,""
21744,0,6,54,200,0,0,0,0,0,""
21745,0,6,54,200,0,0,0,0,0,""
21746,0,6,54,200,0,0,0,0,0,""
21747,0,6,54,200,0,0,0,0,0,""
21748,0,6,54,200,0,0,0,0,0,""
21749,0,6,63,200,0,0,0,0,0,"auto_start"
21750,0,6,63,200,0,0,0,0,0,"auto_start"
21751,0,6,63,200,0,0,0,0,0,""
21752,0,6,63,200,0,0,0,0,0,""
21753,0,6,63,200,0,0,0,0,0,""
21754,0,6,63,200,0,0,0,0,0,""
21755,0,6,63,200,0,0,0,0,0,""
21756,0,6,68,200,0,0,0,0,0,"auto_start"
21757,0,6,68,200,0,0,0,0,0,""
21758,0,6,70,200,0,0,0,0,0,"auto_start"
21766,0,6,13,200,0,0,0,0,0,""
21767,0,6,13,200,0,0,0,0,0,""
28000,0,50,1,200,0,0,0,0,0,"auto_start"
28001,0,50,1,200,0,0,0,0,0,""
28002,0,50,1,200,0,0,0,0,0,"auto_start"
28003,0,50,1,200,0,0,0,0,0,""
28004,0,50,1,200,0,0,0,0,0,""
28102,0,30,20,200,0,0,0,0,0,""
28103,0,30,35,200,0,0,1440,0,0,""
28104,0,30,35,200,0,0,1440,0,0,""
28105,0,45,50,200,0,0,0,0,0,""
28106,0,45,50,200,0,0,0,0,0,""
28107,0,50,10,200,0,0,60,0,0,""
28108,0,50,10,200,0,0,60,0,0,""
28109,0,50,1,200,0,0,60,0,0,""
28110,0,50,1,200,0,0,60,0,0,""
28114,0,50,90,200,0,0,0,0,0,""
28115,0,45,50,200,0,0,0,0,0,""
28116,0,45,50,200,0,0,0,0,0,""
28117,0,50,10,200,0,0,40,0,0,"auto_start"
28118,0,50,10,200,0,0,0,0,0,""
28120,0,50,15,39,0,0,0,0,0,""
28121,0,50,40,59,0,0,0,0,0,""
28122,0,50,60,200,0,0,0,0,0,""
28124,0,45,50,200,0,0,0,0,0,""
28125,0,45,50,200,0,0,0,0,0,""
28128,0,50,12,200,0,0,0,0,0,""
28129,0,50,1,200,0,0,5,0,0,""
28130,0,50,15,200,0,0,5,0,0,""
28131,0,50,1,200,0,0,0,0,0,""
28136,0,30,1,200,0,0,0,0,0,"auto_start"
28137,0,50,10,200,0,0,0,0,0,""
28138,0,50,10,200,0,0,0,0,0,""
28139,0,50,10,200,0,0,0,0,0,""
28140,0,50,10,200,0,0,0,0,0,""
28141,0,50,1,200,0,0,60,0,0,"auto_start"
28142,0,50,1,200,0,0,60,0,0,"auto_start"
28143,0,50,1,200,0,0,60,0,0,"auto_start"
28144,0,50,1,200,0,0,60,0,0,"auto_start"
28145,0,50,10,200,0,0,0,0,0,""
28146,0,50,10,200,0,0,0,0,0,""
28147,0,50,10,200,0,0,0,0,0,""
28148,0,50,10,200,0,0,0,0,0,""
28149,0,50,1,200,0,0,60,0,0,"auto_start"
28150,0,50,1,200,0,0,60,0,0,"auto_start"
28151,0,50,1,200,0,0,60,0,0,"auto_start"
28152,0,50,1,200,0,0,60,0,0,"auto_start"
28153,0,50,10,200,0,0,0,0,0,""
28154,0,50,1,200,0,0,60,0,0,"auto_start"
28155,0,50,10,200,0,0,0,0,0,""
28156,0,50,1,200,0,0,60,0,0,"auto_start"
28157,0,50,10,200,0,0,0,0,0,""
28158,0,50,10,200,0,0,0,0,0,""
28159,0,50,10,200,0,0,0,0,0,""
28160,0,50,10,200,0,0,0,0,0,""
28161,0,50,10,200,0,0,0,0,0,""
28162,0,10,1,200,0,0,0,0,0,""
28163,0,10,1,200,0,0,0,0,0,""
28164,0,10,1,200,0,0,0,0,0,""
28165,0,10,1,200,0,0,0,0,0,""
28166,0,10,1,200,0,0,0,0,0,""
28167,0,10,1,200,0,0,0,0,0,""
28168,0,10,1,200,0,0,0,0,0,""
28169,0,10,1,200,0,0,0,0,0,""
28170,28170,10,1,200,0,0,0,0,0,""
28171,0,10,1,200,0,0,0,0,0,""
28172,0,10,1,200,0,0,0,0,0,""
28173,0,10,1,200,0,0,0,0,0,""
28174,0,10,1,200,0,0,0,0,0,""
28175,0,10,1,200,0,0,0,0,0,""
28176,0,10,1,200,0,0,0,0,0,""
28177,0,10,1,200,0,0,0,0,0,""
28178,0,10,1,200,0,0,0,0,0,""
28179,0,10,1,200,0,0,0,0,0,""
28180,0,10,1,200,0,0,0,0,0,""
28181,0,10,1,200,0,0,0,0,0,""
28182,0,10,1,200,0,0,0,0,0,""
28183,0,10,1,200,0,0,0,0,0,""
28184,0,10,1,200,0,0,0,0,0,""
28185,0,10,1,200,0,0,0,0,0,""
28186,0,10,1,200,0,0,0,0,0,""
28187,0,10,1,200,0,0,0,0,0,""
28188,0,10,1,200,0,0,0,0,0,""
28189,0,10,1,200,0,0,0,0,0,""
28190,0,10,1,200,0,0,0,0,0,""
28191,0,10,1,200,0,0,0,0,0,""
28192,0,10,1,200,0,0,0,0,0,""
28193,0,10,1,200,0,0,0,0,0,""
28194,0,10,1,200,0,0,0,0,0,""
28195,0,10,1,200,0,0,0,0,0,""
28196,0,10,1,200,0,0,0,0,0,""
28197,0,10,1,200,0,0,0,0,0,""
28198,0,10,1,200,0,0,0,0,0,""
28199,0,10,1,200,0,0,0,0,0,""
28200,0,10,1,200,0,0,0,0,0,""
28201,0,10,1,200,0,0,0,0,0,""
28202,0,10,1,200,0,0,0,0,0,""
28203,0,10,1,200,0,0,0,0,0,""
28204,0,10,1,200,0,0,0,0,0,""
28205,0,10,1,200,0,0,0,0,0,""
28206,0,10,1,200,0,0,0,0,0,""
28207,0,10,1,200,0,0,0,0,0,""
28208,0,10,1,200,0,0,0,0,0,""
28209,0,10,1,200,0,0,0,0,0,""
28210,0,10,1,200,0,0,0,0,0,""
28211,0,10,1,200,0,0,0,0,0,""
28212,0,10,1,200,0,0,0,0,0,""
28213,0,10,1,200,0,0,0,0,0,""
28214,0,10,1,200,0,0,0,0,0,""
28215,0,10,1,200,0,0,0,0,0,""
28216,0,10,1,200,0,0,0,0,0,""
28217,0,10,1,200,0,0,0,0,0,""
28218,0,10,1,200,0,0,0,0,0,""
28219,0,10,1,200,0,0,0,0,0,""
28220,0,10,1,200,0,0,0,0,0,""
28221,0,10,1,200,0,0,0,0,0,""
28222,0,10,1,200,0,0,0,0,0,""
28223,0,10,1,200,0,0,0,0,0,""
28224,0,10,1,200,0,0,0,0,0,""
28225,0,10,1,200,0,0,0,0,0,""
28226,0,10,1,200,0,0,0,0,0,""
28227,0,10,1,200,0,0,0,0,0,""
28228,0,10,1,200,0,0,0,0,0,""
28229,0,10,1,200,0,0,0,0,0,""
28230,0,10,1,200,0,0,0,0,0,""
28231,0,10,1,200,0,0,0,0,0,""
28232,0,10,1,200,0,0,0,0,0,""
28233,0,10,1,200,0,0,0,0,0,""
28234,0,10,1,200,0,0,0,0,0,""
28235,0,10,1,200,0,0,0,0,0,""
28236,0,10,1,200,0,0,0,0,0,""
28237,0,10,1,200,0,0,0,0,0,""
28238,0,10,1,200,0,0,0,0,0,""
28239,0,10,1,200,0,0,0,0,0,""
28240,0,10,1,200,0,0,0,0,0,""
28241,0,10,1,200,0,0,0,0,0,""
28242,0,10,1,200,0,0,0,0,0,""
28243,0,10,1,200,0,0,0,0,0,""
28244,0,10,1,200,0,0,0,0,0,""
28245,0,10,1,200,0,0,0,0,0,""
28246,0,10,1,200,0,0,0,0,0,""
28247,0,10,1,200,0,0,0,0,0,""
28248,0,10,1,200,0,0,0,0,0,""
28249,0,10,1,200,0,0,0,0,0,""
28250,0,10,1,200,0,0,0,0,0,""
28251,0,10,1,200,0,0,0,0,0,""
28252,0,10,1,200,0,0,0,0,0,""
28253,0,10,1,200,0,0,0,0,0,""
28254,0,10,1,200,0,0,0,0,0,""
28255,0,10,1,200,0,0,0,0,0,""
28256,0,10,1,200,0,0,0,0,0,""
28257,0,30,1,200,0,0,0,0,0,"auto_start"
28258,0,30,1,200,0,0,0,0,0,"auto_start"
28259,0,30,1,200,0,0,0,0,0,"auto_start"
28260,0,30,1,200,0,0,0,0,0,"auto_start"
28261,0,30,1,200,0,0,0,0,0,"auto_start"
28262,0,30,1,200,0,0,0,0,0,"auto_start"
28263,0,30,25,200,0,0,0,0,0,""
28264,0,30,25,200,0,0,0,0,0,""
28265,0,30,25,200,0,0,0,0,0,""
28266,0,30,25,200,0,0,0,0,0,""
28267,0,30,14,200,0,0,0,0,0,""
28268,0,30,1,200,0,0,0,0,0,""
28269,0,30,12,200,0,0,0,0,0,""
28270,0,30,1,200,0,0,0,0,0,""
28271,0,30,12,200,0,0,0,0,0,""
28272,0,30,12,200,0,0,0,0,0,""
28273,0,30,1,200,0,0,0,0,0,""
28274,0,30,12,200,0,0,0,0,0,""
28275,0,30,14,200,0,0,0,0,0,""
28276,0,30,1,200,0,0,0,0,0,""
28277,0,30,1,200,0,0,0,0,0,""
28278,0,30,1,200,0,0,0,0,0,""
28279,0,30,12,200,0,0,0,0,0,""
28280,0,30,1,200,0,0,0,0,0,""
28281,0,30,12,200,0,0,0,0,0,""
28282,0,30,25,200,0,0,0,0,0,""
28283,0,30,25,200,0,0,0,0,0,""
28284,0,50,11,30,0,0,60,0,0,""
28285,0,50,31,50,0,0,60,0,0,""
28286,0,50,51,200,0,0,60,0,0,""
28287,0,50,11,200,0,0,0,0,0,"auto_start"
28288,0,50,1,200,0,0,0,0,0,""
28289,0,50,1,200,0,0,0,0,0,""
28290,0,50,1,200,0,0,0,0,0,""
28291,0,50,1,200,0,0,0,0,0,""
28292,0,50,1,200,0,0,0,0,0,""
28293,0,50,1,200,0,0,0,0,0,""
28294,0,50,1,200,0,0,0,0,0,""
28295,0,50,11,200,0,0,0,0,0,"auto_start"
28296,0,50,1,200,0,0,0,0,0,""
28297,0,50,1,200,0,0,0,0,0,""
28298,0,50,1,200,0,0,0,0,0,""
28302,0,50,15,40,0,0,0,0,0,""
28303,0,50,1,200,0,0,0,0,0,""
28304,0,50,1,200,0,0,0,0,0,""
28305,0,50,1,200,0,0,0,0,0,""
28306,0,50,1,200,0,0,0,0,0,""
28307,0,50,1,200,0,0,0,0,0,""
28308,0,50,1,200,0,0,0,0,0,""
28309,0,50,41,60,0,0,0,0,0,""
28310,0,50,1,200,0,0,0,0,0,""
28311,0,50,1,200,0,0,0,0,0,""
28312,0,50,1,200,0,0,0,0,0,""
28313,0,50,1,200,0,0,0,0,0,""
28314,0,50,1,200,0,0,0,0,0,""
28315,0,50,1,200,0,0,0,0,0,""
28316,0,50,61,200,0,0,0,0,0,""
28317,0,50,1,200,0,0,0,0,0,""
28318,0,50,1,200,0,0,0,0,0,""
28319,0,50,1,200,0,0,0,0,0,""
28320,0,50,1,200,0,0,0,0,0,""
28321,0,50,1,200,0,0,0,0,0,""
28322,0,50,1,200,0,0,0,0,0,""
28325,0,10,1,200,0,0,0,0,0,""
28326,0,50,10,30,0,0,30,0,0,""
28327,0,50,31,60,0,0,30,0,0,""
28328,0,50,61,200,0,0,30,0,0,""
28329,0,50,10,200,0,0,0,0,0,"auto_start"
28331,0,30,23,200,0,0,0,0,0,""
28333,0,50,13,200,0,0,0,0,0,""
28335,0,50,30,200,0,0,0,0,0,"auto_start"
28336,0,50,50,200,0,0,0,0,0,"auto_start"
28337,0,50,8,200,0,0,120,0,0,"auto_start"
28338,0,50,8,200,0,0,60,0,0,"auto_start"
28339,0,50,8,200,0,0,60,0,0,"auto_start"
28340,0,50,8,200,0,0,60,0,0,"auto_start"
28341,0,50,8,200,0,0,60,0,0,"auto_start"
28344,0,50,13,200,0,0,0,0,0,"auto_start"
29000,0,51,15,200,0,0,0,0,0,""
29001,0,51,30,200,0,0,0,0,0,""
29002,0,51,20,200,0,0,0,0,2592000,""
29003,0,51,20,200,0,0,0,0,2592000,""
29004,0,51,20,200,0,0,0,0,0,""
29005,0,51,15,200,0,0,0,0,0,""
29006,0,51,30,200,0,0,0,0,0,""
29007,0,51,20,200,0,0,0,0,0,""
29008,0,51,20,200,0,0,0,0,0,""
29009,0,51,30,200,0,0,0,0,0,""
29010,0,51,25,200,0,0,0,0,0,""
29011,0,51,60,200,0,0,0,0,0,""
29012,0,51,60,200,0,0,0,0,0,"auto_start"
29013,0,51,60,200,0,0,0,0,0,"auto_start"
29014,0,51,40,200,0,0,0,0,0,""
29015,0,51,40,200,0,0,0,0,0,"auto_start"
29016,0,51,40,200,0,0,0,0,0,""
29017,0,51,57,200,0,0,0,0,0,""
29018,0,51,67,200,0,0,0,0,0,""
29019,0,51,92,200,0,0,0,0,0,""
29020,0,51,13,200,0,0,0,0,0,""
29300,0,10,180,200,0,0,0,0,0,""
29301,0,10,180,200,0,0,0,0,0,""
29302,0,10,180,200,0,0,0,0,0,""
29303,0,10,180,200,0,0,0,0,0,""
29304,0,10,180,200,0,0,0,0,0,""
29400,0,51,10,200,0,0,0,0,2592000,""
29500,0,51,1,200,0,0,0,0,0,""
29501,0,51,1,200,0,0,0,0,0,""
29502,0,51,1,200,0,0,0,0,0,""
29503,0,51,30,200,0,0,0,0,3600,""
29505,0,10,51,200,0,0,0,0,0,""
29506,0,10,51,200,0,0,0,0,0,""
29507,0,51,10,200,1400,0,0,0,0,""
29508,0,51,10,200,0,0,0,0,0,""
29509,0,51,10,200,0,0,0,0,0,""
29510,0,50,15,200,0,0,60,0,0,"auto_start"
29512,0,51,10,200,0,0,0,0,0,""
29900,0,51,8,200,0,0,0,0,0,"auto_start"
29901,0,51,30,200,0,0,0,0,0,"auto_start"
29902,0,51,70,200,0,0,0,0,0,"auto_start"
29903,0,51,120,200,0,0,0,0,0,"auto_start"
29904,0,51,1,200,0,0,0,0,0,"auto_start"
29905,0,51,1,200,0,0,0,0,0,"auto_start"
29906,0,51,10,200,0,0,0,0,0,"auto_start"
29907,0,51,30,200,0,0,0,0,0,"auto_start"
29908,0,51,70,200,0,0,0,0,0,"auto_start"
29909,0,51,120,200,0,0,0,0,0,"auto_start"
29910,0,51,180,200,0,0,0,0,0,"auto_start"
29911,0,51,180,200,0,0,0,0,0,"auto_start"
29912,0,51,180,200,0,0,0,0,0,"auto_start"
29913,0,51,180,200,0,0,0,0,0,"auto_start"
29914,0,51,180,200,0,0,0,0,0,"auto_start"
29915,0,51,25,200,0,0,0,0,0,"auto_start"
29916,0,51,1,200,0,0,0,0,0,"auto_start"
29917,0,51,1,200,0,0,0,0,0,"auto_start"
29918,0,51,1,200,0,0,0,0,0,"auto_start"
29919,0,51,1,200,0,0,0,0,0,"auto_start"
29920,0,51,1,200,0,0,0,0,0,"auto_start"
29921,0,51,1,200,0,0,0,0,0,"auto_start"
29922,0,51,10,200,0,0,0,0,0,"auto_start"
29923,0,51,10,200,0,0,0,0,0,"auto_start"
29924,0,51,10,200,0,0,0,0,0,"auto_start"
29925,0,51,30,200,0,0,0,0,0,"auto_start"
29926,0,51,70,200,0,0,0,0,0,"auto_start"
29927,0,51,120,200,0,0,0,0,0,"auto_start"
29928,0,51,200,200,0,0,0,0,0,"auto_start"
29929,0,51,13,200,0,0,0,0,0,""
29930,0,51,13,200,0,0,0,0,0,""
29931,0,51,25,200,0,0,0,0,0,""
29932,0,51,40,200,0,0,0,0,0,""
29933,0,51,1,200,0,0,0,0,0,"auto_start"
