skillid,skill_level,buff_time,mp_cost,x_property,y_property,chance,target_count,cooldown,ltx,rbx,lty,rby,hp_limit_percentage,summon_limit,summon_effect
100,1,30,5,115,0,0,0,40,0,0,0,0,100,0,0
100,2,30,5,130,0,0,0,40,0,0,0,0,100,0,0
100,3,30,5,130,0,0,0,40,0,0,0,0,50,0,0
100,4,60,5,100,0,0,0,30,0,0,0,0,100,0,0
100,5,60,5,100,0,0,0,30,0,0,0,0,100,0,0
100,6,1,1,100,0,0,0,5,0,0,0,0,100,0,0
100,7,1,1,1,0,0,0,8,0,0,0,0,100,0,0
100,8,10,1,100,0,0,0,90,0,0,0,0,100,0,0
100,9,6000,0,110,0,0,0,0,0,0,0,0,100,0,0
100,10,6000,0,120,0,0,0,0,0,0,0,0,100,0,0
100,11,6000,0,130,0,0,0,0,0,0,0,0,100,0,0
100,12,6000,0,140,0,0,0,0,0,0,0,0,100,0,0
100,13,6000,0,150,0,0,0,0,0,0,0,0,100,0,0
100,14,6000,0,160,0,0,0,0,0,0,0,0,100,0,0
100,15,6000,0,170,0,0,0,0,0,0,0,0,100,0,0
100,16,15,0,170,0,0,0,0,0,0,0,0,100,0,0
100,17,1,1,100,0,0,0,15,0,0,0,0,100,0,0
100,18,1,1,100,0,0,0,5,0,0,0,0,100,0,0
100,19,15,0,170,0,0,0,0,0,0,0,0,100,0,0
100,20,30,5,115,0,0,0,40,0,0,0,0,100,0,0
100,21,15,20,120,0,0,0,30,0,0,0,0,70,0,0
100,22,15,20,140,0,0,0,30,0,0,0,0,70,0,0
100,23,15,20,160,0,0,0,30,0,0,0,0,70,0,0
101,1,30,5,115,0,0,0,35,0,0,0,0,100,0,0
101,2,30,5,130,0,0,0,40,0,0,0,0,100,0,0
101,3,10,1,100,0,0,0,90,0,0,0,0,100,0,0
101,4,6000,0,110,0,0,0,0,0,0,0,0,100,0,0
101,5,6000,0,120,0,0,0,0,0,0,0,0,100,0,0
101,6,6000,0,130,0,0,0,0,0,0,0,0,100,0,0
101,7,6000,0,140,0,0,0,0,0,0,0,0,100,0,0
101,8,6000,0,150,0,0,0,0,0,0,0,0,100,0,0
101,9,6000,0,160,0,0,0,0,0,0,0,0,100,0,0
101,10,6000,0,170,0,0,0,0,0,0,0,0,100,0,0
101,11,6000,0,180,0,0,0,0,0,0,0,0,100,0,0
101,12,6000,0,190,0,0,0,0,0,0,0,0,100,0,0
101,13,6000,0,200,0,0,0,0,0,0,0,0,100,0,0
101,14,10,1,100,0,0,0,90,0,0,0,0,100,0,0
101,15,30,5,115,0,0,0,35,0,0,0,0,100,0,0
101,16,30,1,115,0,0,0,35,0,0,0,0,100,0,0
101,17,20,20,120,0,0,0,30,0,0,0,0,70,0,0
101,18,20,20,140,0,0,0,30,0,0,0,0,70,0,0
101,19,20,20,160,0,0,0,30,0,0,0,0,70,0,0
102,1,30,5,85,0,0,0,40,0,0,0,0,100,0,0
102,2,30,5,60,0,0,0,40,0,0,0,0,100,0,0
102,3,20,5,85,0,0,0,30,0,0,0,0,100,0,0
102,4,10,1,100,0,0,0,90,0,0,0,0,100,0,0
102,5,60,10,100,0,0,0,120,0,0,0,0,100,0,0
102,6,20,5,85,0,0,0,30,0,0,0,0,100,0,0
102,7,20,5,85,0,0,0,30,0,0,0,0,100,0,0
103,1,30,5,85,0,0,0,40,0,0,0,0,100,0,0
103,2,30,5,60,0,0,0,40,0,0,0,0,100,0,0
103,3,10,1,100,0,0,0,90,0,0,0,0,100,0,0
103,4,60,10,100,0,0,0,120,0,0,0,0,100,0,0
103,5,30,5,60,0,0,0,40,0,0,0,0,100,0,0
110,1,30,5,115,0,0,0,10,-300,300,-200,200,100,0,0
110,2,30,5,115,0,0,0,35,-300,300,-200,200,100,0,0
110,3,30,5,115,0,0,0,60,-400,400,-350,250,100,0,0
110,4,30,5,130,0,0,0,40,-400,400,-350,250,100,0,0
110,5,30,5,130,0,0,0,40,-800,800,-800,50,100,0,0
110,6,15,5,115,0,0,0,60,-800,800,-800,50,100,0,0
110,7,10,1,100,0,0,0,90,0,0,0,0,100,0,0
110,8,30,10,200,0,0,0,40,-400,400,-350,250,60,0,0
110,9,15,5,115,0,0,0,60,-800,800,-800,50,100,0,0
111,1,30,5,115,0,0,0,10,-300,300,-200,200,100,0,0
111,2,30,5,115,0,0,0,40,-300,300,-200,200,100,0,0
111,3,30,5,115,0,0,0,60,-400,400,-350,250,100,0,0
111,4,30,5,130,0,0,0,40,-800,800,-800,50,100,0,0
111,5,30,5,140,0,0,0,60,-400,400,-350,250,100,0,0
111,6,10,1,100,0,0,0,90,0,0,0,0,100,0,0
112,1,30,5,85,0,0,0,10,-300,300,-200,200,100,0,0
112,2,30,5,85,0,0,0,35,-300,300,-200,200,100,0,0
112,3,30,5,85,0,0,0,50,-400,400,-350,250,100,0,0
112,4,20,5,85,0,0,0,30,-400,400,-350,250,100,0,0
112,5,10,1,100,0,0,0,90,0,0,0,0,100,0,0
113,1,30,5,85,0,0,0,10,-300,300,-200,200,100,0,0
113,2,30,5,85,0,0,0,40,-300,300,-200,200,100,0,0
113,3,30,5,85,0,0,0,50,-400,400,-350,250,100,0,0
113,4,30,5,85,0,0,0,50,-800,800,-800,50,100,0,0
113,5,0,0,0,0,0,0,0,0,0,0,0,100,0,0
113,6,0,0,0,0,0,0,0,0,0,0,0,100,0,0
113,7,0,0,0,0,0,0,0,0,0,0,0,100,0,0
113,8,30,5,85,0,0,0,50,-800,800,-800,50,100,0,0
114,1,1,10,50000,5000,0,0,20,-400,400,-350,250,100,0,0
114,2,1,5,30000,20000,0,0,25,-400,400,-350,250,99,0,0
114,3,1,5,30000,20000,0,0,30,-400,400,-350,250,99,0,0
114,4,1,10,30000,10000,0,0,1,-400,400,-350,250,99,0,0
114,5,1,10,30000,10000,0,0,3,-1220,220,-410,50,99,0,0
114,6,1,10,30000,10000,0,0,3,-210,960,-400,50,99,0,0
114,7,1,10,30000,20000,0,0,11,-400,570,-205,60,99,0,0
114,8,1,5,20000,10000,0,0,23,-730,370,-190,115,99,0,0
114,9,1,5,50000,20000,0,0,30,-800,800,-800,50,90,0,0
114,10,1,5,150000,50000,0,0,30,-800,800,-800,50,30,0,0
114,11,1,5,100000,30000,0,0,20,-800,800,-800,800,99,0,0
114,12,1,10,5000,500,0,0,90,-400,400,-350,250,70,0,0
114,13,1,10,700,200,0,0,30,-400,400,-350,250,80,0,0
114,14,1,10,700,200,0,0,30,-400,400,-350,250,80,0,0
114,15,1,10,700,200,0,0,30,-400,400,-350,250,80,0,0
114,16,1,10,10000,1000,0,0,20,-400,400,-350,250,80,0,0
114,17,1,10,5000,500,0,0,20,-400,400,-350,250,90,0,0
114,18,1,10,3000,200,0,0,10,-400,400,-350,250,90,0,0
114,19,1,10,1000,200,0,0,20,-400,400,-350,250,70,0,0
114,20,1,10,1000,200,0,0,20,-400,400,-350,250,70,0,0
114,21,1,10,1000,200,0,0,20,-400,400,-350,250,70,0,0
114,22,1,5,20000,10000,0,0,60,-400,400,-350,250,70,0,0
114,23,1,5,500,50,0,0,300,-400,400,-350,250,80,0,0
114,24,1,10,150000,50000,0,0,30,-400,400,-350,250,80,0,0
114,25,1,10,200000,50000,0,0,30,-800,800,-350,250,100,0,0
114,26,1,5,1000,300,0,0,20,-400,400,-350,250,60,0,0
114,27,1,10,200000,50000,0,0,30,-800,800,-350,250,100,0,0
114,28,1,20,500000,1000,0,0,30,-800,800,-800,800,95,0,0
114,29,1,25,500,100,0,0,30,-400,400,-350,250,100,0,0
114,30,1,1,5000,200,0,0,10,-400,400,-350,250,100,0,0
114,31,1,1,10000,200,0,0,10,-400,400,-350,250,100,0,0
114,32,1,10,100000,50000,0,0,30,-800,800,-350,250,40,0,0
114,33,1,50,15000,2500,0,0,65,-800,800,-350,250,30,0,0
114,34,1,50,15000,2500,0,0,65,-144,144,-176,16,30,0,0
115,1,10,1,30,0,0,0,3,-400,400,-350,250,100,0,0
120,1,30,5,0,0,50,0,10,-300,300,-120,120,100,0,0
120,2,30,5,0,0,50,0,35,-300,300,-120,120,100,0,0
120,3,30,5,0,0,70,0,35,-450,450,-300,300,100,0,0
120,4,30,5,0,0,100,0,10,-450,450,-300,300,100,0,0
120,5,30,5,0,0,100,0,22,-1220,200,-490,60,100,0,0
120,6,30,5,0,0,100,0,22,-20,1210,-480,50,100,0,0
120,7,30,5,0,0,100,0,25,-1090,1210,-190,50,100,0,0
120,8,30,5,0,0,90,0,25,-800,800,-800,50,100,0,0
120,9,30,5,0,0,50,0,50,-300,300,-120,120,100,0,0
120,10,15,0,0,0,100,0,0,0,0,0,0,100,0,0
120,11,10,5,0,0,100,0,20,-300,300,-120,120,100,0,0
120,12,10,5,0,0,100,0,20,-300,300,-120,120,100,0,0
120,13,10,5,0,0,70,0,30,-800,800,-800,50,100,0,0
120,14,3,5,0,0,10,0,10,-300,300,-120,120,100,0,0
120,15,10,5,0,0,70,0,30,-800,800,-800,50,100,0,0
120,16,7,5,0,0,60,0,25,-800,800,-800,50,100,0,0
121,1,30,5,0,0,50,0,10,-300,300,-120,120,100,0,0
121,2,30,5,0,0,50,0,35,-300,300,-120,120,100,0,0
121,3,30,5,0,0,70,0,10,-450,450,-300,300,100,0,0
121,4,30,5,0,0,90,0,15,-800,800,-800,50,100,0,0
121,5,30,5,0,0,50,0,25,-300,300,-120,120,100,0,0
121,6,15,0,0,0,80,0,0,0,0,0,0,100,0,0
121,7,10,5,0,0,80,0,15,-300,300,-120,120,100,0,0
121,8,10,5,0,0,100,0,20,-300,300,-120,120,100,0,0
121,9,15,5,0,0,60,0,60,-450,450,-300,300,100,0,0
121,10,30,5,0,0,70,0,15,-800,800,-800,50,100,0,0
121,11,30,5,0,0,80,0,15,-800,800,-800,50,100,0,0
121,12,0,0,0,0,0,0,0,0,0,0,0,100,0,0
121,13,15,5,0,0,60,0,60,-450,450,-300,300,100,0,0
121,14,10,5,0,0,60,0,30,-450,450,-300,300,100,0,0
122,1,30,5,0,0,50,0,10,-300,300,-120,120,100,0,0
122,2,30,5,0,0,50,0,35,-300,300,-120,120,100,0,0
122,3,30,5,0,0,70,0,45,-450,450,-300,300,100,0,0
122,4,30,5,0,0,70,0,45,-200,200,-120,30,100,0,0
122,5,30,2,0,0,30,0,45,-200,200,-120,30,100,0,0
122,6,30,2,0,0,70,0,45,-800,800,-800,50,100,0,0
122,7,15,0,0,0,80,0,0,0,0,0,0,100,0,0
122,8,300,0,0,0,100,0,0,0,0,0,0,100,0,0
122,9,10,5,0,0,50,0,90,-200,200,-120,30,100,0,0
122,10,10,5,0,0,80,0,30,-200,200,-120,30,100,0,0
122,11,10,5,0,0,100,0,20,-300,300,-120,120,100,0,0
122,12,5,5,0,0,100,0,1,-450,450,-300,300,100,0,0
122,13,5,5,0,0,100,0,1,-450,450,-300,300,100,0,0
123,1,5,5,0,0,50,0,10,-300,300,-120,120,100,0,0
123,2,5,5,0,0,50,0,35,-300,300,-120,120,100,0,0
123,3,5,5,0,0,100,0,10,-300,300,-120,120,100,0,0
123,4,3,5,0,0,100,0,1,-300,300,-120,120,100,0,0
123,5,3,5,0,0,60,0,1,-300,300,-120,120,100,0,0
123,6,1,5,0,0,100,0,10,-300,300,-120,120,100,0,0
123,7,5,2,0,0,60,0,30,-350,30,-150,25,100,0,0
123,8,2,3,0,0,60,0,15,-200,200,-120,20,100,0,0
123,9,2,1,0,0,20,0,10,-300,300,-120,120,100,0,0
123,10,2,1,0,0,90,0,1,-800,800,-110,10,100,0,0
123,11,5,0,0,0,100,0,0,0,0,0,0,100,0,0
123,12,10,5,0,0,100,0,20,-300,300,-120,120,100,0,0
123,13,2,0,0,0,100,0,0,0,0,0,0,100,0,0
123,14,5,0,0,0,100,0,1,-250,10,-80,10,100,0,0
123,15,4,0,0,0,100,0,1,-250,10,-80,10,100,0,0
123,16,2,1,0,0,90,0,1,-800,800,-110,10,100,0,0
123,17,2,5,0,0,30,0,20,-130,10,-74,10,100,0,0
123,18,4,5,0,0,40,0,20,-130,10,-74,10,100,0,0
123,19,6,5,0,0,50,0,20,-130,10,-74,10,100,0,0
123,20,6,5,0,0,50,0,20,-130,10,-74,10,100,0,0
123,21,5,5,0,0,50,0,20,-130,10,-74,10,100,0,0
123,22,6,5,0,0,50,0,20,-130,10,-74,10,100,0,0
123,23,6,5,0,0,50,0,20,-130,10,-74,10,100,0,0
124,1,60,5,0,0,50,0,10,-300,300,-120,120,100,0,0
124,2,60,5,0,0,50,0,35,-300,300,-120,120,100,0,0
124,3,60,5,0,0,70,0,50,-450,450,-300,300,100,0,0
124,4,15,5,0,0,30,0,50,-300,300,-120,120,100,0,0
124,5,60,5,0,0,50,0,30,-200,200,-120,30,100,0,0
124,6,60,5,0,0,15,0,30,-200,200,-120,30,100,0,0
124,7,15,0,0,0,100,0,0,0,0,0,0,100,0,0
124,8,300,0,0,0,100,0,0,0,0,0,0,100,0,0
124,9,10,5,0,0,100,0,20,-300,300,-120,120,100,0,0
125,1,60,5,15,0,50,0,10,-150,0,-90,0,100,0,0
125,2,60,5,15,0,50,0,35,-150,0,-90,0,100,0,0
125,3,60,5,30,0,100,0,10,-150,0,-90,0,100,0,0
125,4,30,2,15,0,60,0,5,-150,0,-90,0,100,0,0
125,5,5,1,300,0,20,0,10,-150,0,-90,0,100,0,0
125,6,15,0,25,0,80,0,0,0,0,0,0,100,0,0
125,7,300,0,50,0,100,0,0,0,0,0,0,100,0,0
125,8,25,5,25,0,80,0,60,-150,0,-90,0,100,0,0
125,9,10,5,20,0,100,0,20,-300,300,-120,120,100,0,0
125,10,20,1,300,0,100,0,1,-300,300,-120,120,100,0,0
126,1,10,5,80,0,100,0,5,-300,300,-120,120,100,0,0
126,2,15,5,80,0,100,0,20,-300,300,-120,120,100,0,0
126,3,15,5,80,0,100,0,20,-700,240,-440,55,100,0,0
126,4,15,3,80,0,100,0,11,-730,580,-190,110,100,0,0
126,5,15,5,80,0,100,0,50,-300,300,-120,120,100,0,0
126,6,15,0,80,0,80,0,0,0,0,0,0,100,0,0
126,7,15,5,80,0,100,0,15,-300,300,-120,120,100,0,0
126,8,10,5,80,0,100,0,20,-300,300,-120,120,100,0,0
126,9,5,0,80,0,100,0,1,-120,120,-80,10,100,0,0
126,10,5,0,80,0,100,0,1,-120,120,-80,10,100,0,0
126,11,5,0,80,0,100,0,1,-120,120,-80,10,100,0,0
126,12,5,0,80,0,100,0,1,-120,120,-80,10,100,0,0
127,1,0,5,0,0,100,0,1,-300,300,-120,120,100,0,0
127,2,0,5,0,0,100,0,15,-1220,200,-490,60,100,0,0
127,3,0,5,0,0,100,0,5,-300,300,-120,120,100,0,0
127,4,0,5,0,0,100,0,15,-20,1210,-480,50,100,0,0
127,5,0,5,0,0,100,0,10,-800,800,-210,50,100,0,0
127,6,0,5,0,0,80,0,30,-300,300,-150,30,100,0,0
127,7,0,5,0,0,90,0,300,-800,800,-800,50,60,0,0
127,8,0,5,0,0,60,0,65,-1220,200,-490,60,100,0,0
127,9,0,0,0,0,100,0,0,0,0,0,0,100,0,0
127,10,0,5,0,0,90,0,180,-800,800,-800,50,30,0,0
127,11,0,5,0,0,100,0,20,-300,300,-120,120,100,0,0
127,12,0,5,0,0,33,0,0,-318,-49,-416,0,100,0,0
127,13,0,5,0,0,80,0,180,-800,800,-800,50,30,0,0
127,14,0,5,0,0,90,0,180,-800,800,-800,50,30,0,0
128,1,10,5,1,0,100,1,180,-800,800,-800,50,100,0,0
128,2,10,5,2,0,100,1,180,-800,800,-800,50,100,0,0
128,3,10,5,3,0,100,1,180,-800,800,-800,50,100,0,0
128,4,10,5,1,0,100,10,60,-800,800,-800,50,30,0,0
128,5,10,5,2,0,100,10,60,-800,800,-800,50,30,0,0
128,6,10,5,3,0,100,0,20,-300,300,-120,120,100,0,0
128,7,10,5,6,0,80,0,20,-310,500,-400,300,100,0,0
128,8,30,5,1,0,100,10,40,-800,800,-800,300,100,0,0
128,9,30,5,6,0,100,15,45,-800,800,-800,300,100,0,0
128,10,30,5,7,0,100,15,50,-800,800,-800,300,100,0,0
128,11,7,5,4,0,70,0,60,-800,800,-800,300,100,0,0
128,12,3,5,2,0,70,0,30,-800,800,-800,300,100,0,0
128,13,30,5,2,0,70,0,30,-800,800,-800,300,100,0,0
128,14,5,5,2,0,60,0,30,-800,800,-800,300,100,0,0
129,1,1,0,0,0,100,5,3,-200,200,-150,50,100,0,0
129,2,1,0,0,0,80,1,50,-64,58,-150,44,100,0,0
129,3,1,0,0,0,100,2,25,-64,58,-150,44,30,0,0
129,4,1,0,0,0,100,5,3,-200,200,-150,50,100,0,0
129,5,1,0,0,0,100,5,3,-200,200,-150,50,100,0,0
129,6,1,0,0,0,100,5,3,-200,200,-150,50,100,0,0
129,7,1,0,0,0,100,5,3,-200,200,-150,50,100,0,0
129,8,1,0,0,0,100,5,3,-200,200,-150,50,100,0,0
129,9,1,0,0,0,100,5,3,-200,200,-150,50,100,0,0
129,10,1,0,0,0,100,5,3,-200,200,-150,50,100,0,0
129,11,1,0,0,0,100,5,3,-200,200,-150,50,100,0,0
131,1,10,5,800,0,80,0,60,-50,300,-160,40,100,0,0
131,2,15,5,150,0,70,0,15,-135,135,-80,40,100,0,0
131,3,5,5,150,0,70,0,15,-135,135,-80,40,100,0,0
131,4,20,5,2000,0,90,0,40,100,550,-246,0,100,0,0
131,5,15,5,200,0,70,0,15,-135,135,-80,40,100,0,0
131,6,15,5,150,0,80,0,20,-135,135,-80,40,100,0,0
131,7,10,5,500,0,80,0,30,-50,300,-160,40,100,0,0
131,8,15,5,50,0,70,0,25,-135,135,-80,40,100,0,0
131,9,20,5,800,0,100,0,30,-672,-154,-122,8,100,0,0
132,1,15,0,1,0,100,0,0,0,0,0,0,100,0,0
132,2,15,1,1,0,100,0,60,-300,300,-120,120,100,0,0
132,3,3,0,1,0,8,0,0,0,0,0,0,100,0,0
132,4,5,0,1,0,100,0,0,-150,150,-100,100,100,0,0
132,5,12,0,1,0,100,0,0,0,0,0,0,100,0,0
132,6,12,0,1,0,100,0,0,0,0,0,0,100,0,0
132,7,10,0,1,0,70,0,60,-800,800,-800,50,100,0,0
133,1,20,1,70,0,70,0,60,-800,800,-600,250,100,0,0
133,2,7,1,50,0,100,0,60,-800,800,-600,250,100,0,0
133,3,7,1,50,0,100,0,60,-800,800,-600,250,25,0,0
133,4,7,1,50,0,90,0,20,-800,800,-600,250,25,0,0
133,5,7,1,50,0,100,0,60,-800,800,-600,250,25,0,0
134,1,10,5,1,0,80,8,48,-800,800,-800,50,100,0,0
134,2,8,5,1,0,85,8,20,-300,300,-150,14,100,0,0
135,1,20,5,330,0,100,0,90,-800,800,-800,50,100,0,0
135,2,20,5,330,0,100,0,90,-800,800,-800,50,100,0,0
136,1,10,5,1,0,50,8,50,-800,800,-800,301,100,0,0
140,1,30,5,1,0,0,0,45,0,0,0,0,99,0,0
140,2,2,5,1,0,0,0,40,0,0,0,0,99,0,0
140,3,10,5,1,0,0,0,35,0,0,0,0,50,0,0
140,4,8,5,1,0,0,0,30,0,0,0,0,99,0,0
140,5,35,5,1,0,0,0,11,0,0,0,0,99,0,0
140,6,10,3,1,0,0,0,30,0,0,0,0,99,0,0
140,7,30,3,1,0,0,0,17,0,0,0,0,99,0,0
140,8,5,3,1,0,0,0,30,0,0,0,0,80,0,0
140,9,40,1,1,0,0,0,60,0,0,0,0,99,0,0
140,10,1200,0,1,0,0,0,0,0,0,0,0,100,0,0
140,11,20,1,1,0,0,0,60,0,0,0,0,80,0,0
140,12,10,5,1,0,0,0,30,0,0,0,0,100,0,0
140,13,20,1,1,0,0,0,60,0,0,0,0,40,0,0
140,14,10,5,1,0,0,0,30,0,0,0,0,70,0,0
140,15,30,5,1,0,0,0,45,0,0,0,0,99,0,0
140,16,10,5,1,0,0,0,30,0,0,0,0,70,0,0
140,17,10,5,1,0,0,0,30,0,0,0,0,70,0,0
141,1,30,5,1,0,0,0,45,0,0,0,0,99,0,0
141,2,2,5,1,0,0,0,60,0,0,0,0,99,0,0
141,3,10,5,1,0,0,0,30,0,0,0,0,50,0,0
141,4,35,5,1,0,0,0,17,0,0,0,0,99,0,0
141,5,10,3,1,0,0,0,30,0,0,0,0,99,0,0
141,6,30,3,1,0,0,0,19,0,0,0,0,99,0,0
141,7,5,3,1,0,0,0,30,0,0,0,0,80,0,0
141,8,40,1,1,0,0,0,60,0,0,0,0,99,0,0
141,9,1200,0,1,0,0,0,0,0,0,0,0,100,0,0
141,10,20,1,1,0,0,0,60,0,0,0,0,80,0,0
141,11,10,5,1,0,0,0,30,0,0,0,0,100,0,0
141,12,30,5,1,0,0,0,45,0,0,0,0,99,0,0
141,13,10,5,1,0,0,0,30,0,0,0,0,100,0,0
141,14,10,5,1,0,0,0,30,0,0,0,0,100,0,0
142,1,30,1,1,0,0,0,60,0,0,0,0,70,0,0
142,2,15,1,1,0,0,0,60,0,0,0,0,60,0,0
143,1,20,1,10000,10000,0,0,45,0,0,0,0,95,0,0
143,2,7,1,5000,5000,0,0,60,0,0,0,0,60,0,0
143,3,7,1,3000,3000,0,0,30,0,0,0,0,60,0,0
143,4,7,1,3000,3000,0,0,30,0,0,0,0,60,0,0
144,1,20,1,10000,10000,0,0,80,0,0,0,0,100,0,0
144,2,7,1,5000,5000,0,0,60,0,0,0,0,50,0,0
144,3,7,1,5000,5000,0,0,60,0,0,0,0,50,0,0
145,1,10,5,2000,1500,0,0,60,0,0,0,0,50,0,0
145,2,20,1,10000,10000,0,0,60,0,0,0,0,90,0,0
145,3,7,1,5000,8000,0,0,60,0,0,0,0,95,0,0
145,4,7,1,1000,400,0,0,60,0,0,0,0,50,0,0
145,5,5,5,220,98,0,0,45,0,0,0,0,80,0,0
150,1,1200,0,40,0,0,0,0,0,0,0,0,100,0,0
151,1,1200,0,50,0,0,0,0,0,0,0,0,100,0,0
152,1,1200,0,50,0,0,0,0,0,0,0,0,100,0,0
153,1,1200,0,50,0,0,0,0,0,0,0,0,100,0,0
154,1,1200,0,50,0,0,0,0,0,0,0,0,100,0,0
155,1,1200,0,30,0,0,0,0,0,0,0,0,100,0,0
155,2,180,0,-990,0,0,0,0,0,0,0,0,100,0,0
156,1,1200,0,50,0,0,0,0,0,0,0,0,100,0,0
157,1,180,0,1,0,0,0,0,0,0,0,0,100,0,0
200,1,0,0,0,0,0,0,45,0,0,0,0,75,5,2
200,2,0,0,0,0,0,0,50,0,0,0,0,50,15,3
200,3,0,0,0,0,0,0,40,0,0,0,0,50,4,4
200,4,0,0,0,0,0,0,11,0,0,0,0,99,5000,5
200,5,0,0,0,0,0,0,9,0,0,0,0,75,5000,5
200,6,0,0,0,0,0,0,7,0,0,0,0,55,5000,5
200,7,0,0,0,0,0,0,5,0,0,0,0,35,5000,5
200,8,0,0,0,0,0,0,40,0,0,0,0,95,1,7
200,9,0,0,0,0,0,0,40,0,0,0,0,90,1,7
200,10,0,0,0,0,0,0,40,0,0,0,0,85,1,7
200,11,0,0,0,0,0,0,40,0,0,0,0,80,2,7
200,12,0,0,0,0,0,0,40,0,0,0,0,75,2,7
200,13,0,0,0,0,0,0,40,0,0,0,0,70,2,7
200,14,0,0,0,0,0,0,40,0,0,0,0,65,4,7
200,15,0,0,0,0,0,0,40,0,0,0,0,60,4,7
200,16,0,0,0,0,0,0,40,0,0,0,0,55,4,7
200,17,0,0,0,0,0,0,40,0,0,0,0,50,4,7
200,18,0,0,0,0,0,0,40,0,0,0,0,45,4,7
200,19,0,0,0,0,0,0,40,0,0,0,0,40,4,7
200,20,0,0,0,0,0,0,40,0,0,0,0,35,4,7
200,21,0,0,0,0,0,0,40,0,0,0,0,30,4,7
200,22,0,0,0,0,0,0,40,0,0,0,0,25,4,7
200,23,0,0,0,0,0,0,40,0,0,0,0,20,4,7
200,24,0,0,0,0,0,0,40,0,0,0,0,15,4,7
200,25,0,0,0,0,0,0,40,0,0,0,0,10,4,7
200,26,0,0,0,0,0,0,40,0,0,0,0,5,4,7
200,27,0,0,0,0,0,0,30,0,0,0,0,75,3,6
200,28,0,0,0,0,0,0,30,0,0,0,0,75,20,1
200,29,0,0,0,0,0,0,30,0,0,0,0,75,30,1
200,30,0,0,0,0,0,0,30,0,0,0,0,50,30,1
200,31,0,0,0,0,0,0,30,0,0,0,0,25,30,1
200,32,0,0,0,0,0,0,9,0,0,0,0,99,5000,5
200,33,0,0,0,0,0,0,7,0,0,0,0,75,5000,5
200,34,0,0,0,0,0,0,5,0,0,0,0,55,5000,5
200,35,0,0,0,0,0,0,5,0,0,0,0,35,5000,5
200,36,0,0,0,0,0,0,7,0,0,0,0,99,5000,5
200,37,0,0,0,0,0,0,5,0,0,0,0,75,5000,5
200,38,0,0,0,0,0,0,5,0,0,0,0,55,5000,5
200,39,0,0,0,0,0,0,1,-500,500,-500,-150,95,5000,1
200,40,0,0,0,0,0,0,1,-500,500,-150,0,95,5000,1
200,41,0,0,0,0,0,0,7,-1220,-100,-480,40,99,5000,1
200,42,0,0,0,0,0,0,19,-1220,-100,-480,40,90,5000,1
200,43,0,0,0,0,0,0,7,100,1200,-510,40,99,5000,1
200,44,0,0,0,0,0,0,19,100,1200,-510,40,90,5000,1
200,45,0,0,0,0,0,0,7,-440,380,-120,130,100,20,1
200,46,0,0,0,0,0,0,21,-595,595,330,400,100,40,1
200,47,0,0,0,0,0,0,23,-900,300,50,80,100,80,1
200,48,0,0,0,0,0,0,17,-730,370,-190,115,90,80,1
200,49,0,0,0,0,0,0,45,0,0,0,0,75,30,1
200,50,0,0,0,0,0,0,45,0,0,0,0,50,30,1
200,51,0,0,0,0,0,0,45,0,0,0,0,25,30,1
200,52,0,0,0,0,0,0,10,-16,16,-81,0,99,2,11
200,53,0,0,0,0,0,0,60,0,0,0,0,95,30,12
200,54,0,0,0,0,0,0,55,0,0,0,0,75,30,12
200,55,0,0,0,0,0,0,50,0,0,0,0,45,30,12
200,56,0,0,0,0,0,0,90,0,0,0,0,85,20,12
200,57,0,0,0,0,0,0,80,0,0,0,0,55,20,12
200,58,0,0,0,0,0,0,30,0,0,0,0,95,30,12
200,59,0,0,0,0,0,0,25,0,0,0,0,75,30,12
200,60,0,0,0,0,0,0,20,0,0,0,0,45,30,12
200,61,0,0,0,0,0,0,0,0,0,0,0,50,2,12
200,62,0,0,0,0,0,0,10,0,0,0,0,70,10,12
200,63,0,0,0,0,0,0,7,0,0,0,0,50,10,12
200,64,0,0,0,0,0,0,7,0,0,0,0,50,10,12
200,65,0,0,0,0,0,0,7,0,0,0,0,50,10,12
200,66,0,0,0,0,0,0,7,0,0,0,0,50,10,12
200,67,0,0,0,0,0,0,7,0,0,0,0,50,10,12
200,68,0,0,0,0,0,0,7,0,0,0,0,50,10,12
200,69,0,0,0,0,0,0,7,0,0,0,0,50,10,12
200,70,0,0,0,0,0,0,7,0,0,0,0,50,10,12
200,71,0,0,0,0,0,0,7,0,0,0,0,50,10,12
200,72,0,0,0,0,0,0,7,0,0,0,0,50,10,12
200,73,0,0,0,0,0,0,7,0,0,0,0,100,2,1
200,74,0,0,0,0,0,0,45,0,0,0,0,75,30,1
200,75,0,0,0,0,0,0,45,0,0,0,0,50,30,1
200,76,0,0,0,0,0,0,45,0,0,0,0,25,30,1
200,77,0,0,0,0,0,0,10,0,0,0,0,70,30,1
200,78,0,0,0,0,0,0,10,0,0,0,0,90,30,1
200,79,0,0,0,0,0,0,20,0,0,0,0,99,12,1
200,80,0,0,0,0,0,0,15,0,0,0,0,80,20,1
200,81,0,0,0,0,0,0,15,0,0,0,0,80,20,1
200,82,0,0,0,0,0,0,10,0,0,0,0,80,30,1
200,83,0,0,0,0,0,0,10,0,0,0,0,80,15,1
200,84,0,0,0,0,0,0,10,0,0,0,0,80,15,1
200,85,0,0,0,0,0,0,40,0,0,0,0,99,5000,1
200,86,0,0,0,0,0,0,7,0,0,0,0,50,10,12
200,87,0,0,0,0,0,0,7,0,0,0,0,50,10,12
200,88,0,0,0,0,0,0,10,0,0,0,0,80,15,1
200,89,0,0,0,0,0,0,40,0,0,0,0,80,6,1
200,90,0,0,0,0,0,0,30,0,0,0,0,50,4,1
200,91,0,0,0,0,0,0,15,0,0,0,0,30,4,1
200,92,0,0,0,0,0,0,15,0,0,0,0,30,4,1
200,93,0,0,0,0,0,0,0,0,0,0,0,75,10,1
200,94,0,0,0,0,0,0,10,0,0,0,0,50,15,1
200,95,0,0,0,0,0,0,30,0,0,0,0,80,15,1
200,96,0,0,0,0,0,0,20,0,0,0,0,50,15,1
200,97,0,0,0,0,0,0,15,0,0,0,0,30,15,1
200,98,0,0,0,0,0,0,0,0,0,0,0,50,10,1
200,99,0,0,0,0,0,0,0,0,0,0,0,25,10,1
200,100,0,0,0,0,0,0,15,0,0,0,0,30,15,1
200,101,0,0,0,0,0,0,60,0,0,0,0,80,5000,12
200,102,0,0,0,0,0,0,120,0,0,0,0,100,5000,12
200,103,0,0,0,0,0,0,15,0,0,0,0,90,10,6
200,104,0,0,0,0,0,0,15,0,0,0,0,90,10,6
200,105,0,0,0,0,0,0,15,0,0,0,0,90,10,6
200,106,0,0,0,0,0,0,15,0,0,0,0,90,10,6
200,107,0,0,0,0,0,0,15,0,0,0,0,90,10,6
200,108,0,0,0,0,0,0,15,0,0,0,0,90,10,6
200,109,0,0,0,0,0,0,15,0,0,0,0,90,10,6
200,110,0,0,0,0,0,0,15,0,0,0,0,90,10,6
200,111,0,0,0,0,0,0,15,0,0,0,0,90,10,6
200,112,0,0,0,0,0,0,15,0,0,0,0,90,10,6
200,113,0,0,0,0,0,0,15,0,0,0,0,90,10,6
200,114,0,0,0,0,0,0,15,0,0,0,0,90,10,6
200,115,0,0,0,0,0,0,15,0,0,0,0,90,10,6
200,116,0,0,0,0,0,0,15,0,0,0,0,90,10,6
200,117,0,0,0,0,0,0,15,0,0,0,0,90,10,6
200,118,0,0,0,0,0,0,15,0,0,0,0,90,10,6
200,119,0,0,0,0,0,0,15,0,0,0,0,90,10,6
200,120,0,0,0,0,0,0,15,0,0,0,0,90,10,6
200,121,0,0,0,0,0,0,15,0,0,0,0,90,10,6
200,122,0,0,0,0,0,0,15,0,0,0,0,90,10,6
200,123,0,0,0,0,0,0,15,0,0,0,0,90,10,6
200,124,0,0,0,0,0,0,15,0,0,0,0,90,10,6
200,125,0,0,0,0,0,0,15,0,0,0,0,90,10,6
200,126,0,0,0,0,0,0,15,0,0,0,0,90,10,6
200,127,0,0,0,0,0,0,15,0,0,0,0,90,10,6
200,128,0,0,0,0,0,0,15,0,0,0,0,90,10,6
200,129,0,0,0,0,0,0,15,0,0,0,0,90,10,6
200,130,0,0,0,0,0,0,15,0,0,0,0,90,10,6
200,131,0,0,0,0,0,0,15,0,0,0,0,90,10,6
200,132,0,0,0,0,0,0,15,0,0,0,0,90,10,6
200,133,0,0,0,0,0,0,15,0,0,0,0,90,10,6
200,134,0,0,0,0,0,0,15,0,0,0,0,90,10,6
200,135,0,0,0,0,0,0,1,0,0,0,0,70,10,1
200,136,0,0,0,0,0,0,15,0,0,0,0,90,10,6
200,137,0,0,0,0,0,0,7,0,0,0,0,50,10,12
200,138,0,0,0,0,0,0,0,0,0,0,0,10,10,1
200,139,0,0,0,0,0,0,0,0,0,0,0,10,10,1
200,140,0,0,0,0,0,0,90,0,0,0,0,75,10,7
200,141,0,0,0,0,0,0,120,0,0,0,0,75,10,7
200,142,0,0,0,0,0,0,120,0,0,0,0,75,10,7
200,143,0,0,0,0,0,0,120,0,0,0,0,75,10,7
200,144,0,0,0,0,0,0,90,0,0,0,0,75,5,7
200,145,0,0,0,0,0,0,120,0,0,0,0,75,1,7
200,146,0,0,0,0,0,0,90,0,0,0,0,75,1,12
200,147,0,0,0,0,0,0,0,0,0,0,0,10,10,1
200,148,0,0,0,0,0,0,0,0,0,0,0,90,10,1
200,149,0,0,0,0,0,0,0,0,0,0,0,90,10,1
200,150,0,0,0,0,0,0,100,0,0,0,0,100,3,12
200,151,0,0,0,0,0,0,15,0,0,0,0,90,10,6
200,152,0,0,0,0,0,0,15,0,0,0,0,90,10,6
200,153,0,0,0,0,0,0,15,0,0,0,0,90,10,6
200,154,0,0,0,0,0,0,15,0,0,0,0,90,10,6
200,155,0,0,0,0,0,0,15,0,0,0,0,90,10,6
200,156,0,0,0,0,0,0,15,0,0,0,0,90,10,6
200,157,0,0,0,0,0,0,15,0,0,0,0,90,10,6
200,158,0,0,0,0,0,0,15,0,0,0,0,90,10,6
200,159,0,0,0,0,0,0,90,0,0,0,0,100,6,12
200,160,0,0,0,0,0,0,150,0,0,0,0,100,4,12
200,161,0,0,0,0,0,0,150000,0,0,0,0,100,1200,12
200,162,0,0,0,0,0,0,100,0,0,0,0,100,3,12
200,163,0,0,0,0,0,0,180,0,0,0,0,100,3,12
200,164,0,0,0,0,0,0,80,0,0,0,0,60,200,12
200,165,0,0,0,0,0,0,40,0,0,0,0,80,200,12
200,166,0,0,0,0,0,0,60,0,0,0,0,40,2,12
200,167,0,0,0,0,0,0,60,0,0,0,0,50,3,12
200,168,0,0,0,0,0,0,30,0,0,0,0,50,20,25
200,169,0,0,0,0,0,0,30,0,0,0,0,50,20,26
200,170,0,0,0,0,0,0,10,0,0,0,0,90,11,28
200,171,0,0,0,0,0,0,10,0,0,0,0,90,11,28
200,172,0,0,0,0,0,0,10,0,0,0,0,90,11,28
200,173,0,0,0,0,0,0,60,0,0,0,0,50,5,12
200,174,0,0,0,0,0,0,0,0,0,0,0,100,0,0
200,175,0,0,0,0,0,0,0,0,0,0,0,100,0,0
200,176,0,0,0,0,0,0,60,0,0,0,0,50,2,12
