itemid,item_level,experience,str_min,str_max,dex_min,dex_max,int_min,int_max,luk_min,luk_max,speed_min,speed_max,jump_min,jump_max,weapon_defense_min,weapon_defense_max,weapon_attack_min,weapon_attack_max,magic_defense_min,magic_defense_max,magic_attack_min,magic_attack_max,hp_min,hp_max,mp_min,mp_max,accuracy_min,accuracy_max,avoidability_min,avoidability_max
1002776,1,80,0,0,0,0,1,1,0,0,0,0,0,0,0,0,0,0,0,0,0,0,10,20,0,0,0,0,0,0
1002776,2,90,0,0,0,0,1,1,0,0,0,0,0,0,0,0,0,0,0,0,0,0,10,20,0,0,0,0,0,0
1002776,3,100,0,0,0,0,1,1,0,0,0,0,0,0,0,0,0,0,0,0,0,0,10,20,0,0,0,0,0,0
1002776,4,110,0,0,0,0,1,1,0,0,0,0,0,0,0,0,0,0,0,0,0,0,10,20,0,0,0,0,0,0
1002776,5,120,0,0,0,0,1,1,0,0,0,0,0,0,0,0,0,0,0,0,0,0,10,20,0,0,0,0,0,0
1002776,6,0,0,0,0,0,0,0,0,0,0,0,0,0,0,0,0,0,0,0,0,0,0,0,0,0,0,0,0,0
1002777,1,80,0,0,0,0,0,0,1,1,0,0,0,0,0,0,0,0,0,0,0,0,5,10,5,10,0,0,0,0
1002777,2,90,0,0,0,0,0,0,1,1,0,0,0,0,0,0,0,0,0,0,0,0,5,10,5,10,0,0,0,0
1002777,3,100,0,0,0,0,0,0,1,1,0,0,0,0,0,0,0,0,0,0,0,0,5,10,5,10,0,0,0,0
1002777,4,110,0,0,0,0,0,0,1,1,0,0,0,0,0,0,0,0,0,0,0,0,5,10,5,10,0,0,0,0
1002777,5,120,0,0,0,0,0,0,1,1,0,0,0,0,0,0,0,0,0,0,0,0,5,10,5,10,0,0,0,0
1002777,6,0,0,0,0,0,0,0,0,0,0,0,0,0,0,0,0,0,0,0,0,0,0,0,0,0,0,0,0,0
1002778,1,80,0,0,0,0,1,1,0,0,0,0,0,0,0,0,0,0,0,0,0,0,20,30,0,0,0,0,0,0
1002778,2,90,0,0,0,0,1,1,0,0,0,0,0,0,0,0,0,0,0,0,0,0,20,30,0,0,0,0,0,0
1002778,3,100,0,0,0,0,1,1,0,0,0,0,0,0,0,0,0,0,0,0,0,0,20,30,0,0,0,0,0,0
1002778,4,110,0,0,0,0,1,1,0,0,0,0,0,0,0,0,0,0,0,0,0,0,20,30,0,0,0,0,0,0
1002778,5,120,0,0,0,0,1,1,0,0,0,0,0,0,0,0,0,0,0,0,0,0,20,30,0,0,0,0,0,0
1002778,6,0,0,0,0,0,0,0,0,0,0,0,0,0,0,0,0,0,0,0,0,0,0,0,0,0,0,0,0,0
1002779,1,80,0,0,0,0,1,1,0,1,0,0,0,0,0,0,0,0,0,0,0,0,20,30,0,0,0,0,0,0
1002779,2,90,0,0,0,0,1,1,0,1,0,0,0,0,0,0,0,0,0,0,0,0,20,30,0,0,0,0,0,0
1002779,3,100,0,0,0,0,1,1,0,1,0,0,0,0,0,0,0,0,0,0,0,0,20,30,0,0,0,0,0,0
1002779,4,110,0,0,0,0,1,1,0,1,0,0,0,0,0,0,0,0,0,0,0,0,20,30,0,0,0,0,0,0
1002779,5,120,0,0,0,0,1,1,0,1,0,0,0,0,0,0,0,0,0,0,0,0,20,30,0,0,0,0,0,0
1002779,6,0,0,0,0,0,0,0,0,0,0,0,0,0,0,0,0,0,0,0,0,0,0,0,0,0,0,0,0,0
1002780,1,80,0,0,0,0,1,1,0,0,0,0,0,0,0,0,0,0,0,0,0,0,10,20,0,0,0,0,0,0
1002780,2,90,0,0,0,0,1,1,0,0,0,0,0,0,0,0,0,0,0,0,0,0,10,20,0,0,0,0,0,0
1002780,3,100,0,0,0,0,1,1,0,0,0,0,0,0,0,0,0,0,0,0,0,0,10,20,0,0,0,0,0,0
1002780,4,110,0,0,0,0,1,1,0,0,0,0,0,0,0,0,0,0,0,0,0,0,10,20,0,0,0,0,0,0
1002780,5,120,0,0,0,0,1,1,0,0,0,0,0,0,0,0,0,0,0,0,0,0,10,20,0,0,0,0,0,0
1002780,6,0,0,0,0,0,0,0,0,0,0,0,0,0,0,0,0,0,0,0,0,0,0,0,0,0,0,0,0,0
1002790,1,70,0,0,0,0,1,1,0,0,0,0,0,0,0,0,0,0,0,0,0,0,10,20,0,0,0,0,0,0
1002790,2,75,0,0,0,0,1,1,0,0,0,0,0,0,0,0,0,0,0,0,0,0,10,20,0,0,0,0,0,0
1002790,3,80,0,0,0,0,1,1,0,0,0,0,0,0,0,0,0,0,0,0,0,0,10,20,0,0,0,0,0,0
1002790,4,0,0,0,0,0,0,0,0,0,0,0,0,0,0,0,0,0,0,0,0,0,0,0,0,0,0,0,0,0
1002791,1,70,0,0,0,0,0,0,1,1,0,0,0,0,0,0,0,0,0,0,0,0,5,10,5,10,0,0,0,0
1002791,2,75,0,0,0,0,0,0,1,1,0,0,0,0,0,0,0,0,0,0,0,0,5,10,5,10,0,0,0,0
1002791,3,80,0,0,0,0,0,0,1,1,0,0,0,0,0,0,0,0,0,0,0,0,5,10,5,10,0,0,0,0
1002791,4,0,0,0,0,0,0,0,0,0,0,0,0,0,0,0,0,0,0,0,0,0,0,0,0,0,0,0,0,0
1002792,1,70,0,0,0,0,1,1,0,0,0,0,0,0,0,0,0,0,0,0,0,0,20,30,0,0,0,0,0,0
1002792,2,75,0,0,0,0,1,1,0,0,0,0,0,0,0,0,0,0,0,0,0,0,20,30,0,0,0,0,0,0
1002792,3,80,0,0,0,0,1,1,0,0,0,0,0,0,0,0,0,0,0,0,0,0,20,30,0,0,0,0,0,0
1002792,4,0,0,0,0,0,0,0,0,0,0,0,0,0,0,0,0,0,0,0,0,0,0,0,0,0,0,0,0,0
1002793,1,70,0,0,0,0,1,1,0,1,0,0,0,0,0,0,0,0,0,0,0,0,20,30,0,0,0,0,0,0
1002793,2,75,0,0,0,0,1,1,0,1,0,0,0,0,0,0,0,0,0,0,0,0,20,30,0,0,0,0,0,0
1002793,3,80,0,0,0,0,1,1,0,1,0,0,0,0,0,0,0,0,0,0,0,0,20,30,0,0,0,0,0,0
1002793,4,0,0,0,0,0,0,0,0,0,0,0,0,0,0,0,0,0,0,0,0,0,0,0,0,0,0,0,0,0
1002794,1,70,0,0,0,0,1,1,0,0,0,0,0,0,0,0,0,0,0,0,0,0,10,20,0,0,0,0,0,0
1002794,2,75,0,0,0,0,1,1,0,0,0,0,0,0,0,0,0,0,0,0,0,0,10,20,0,0,0,0,0,0
1002794,3,80,0,0,0,0,1,1,0,0,0,0,0,0,0,0,0,0,0,0,0,0,10,20,0,0,0,0,0,0
1002794,4,0,0,0,0,0,0,0,0,0,0,0,0,0,0,0,0,0,0,0,0,0,0,0,0,0,0,0,0,0
1032031,1,80,0,0,0,0,1,1,1,1,0,0,0,0,0,0,0,0,0,0,0,0,5,20,0,0,0,0,0,0
1032031,2,90,0,0,0,0,1,1,1,1,0,0,0,0,0,0,0,0,0,0,0,0,5,20,0,0,0,0,0,0
1032031,3,100,0,0,0,0,1,1,1,1,0,0,0,0,0,0,0,0,0,0,0,0,5,20,0,0,0,0,0,0
1032031,4,110,0,0,0,0,1,1,1,1,0,0,0,0,0,0,0,0,0,0,0,0,5,20,0,0,0,0,0,0
1032031,5,120,0,0,0,0,1,1,1,1,0,0,0,0,0,0,0,0,0,0,0,0,5,20,0,0,0,0,0,0
1032031,6,0,0,0,0,0,0,0,0,0,0,0,0,0,0,0,0,0,0,0,0,0,0,0,0,0,0,0,0,0
1052155,1,80,0,0,0,0,1,1,0,0,0,0,0,0,0,0,0,0,0,0,0,0,0,0,0,0,0,0,1,2
1052155,2,90,0,0,0,0,1,1,0,0,0,0,0,0,0,0,0,0,0,0,0,0,0,0,0,0,0,0,1,2
1052155,3,100,0,0,0,0,1,1,0,0,0,0,0,0,0,0,0,0,0,0,0,0,0,0,0,0,0,0,1,2
1052155,4,110,0,0,0,0,1,1,0,0,0,0,0,0,0,0,0,0,0,0,0,0,0,0,0,0,0,0,1,2
1052155,5,120,0,0,0,0,1,1,0,0,0,0,0,0,0,0,0,0,0,0,0,0,0,0,0,0,0,0,1,2
1052155,6,0,0,0,0,0,0,0,0,0,0,0,0,0,0,0,0,0,0,0,0,0,0,0,0,0,0,0,0,0
1052156,1,80,0,0,0,0,0,0,1,1,0,0,0,0,0,0,0,0,0,0,0,0,0,0,0,0,0,0,1,2
1052156,2,90,0,0,0,0,0,0,1,1,0,0,0,0,0,0,0,0,0,0,0,0,0,0,0,0,0,0,1,2
1052156,3,100,0,0,0,0,0,0,1,1,0,0,0,0,0,0,0,0,0,0,0,0,0,0,0,0,0,0,1,2
1052156,4,110,0,0,0,0,0,0,1,1,0,0,0,0,0,0,0,0,0,0,0,0,0,0,0,0,0,0,1,2
1052156,5,120,0,0,0,0,0,0,1,1,0,0,0,0,0,0,0,0,0,0,0,0,0,0,0,0,0,0,1,2
1052156,6,0,0,0,0,0,0,0,0,0,0,0,0,0,0,0,0,0,0,0,0,0,0,0,0,0,0,0,0,0
1052157,1,80,0,0,0,0,1,1,0,0,0,0,0,0,0,0,0,0,0,0,0,0,0,0,0,0,0,0,1,3
1052157,2,90,0,0,0,0,1,1,0,0,0,0,0,0,0,0,0,0,0,0,0,0,0,0,0,0,0,0,1,3
1052157,3,100,0,0,0,0,1,1,0,0,0,0,0,0,0,0,0,0,0,0,0,0,0,0,0,0,0,0,1,3
1052157,4,110,0,0,0,0,1,1,0,0,0,0,0,0,0,0,0,0,0,0,0,0,0,0,0,0,0,0,1,3
1052157,5,120,0,0,0,0,1,1,0,0,0,0,0,0,0,0,0,0,0,0,0,0,0,0,0,0,0,0,1,3
1052157,6,0,0,0,0,0,0,0,0,0,0,0,0,0,0,0,0,0,0,0,0,0,0,0,0,0,0,0,0,0
1052158,1,80,0,0,0,0,1,1,0,1,0,0,0,0,0,0,0,0,0,0,0,0,0,0,0,0,0,0,1,3
1052158,2,90,0,0,0,0,1,1,0,1,0,0,0,0,0,0,0,0,0,0,0,0,0,0,0,0,0,0,1,3
1052158,3,100,0,0,0,0,1,1,0,1,0,0,0,0,0,0,0,0,0,0,0,0,0,0,0,0,0,0,1,3
1052158,4,110,0,0,0,0,1,1,0,1,0,0,0,0,0,0,0,0,0,0,0,0,0,0,0,0,0,0,1,3
1052158,5,120,0,0,0,0,1,1,0,1,0,0,0,0,0,0,0,0,0,0,0,0,0,0,0,0,0,0,1,3
1052158,6,0,0,0,0,0,0,0,0,0,0,0,0,0,0,0,0,0,0,0,0,0,0,0,0,0,0,0,0,0
1052159,1,80,0,0,0,0,1,1,0,0,0,0,0,0,0,0,0,0,0,0,0,0,0,0,0,0,0,0,1,3
1052159,2,90,0,0,0,0,1,1,0,0,0,0,0,0,0,0,0,0,0,0,0,0,0,0,0,0,0,0,1,3
1052159,3,100,0,0,0,0,1,1,0,0,0,0,0,0,0,0,0,0,0,0,0,0,0,0,0,0,0,0,1,3
1052159,4,110,0,0,0,0,1,1,0,0,0,0,0,0,0,0,0,0,0,0,0,0,0,0,0,0,0,0,1,3
1052159,5,120,0,0,0,0,1,1,0,0,0,0,0,0,0,0,0,0,0,0,0,0,0,0,0,0,0,0,1,3
1052159,6,0,0,0,0,0,0,0,0,0,0,0,0,0,0,0,0,0,0,0,0,0,0,0,0,0,0,0,0,0
1052160,1,70,0,0,0,0,1,1,0,0,0,0,0,0,0,0,0,0,0,0,0,0,0,0,0,0,0,0,1,2
1052160,2,75,0,0,0,0,1,1,0,0,0,0,0,0,0,0,0,0,0,0,0,0,0,0,0,0,0,0,1,2
1052160,3,80,0,0,0,0,1,1,0,0,0,0,0,0,0,0,0,0,0,0,0,0,0,0,0,0,0,0,1,2
1052160,4,0,0,0,0,0,0,0,0,0,0,0,0,0,0,0,0,0,0,0,0,0,0,0,0,0,0,0,0,0
1052161,1,70,0,0,0,0,0,0,1,1,0,0,0,0,0,0,0,0,0,0,0,0,0,0,0,0,0,0,1,2
1052161,2,75,0,0,0,0,0,0,1,1,0,0,0,0,0,0,0,0,0,0,0,0,0,0,0,0,0,0,1,2
1052161,3,80,0,0,0,0,0,0,1,1,0,0,0,0,0,0,0,0,0,0,0,0,0,0,0,0,0,0,1,2
1052161,4,0,0,0,0,0,0,0,0,0,0,0,0,0,0,0,0,0,0,0,0,0,0,0,0,0,0,0,0,0
1052162,1,70,0,0,0,0,1,1,0,0,0,0,0,0,0,0,0,0,0,0,0,0,0,0,0,0,0,0,1,3
1052162,2,75,0,0,0,0,1,1,0,0,0,0,0,0,0,0,0,0,0,0,0,0,0,0,0,0,0,0,1,3
1052162,3,80,0,0,0,0,1,1,0,0,0,0,0,0,0,0,0,0,0,0,0,0,0,0,0,0,0,0,1,3
1052162,4,0,0,0,0,0,0,0,0,0,0,0,0,0,0,0,0,0,0,0,0,0,0,0,0,0,0,0,0,0
1052163,1,70,0,0,0,0,1,1,0,1,0,0,0,0,0,0,0,0,0,0,0,0,0,0,0,0,0,0,1,3
1052163,2,75,0,0,0,0,1,1,0,1,0,0,0,0,0,0,0,0,0,0,0,0,0,0,0,0,0,0,1,3
1052163,3,80,0,0,0,0,1,1,0,1,0,0,0,0,0,0,0,0,0,0,0,0,0,0,0,0,0,0,1,3
1052163,4,0,0,0,0,0,0,0,0,0,0,0,0,0,0,0,0,0,0,0,0,0,0,0,0,0,0,0,0,0
1052164,1,70,0,0,0,0,1,1,0,0,0,0,0,0,0,0,0,0,0,0,0,0,0,0,0,0,0,0,1,3
1052164,2,75,0,0,0,0,1,1,0,0,0,0,0,0,0,0,0,0,0,0,0,0,0,0,0,0,0,0,1,3
1052164,3,80,0,0,0,0,1,1,0,0,0,0,0,0,0,0,0,0,0,0,0,0,0,0,0,0,0,0,1,3
1052164,4,0,0,0,0,0,0,0,0,0,0,0,0,0,0,0,0,0,0,0,0,0,0,0,0,0,0,0,0,0
1072355,1,80,0,0,0,0,1,1,0,0,0,1,0,1,0,0,0,0,0,0,0,0,0,0,0,0,0,0,0,0
1072355,2,90,0,0,0,0,1,1,0,0,0,1,0,1,0,0,0,0,0,0,0,0,0,0,0,0,0,0,0,0
1072355,3,100,0,0,0,0,1,1,0,0,0,1,0,1,0,0,0,0,0,0,0,0,0,0,0,0,0,0,0,0
1072355,4,110,0,0,0,0,1,1,0,0,0,1,0,1,0,0,0,0,0,0,0,0,0,0,0,0,0,0,0,0
1072355,5,120,0,0,0,0,1,1,0,0,0,1,0,1,0,0,0,0,0,0,0,0,0,0,0,0,0,0,0,0
1072355,6,0,0,0,0,0,0,0,0,0,0,0,0,0,0,0,0,0,0,0,0,0,0,0,0,0,0,0,0,0
1072356,1,80,0,0,0,0,0,0,1,1,0,1,0,1,0,0,0,0,0,0,0,0,0,0,0,0,0,0,0,0
1072356,2,90,0,0,0,0,0,0,1,1,0,1,0,1,0,0,0,0,0,0,0,0,0,0,0,0,0,0,0,0
1072356,3,100,0,0,0,0,0,0,1,1,0,1,0,1,0,0,0,0,0,0,0,0,0,0,0,0,0,0,0,0
1072356,4,110,0,0,0,0,0,0,1,1,0,1,0,1,0,0,0,0,0,0,0,0,0,0,0,0,0,0,0,0
1072356,5,120,0,0,0,0,0,0,1,1,0,1,0,1,0,0,0,0,0,0,0,0,0,0,0,0,0,0,0,0
1072356,6,0,0,0,0,0,0,0,0,0,0,0,0,0,0,0,0,0,0,0,0,0,0,0,0,0,0,0,0,0
1072357,1,80,0,0,0,0,1,1,0,0,0,1,0,1,0,0,0,0,0,0,0,0,0,0,0,0,0,0,0,0
1072357,2,90,0,0,0,0,1,1,0,0,0,1,0,1,0,0,0,0,0,0,0,0,0,0,0,0,0,0,0,0
1072357,3,100,0,0,0,0,1,1,0,0,0,1,0,1,0,0,0,0,0,0,0,0,0,0,0,0,0,0,0,0
1072357,4,110,0,0,0,0,1,1,0,0,0,1,0,1,0,0,0,0,0,0,0,0,0,0,0,0,0,0,0,0
1072357,5,120,0,0,0,0,1,1,0,0,0,1,0,1,0,0,0,0,0,0,0,0,0,0,0,0,0,0,0,0
1072357,6,0,0,0,0,0,0,0,0,0,0,0,0,0,0,0,0,0,0,0,0,0,0,0,0,0,0,0,0,0
1072358,1,80,0,0,0,0,1,1,0,1,0,1,0,1,0,0,0,0,0,0,0,0,0,0,0,0,0,0,0,0
1072358,2,90,0,0,0,0,1,1,0,1,0,1,0,1,0,0,0,0,0,0,0,0,0,0,0,0,0,0,0,0
1072358,3,100,0,0,0,0,1,1,0,1,0,1,0,1,0,0,0,0,0,0,0,0,0,0,0,0,0,0,0,0
1072358,4,110,0,0,0,0,1,1,0,1,0,1,0,1,0,0,0,0,0,0,0,0,0,0,0,0,0,0,0,0
1072358,5,120,0,0,0,0,1,1,0,1,0,1,0,1,0,0,0,0,0,0,0,0,0,0,0,0,0,0,0,0
1072358,6,0,0,0,0,0,0,0,0,0,0,0,0,0,0,0,0,0,0,0,0,0,0,0,0,0,0,0,0,0
1072359,1,80,0,0,0,0,1,1,0,0,0,1,0,1,0,0,0,0,0,0,0,0,0,0,0,0,0,0,0,0
1072359,2,90,0,0,0,0,1,1,0,0,0,1,0,1,0,0,0,0,0,0,0,0,0,0,0,0,0,0,0,0
1072359,3,100,0,0,0,0,1,1,0,0,0,1,0,1,0,0,0,0,0,0,0,0,0,0,0,0,0,0,0,0
1072359,4,110,0,0,0,0,1,1,0,0,0,1,0,1,0,0,0,0,0,0,0,0,0,0,0,0,0,0,0,0
1072359,5,120,0,0,0,0,1,1,0,0,0,1,0,1,0,0,0,0,0,0,0,0,0,0,0,0,0,0,0,0
1072359,6,0,0,0,0,0,0,0,0,0,0,0,0,0,0,0,0,0,0,0,0,0,0,0,0,0,0,0,0,0
1072361,1,70,0,0,0,0,1,1,0,0,0,1,0,1,0,0,0,0,0,0,0,0,0,0,0,0,0,0,0,0
1072361,2,75,0,0,0,0,1,1,0,0,0,1,0,1,0,0,0,0,0,0,0,0,0,0,0,0,0,0,0,0
1072361,3,80,0,0,0,0,1,1,0,0,0,1,0,1,0,0,0,0,0,0,0,0,0,0,0,0,0,0,0,0
1072361,4,0,0,0,0,0,0,0,0,0,0,0,0,0,0,0,0,0,0,0,0,0,0,0,0,0,0,0,0,0
1072362,1,70,0,0,0,0,0,0,1,1,0,1,0,1,0,0,0,0,0,0,0,0,0,0,0,0,0,0,0,0
1072362,2,75,0,0,0,0,0,0,1,1,0,1,0,1,0,0,0,0,0,0,0,0,0,0,0,0,0,0,0,0
1072362,3,80,0,0,0,0,0,0,1,1,0,1,0,1,0,0,0,0,0,0,0,0,0,0,0,0,0,0,0,0
1072362,4,0,0,0,0,0,0,0,0,0,0,0,0,0,0,0,0,0,0,0,0,0,0,0,0,0,0,0,0,0
1072363,1,70,0,0,0,0,1,1,0,0,0,1,0,1,0,0,0,0,0,0,0,0,0,0,0,0,0,0,0,0
1072363,2,75,0,0,0,0,1,1,0,0,0,1,0,1,0,0,0,0,0,0,0,0,0,0,0,0,0,0,0,0
1072363,3,80,0,0,0,0,1,1,0,0,0,1,0,1,0,0,0,0,0,0,0,0,0,0,0,0,0,0,0,0
1072363,4,0,0,0,0,0,0,0,0,0,0,0,0,0,0,0,0,0,0,0,0,0,0,0,0,0,0,0,0,0
1072364,1,70,0,0,0,0,1,1,0,1,0,1,0,1,0,0,0,0,0,0,0,0,0,0,0,0,0,0,0,0
1072364,2,75,0,0,0,0,1,1,0,1,0,1,0,1,0,0,0,0,0,0,0,0,0,0,0,0,0,0,0,0
1072364,3,80,0,0,0,0,1,1,0,1,0,1,0,1,0,0,0,0,0,0,0,0,0,0,0,0,0,0,0,0
1072364,4,0,0,0,0,0,0,0,0,0,0,0,0,0,0,0,0,0,0,0,0,0,0,0,0,0,0,0,0,0
1072365,1,70,0,0,0,0,1,1,0,0,0,1,0,1,0,0,0,0,0,0,0,0,0,0,0,0,0,0,0,0
1072365,2,75,0,0,0,0,1,1,0,0,0,1,0,1,0,0,0,0,0,0,0,0,0,0,0,0,0,0,0,0
1072365,3,80,0,0,0,0,1,1,0,0,0,1,0,1,0,0,0,0,0,0,0,0,0,0,0,0,0,0,0,0
1072365,4,0,0,0,0,0,0,0,0,0,0,0,0,0,0,0,0,0,0,0,0,0,0,0,0,0,0,0,0,0
1072376,1,80,0,0,0,0,1,1,1,1,0,0,0,0,0,0,0,0,0,0,0,0,0,0,0,0,0,0,0,0
1072376,2,90,0,0,0,0,1,1,1,1,0,0,0,0,0,0,0,0,0,0,0,0,0,0,0,0,0,0,0,0
1082234,1,80,0,0,0,0,1,1,0,0,0,0,0,0,0,0,0,0,0,0,0,0,0,0,0,0,1,2,0,0
1082234,2,90,0,0,0,0,1,1,0,0,0,0,0,0,0,0,0,0,0,0,0,0,0,0,0,0,1,2,0,0
1082234,3,100,0,0,0,0,1,1,0,0,0,0,0,0,0,0,0,0,0,0,0,0,0,0,0,0,1,2,0,0
1082234,4,110,0,0,0,0,1,1,0,0,0,0,0,0,0,0,0,0,0,0,0,0,0,0,0,0,1,2,0,0
1082234,5,120,0,0,0,0,1,1,0,0,0,0,0,0,0,0,0,0,0,0,0,0,0,0,0,0,1,2,0,0
1082234,6,0,0,0,0,0,0,0,0,0,0,0,0,0,0,0,0,0,0,0,0,0,0,0,0,0,0,0,0,0
1082235,1,80,0,0,0,0,0,0,1,1,0,0,0,0,0,0,0,0,0,0,0,1,0,0,0,0,0,0,0,0
1082235,2,90,0,0,0,0,0,0,1,1,0,0,0,0,0,0,0,0,0,0,0,1,0,0,0,0,0,0,0,0
1082235,3,100,0,0,0,0,0,0,1,1,0,0,0,0,0,0,0,0,0,0,0,1,0,0,0,0,0,0,0,0
1082235,4,110,0,0,0,0,0,0,1,1,0,0,0,0,0,0,0,0,0,0,0,1,0,0,0,0,0,0,0,0
1082235,5,120,0,0,0,0,0,0,1,1,0,0,0,0,0,0,0,0,0,0,0,1,0,0,0,0,0,0,0,0
1082235,6,0,0,0,0,0,0,0,0,0,0,0,0,0,0,0,0,0,0,0,0,0,0,0,0,0,0,0,0,0
1082236,1,80,0,0,0,0,1,1,0,0,0,0,0,0,0,0,0,0,0,0,0,0,5,10,0,0,0,0,0,0
1082236,2,90,0,0,0,0,1,1,0,0,0,0,0,0,0,0,0,0,0,0,0,0,5,10,0,0,0,0,0,0
1082236,3,100,0,0,0,0,1,1,0,0,0,0,0,0,0,0,0,0,0,0,0,0,5,10,0,0,0,0,0,0
1082236,4,110,0,0,0,0,1,1,0,0,0,0,0,0,0,0,0,0,0,0,0,0,5,10,0,0,0,0,0,0
1082236,5,120,0,0,0,0,1,1,0,0,0,0,0,0,0,0,0,0,0,0,0,0,5,10,0,0,0,0,0,0
1082236,6,0,0,0,0,0,0,0,0,0,0,0,0,0,0,0,0,0,0,0,0,0,0,0,0,0,0,0,0,0
1082237,1,80,0,0,0,0,1,1,0,1,0,0,0,0,0,0,0,0,0,0,0,0,5,10,0,0,0,0,0,0
1082237,2,90,0,0,0,0,1,1,0,1,0,0,0,0,0,0,0,0,0,0,0,0,5,10,0,0,0,0,0,0
1082237,3,100,0,0,0,0,1,1,0,1,0,0,0,0,0,0,0,0,0,0,0,0,5,10,0,0,0,0,0,0
1082237,4,110,0,0,0,0,1,1,0,1,0,0,0,0,0,0,0,0,0,0,0,0,5,10,0,0,0,0,0,0
1082237,5,120,0,0,0,0,1,1,0,1,0,0,0,0,0,0,0,0,0,0,0,0,5,10,0,0,0,0,0,0
1082237,6,0,0,0,0,0,0,0,0,0,0,0,0,0,0,0,0,0,0,0,0,0,0,0,0,0,0,0,0,0
1082238,1,80,0,0,0,0,1,1,0,0,0,0,0,0,0,0,0,0,0,0,0,0,5,10,0,0,0,0,0,0
1082238,2,90,0,0,0,0,1,1,0,0,0,0,0,0,0,0,0,0,0,0,0,0,5,10,0,0,0,0,0,0
1082238,3,100,0,0,0,0,1,1,0,0,0,0,0,0,0,0,0,0,0,0,0,0,5,10,0,0,0,0,0,0
1082238,4,110,0,0,0,0,1,1,0,0,0,0,0,0,0,0,0,0,0,0,0,0,5,10,0,0,0,0,0,0
1082238,5,120,0,0,0,0,1,1,0,0,0,0,0,0,0,0,0,0,0,0,0,0,5,10,0,0,0,0,0,0
1082238,6,0,0,0,0,0,0,0,0,0,0,0,0,0,0,0,0,0,0,0,0,0,0,0,0,0,0,0,0,0
1082239,1,70,0,0,0,0,1,1,0,0,0,0,0,0,0,0,0,0,0,0,0,0,0,0,0,0,1,2,0,0
1082239,2,75,0,0,0,0,1,1,0,0,0,0,0,0,0,0,0,0,0,0,0,0,0,0,0,0,1,2,0,0
1082239,3,80,0,0,0,0,1,1,0,0,0,0,0,0,0,0,0,0,0,0,0,0,0,0,0,0,1,2,0,0
1082239,4,0,0,0,0,0,0,0,0,0,0,0,0,0,0,0,0,0,0,0,0,0,0,0,0,0,0,0,0,0
1082240,1,70,0,0,0,0,0,0,1,1,0,0,0,0,0,0,0,0,0,0,0,1,0,0,0,0,0,0,0,0
1082240,2,75,0,0,0,0,0,0,1,1,0,0,0,0,0,0,0,0,0,0,0,1,0,0,0,0,0,0,0,0
1082240,3,80,0,0,0,0,0,0,1,1,0,0,0,0,0,0,0,0,0,0,0,1,0,0,0,0,0,0,0,0
1082240,4,0,0,0,0,0,0,0,0,0,0,0,0,0,0,0,0,0,0,0,0,0,0,0,0,0,0,0,0,0
1082241,1,70,0,0,0,0,1,1,0,0,0,0,0,0,0,0,0,0,0,0,0,0,5,10,0,0,0,0,0,0
1082241,2,75,0,0,0,0,1,1,0,0,0,0,0,0,0,0,0,0,0,0,0,0,5,10,0,0,0,0,0,0
1082241,3,80,0,0,0,0,1,1,0,0,0,0,0,0,0,0,0,0,0,0,0,0,5,10,0,0,0,0,0,0
1082241,4,0,0,0,0,0,0,0,0,0,0,0,0,0,0,0,0,0,0,0,0,0,0,0,0,0,0,0,0,0
1082242,1,70,0,0,0,0,1,1,0,1,0,0,0,0,0,0,0,0,0,0,0,0,5,10,0,0,0,0,0,0
1082242,2,75,0,0,0,0,1,1,0,1,0,0,0,0,0,0,0,0,0,0,0,0,5,10,0,0,0,0,0,0
1082242,3,80,0,0,0,0,1,1,0,1,0,0,0,0,0,0,0,0,0,0,0,0,5,10,0,0,0,0,0,0
1082242,4,0,0,0,0,0,0,0,0,0,0,0,0,0,0,0,0,0,0,0,0,0,0,0,0,0,0,0,0,0
1082243,1,70,0,0,0,0,1,1,0,0,0,0,0,0,0,0,0,0,0,0,0,0,5,10,0,0,0,0,0,0
1082243,2,75,0,0,0,0,1,1,0,0,0,0,0,0,0,0,0,0,0,0,0,0,5,10,0,0,0,0,0,0
1082243,3,80,0,0,0,0,1,1,0,0,0,0,0,0,0,0,0,0,0,0,0,0,5,10,0,0,0,0,0,0
1082243,4,0,0,0,0,0,0,0,0,0,0,0,0,0,0,0,0,0,0,0,0,0,0,0,0,0,0,0,0,0
1092057,1,80,0,0,0,0,0,0,1,1,0,0,0,0,5,10,0,0,5,10,0,0,0,0,0,0,0,0,0,0
1092057,2,90,0,0,0,0,0,0,1,1,0,0,0,0,5,10,0,0,5,10,0,0,0,0,0,0,0,0,0,0
1092057,3,100,0,0,0,0,0,0,1,1,0,0,0,0,5,10,0,0,5,10,0,0,0,0,0,0,0,0,0,0
1092057,4,110,0,0,0,0,0,0,1,1,0,0,0,0,5,10,0,0,5,10,0,0,0,0,0,0,0,0,0,0
1092057,5,120,0,0,0,0,0,0,1,1,0,0,0,0,5,10,0,0,5,10,0,0,0,0,0,0,0,0,0,0
1092057,6,0,0,0,0,0,0,0,0,0,0,0,0,0,0,0,0,0,0,0,0,0,0,0,0,0,0,0,0,0
1092058,1,80,0,0,0,0,1,1,0,0,0,0,0,0,5,10,0,0,0,0,0,0,0,0,0,0,0,0,0,0
1092058,2,90,0,0,0,0,1,1,0,0,0,0,0,0,5,10,0,0,0,0,0,0,0,0,0,0,0,0,0,0
1092058,3,100,0,0,0,0,1,1,0,0,0,0,0,0,5,10,0,0,0,0,0,0,0,0,0,0,0,0,0,0
1092058,4,110,0,0,0,0,1,1,0,0,0,0,0,0,5,10,0,0,0,0,0,0,0,0,0,0,0,0,0,0
1092058,5,120,0,0,0,0,1,1,0,0,0,0,0,0,5,10,0,0,0,0,0,0,0,0,0,0,0,0,0,0
1092058,6,0,0,0,0,0,0,0,0,0,0,0,0,0,0,0,0,0,0,0,0,0,0,0,0,0,0,0,0,0
1092059,1,80,0,0,0,0,1,1,0,1,0,0,0,0,5,10,0,0,0,0,0,0,0,0,0,0,0,0,0,0
1092059,2,90,0,0,0,0,1,1,0,1,0,0,0,0,5,10,0,0,0,0,0,0,0,0,0,0,0,0,0,0
1092059,3,100,0,0,0,0,1,1,0,1,0,0,0,0,5,10,0,0,0,0,0,0,0,0,0,0,0,0,0,0
1092059,4,110,0,0,0,0,1,1,0,1,0,0,0,0,5,10,0,0,0,0,0,0,0,0,0,0,0,0,0,0
1092059,5,120,0,0,0,0,1,1,0,1,0,0,0,0,5,10,0,0,0,0,0,0,0,0,0,0,0,0,0,0
1092059,6,0,0,0,0,0,0,0,0,0,0,0,0,0,0,0,0,0,0,0,0,0,0,0,0,0,0,0,0,0
1102172,1,80,0,0,0,0,1,1,1,1,0,2,0,1,0,0,0,0,0,0,0,0,0,0,0,0,0,0,0,0
1102172,2,90,0,0,0,0,1,1,1,1,0,2,0,1,0,0,0,0,0,0,0,0,0,0,0,0,0,0,0,0
1102172,3,100,0,0,0,0,1,1,1,1,0,2,0,1,0,0,0,0,0,0,0,0,0,0,0,0,0,0,0,0
1102172,4,110,0,0,0,0,1,1,1,1,0,2,0,1,0,0,0,0,0,0,0,0,0,0,0,0,0,0,0,0
1102172,5,120,0,0,0,0,1,1,1,1,0,2,0,1,0,0,0,0,0,0,0,0,0,0,0,0,0,0,0,0
1102172,6,0,0,0,0,0,0,0,0,0,0,0,0,0,0,0,0,0,0,0,0,0,0,0,0,0,0,0,0,0
1122012,1,80,2,2,2,2,4,4,4,4,0,0,0,0,20,30,0,0,20,30,0,0,0,0,0,0,0,0,2,4
1122012,2,90,2,2,2,2,4,4,4,4,0,0,0,0,20,30,0,0,20,30,0,0,0,0,0,0,0,0,2,4
1122012,3,100,2,2,2,2,4,4,4,4,0,0,0,0,20,30,0,0,20,30,0,0,0,0,0,0,0,0,2,4
1122012,4,110,2,2,2,2,4,4,4,4,0,0,0,0,20,30,0,0,20,30,0,0,0,0,0,0,0,0,2,4
1122012,5,120,2,2,2,2,4,4,4,4,0,0,0,0,20,30,0,0,20,30,0,0,0,0,0,0,0,0,2,4
1122012,6,0,0,0,0,0,0,0,0,0,0,0,0,0,0,0,0,0,0,0,0,0,0,0,0,0,0,0,0,0
1302081,1,80,1,0,0,0,2,1,0,0,0,0,0,0,0,0,0,2,0,0,0,0,0,0,0,0,0,0,0,0
1302081,2,90,1,0,0,0,2,1,0,0,0,0,0,0,0,0,0,2,0,0,0,0,0,0,0,0,0,0,0,0
1302081,3,100,1,0,0,0,2,1,0,0,0,0,0,0,0,0,0,2,0,0,0,0,0,0,0,0,0,0,0,0
1302081,4,110,1,0,0,0,2,1,0,0,0,0,0,0,0,0,0,2,0,0,0,0,0,0,0,0,0,0,0,0
1302081,5,120,1,0,0,0,2,1,0,0,0,0,0,0,0,0,0,2,0,0,0,0,0,0,0,0,0,0,0,0
1302081,6,0,0,0,0,0,0,0,0,0,0,0,0,0,0,0,0,0,0,0,0,0,0,0,0,0,0,0,0,0
1302086,1,70,1,0,0,0,2,1,0,0,0,0,0,0,0,0,0,2,0,0,0,0,0,0,0,0,0,0,0,0
1302086,2,75,1,0,0,0,2,1,0,0,0,0,0,0,0,0,0,2,0,0,0,0,0,0,0,0,0,0,0,0
1302086,3,80,1,0,0,0,2,1,0,0,0,0,0,0,0,0,0,2,0,0,0,0,0,0,0,0,0,0,0,0
1302086,4,0,0,0,0,0,0,0,0,0,0,0,0,0,0,0,0,0,0,0,0,0,0,0,0,0,0,0,0,0
1312037,1,80,1,0,0,0,2,1,0,0,0,0,0,0,0,0,0,2,0,0,0,0,0,0,0,0,0,0,0,0
1312037,2,90,1,0,0,0,2,1,0,0,0,0,0,0,0,0,0,2,0,0,0,0,0,0,0,0,0,0,0,0
1312037,3,100,1,0,0,0,2,1,0,0,0,0,0,0,0,0,0,2,0,0,0,0,0,0,0,0,0,0,0,0
1312037,4,110,1,0,0,0,2,1,0,0,0,0,0,0,0,0,0,2,0,0,0,0,0,0,0,0,0,0,0,0
1312037,5,120,1,0,0,0,2,1,0,0,0,0,0,0,0,0,0,2,0,0,0,0,0,0,0,0,0,0,0,0
1312037,6,0,0,0,0,0,0,0,0,0,0,0,0,0,0,0,0,0,0,0,0,0,0,0,0,0,0,0,0,0
1312038,1,70,1,0,0,0,2,1,0,0,0,0,0,0,0,0,0,2,0,0,0,0,0,0,0,0,0,0,0,0
1312038,2,75,1,0,0,0,2,1,0,0,0,0,0,0,0,0,0,2,0,0,0,0,0,0,0,0,0,0,0,0
1312038,3,80,1,0,0,0,2,1,0,0,0,0,0,0,0,0,0,2,0,0,0,0,0,0,0,0,0,0,0,0
1312038,4,0,0,0,0,0,0,0,0,0,0,0,0,0,0,0,0,0,0,0,0,0,0,0,0,0,0,0,0,0
1322060,1,80,1,0,0,0,2,1,0,0,0,0,0,0,0,0,0,2,0,0,0,0,0,0,0,0,0,0,0,0
1322060,2,90,1,0,0,0,2,1,0,0,0,0,0,0,0,0,0,2,0,0,0,0,0,0,0,0,0,0,0,0
1322060,3,100,1,0,0,0,2,1,0,0,0,0,0,0,0,0,0,2,0,0,0,0,0,0,0,0,0,0,0,0
1322060,4,110,1,0,0,0,2,1,0,0,0,0,0,0,0,0,0,2,0,0,0,0,0,0,0,0,0,0,0,0
1322060,5,120,1,0,0,0,2,1,0,0,0,0,0,0,0,0,0,2,0,0,0,0,0,0,0,0,0,0,0,0
1322060,6,0,0,0,0,0,0,0,0,0,0,0,0,0,0,0,0,0,0,0,0,0,0,0,0,0,0,0,0,0
1322061,1,70,1,0,0,0,2,1,0,0,0,0,0,0,0,0,0,2,0,0,0,0,0,0,0,0,0,0,0,0
1322061,2,75,1,0,0,0,2,1,0,0,0,0,0,0,0,0,0,2,0,0,0,0,0,0,0,0,0,0,0,0
1322061,3,80,1,0,0,0,2,1,0,0,0,0,0,0,0,0,0,2,0,0,0,0,0,0,0,0,0,0,0,0
1322061,4,0,0,0,0,0,0,0,0,0,0,0,0,0,0,0,0,0,0,0,0,0,0,0,0,0,0,0,0,0
1332073,1,80,0,0,0,1,1,0,0,2,0,0,0,0,0,0,0,2,0,0,0,0,0,0,0,0,0,0,0,0
1332073,2,90,0,0,0,1,1,0,0,2,0,0,0,0,0,0,0,2,0,0,0,0,0,0,0,0,0,0,0,0
1332073,3,100,0,0,0,1,1,0,0,2,0,0,0,0,0,0,0,2,0,0,0,0,0,0,0,0,0,0,0,0
1332073,4,110,0,0,0,1,1,0,0,2,0,0,0,0,0,0,0,2,0,0,0,0,0,0,0,0,0,0,0,0
1332073,5,120,0,0,0,1,1,0,0,2,0,0,0,0,0,0,0,2,0,0,0,0,0,0,0,0,0,0,0,0
1332073,6,0,0,0,0,0,0,0,0,0,0,0,0,0,0,0,0,0,0,0,0,0,0,0,0,0,0,0,0,0
1332074,1,80,0,0,0,1,0,1,0,2,0,0,0,0,0,0,0,2,0,0,0,0,0,0,0,0,0,0,0,0
1332074,2,90,0,0,0,1,0,1,0,2,0,0,0,0,0,0,0,2,0,0,0,0,0,0,0,0,0,0,0,0
1332074,3,100,0,0,0,1,0,1,0,2,0,0,0,0,0,0,0,2,0,0,0,0,0,0,0,0,0,0,0,0
1332074,4,110,0,0,0,1,0,1,0,2,0,0,0,0,0,0,0,2,0,0,0,0,0,0,0,0,0,0,0,0
1332074,5,120,0,0,0,1,0,1,0,2,0,0,0,0,0,0,0,2,0,0,0,0,0,0,0,0,0,0,0,0
1332074,6,0,0,0,0,0,0,0,0,0,0,0,0,0,0,0,0,0,0,0,0,0,0,0,0,0,0,0,0,0
1332075,1,70,0,0,0,1,1,0,0,2,0,0,0,0,0,0,0,2,0,0,0,0,0,0,0,0,0,0,0,0
1332075,2,75,0,0,0,1,1,0,0,2,0,0,0,0,0,0,0,2,0,0,0,0,0,0,0,0,0,0,0,0
1332075,3,80,0,0,0,1,1,0,0,2,0,0,0,0,0,0,0,2,0,0,0,0,0,0,0,0,0,0,0,0
1332075,4,0,0,0,0,0,0,0,0,0,0,0,0,0,0,0,0,0,0,0,0,0,0,0,0,0,0,0,0,0
1332076,1,70,0,0,0,1,0,1,0,2,0,0,0,0,0,0,0,2,0,0,0,0,0,0,0,0,0,0,0,0
1332076,2,75,0,0,0,1,0,1,0,2,0,0,0,0,0,0,0,2,0,0,0,0,0,0,0,0,0,0,0,0
1332076,3,80,0,0,0,1,0,1,0,2,0,0,0,0,0,0,0,2,0,0,0,0,0,0,0,0,0,0,0,0
1332076,4,0,0,0,0,0,0,0,0,0,0,0,0,0,0,0,0,0,0,0,0,0,0,0,0,0,0,0,0,0
1372044,1,80,0,0,1,0,0,0,2,1,0,0,0,0,0,0,0,0,0,0,1,4,0,0,0,0,0,0,0,0
1372044,2,90,0,0,1,0,0,0,2,1,0,0,0,0,0,0,0,0,0,0,1,4,0,0,0,0,0,0,0,0
1372044,3,100,0,0,1,0,0,0,2,1,0,0,0,0,0,0,0,0,0,0,1,4,0,0,0,0,0,0,0,0
1372044,4,110,0,0,1,0,0,0,2,1,0,0,0,0,0,0,0,0,0,0,1,4,0,0,0,0,0,0,0,0
1372044,5,120,0,0,1,0,0,0,2,1,0,0,0,0,0,0,0,0,0,0,1,4,0,0,0,0,0,0,0,0
1372044,6,0,0,0,0,0,0,0,0,0,0,0,0,0,0,0,0,0,0,0,0,0,0,0,0,0,0,0,0,0
1372045,1,70,0,0,1,0,0,0,2,1,0,0,0,0,0,0,0,0,0,0,1,4,0,0,0,0,0,0,0,0
1372045,2,75,0,0,1,0,0,0,2,1,0,0,0,0,0,0,0,0,0,0,1,4,0,0,0,0,0,0,0,0
1372045,3,80,0,0,1,0,0,0,2,1,0,0,0,0,0,0,0,0,0,0,1,4,0,0,0,0,0,0,0,0
1372045,4,0,0,0,0,0,0,0,0,0,0,0,0,0,0,0,0,0,0,0,0,0,0,0,0,0,0,0,0,0
1382057,1,80,0,0,1,0,0,0,2,1,0,0,0,0,0,0,0,0,0,0,1,4,0,0,0,0,0,0,0,0
1382057,2,90,0,0,1,0,0,0,2,1,0,0,0,0,0,0,0,0,0,0,1,4,0,0,0,0,0,0,0,0
1382057,3,100,0,0,1,0,0,0,2,1,0,0,0,0,0,0,0,0,0,0,1,4,0,0,0,0,0,0,0,0
1382057,4,110,0,0,1,0,0,0,2,1,0,0,0,0,0,0,0,0,0,0,1,4,0,0,0,0,0,0,0,0
1382057,5,120,0,0,1,0,0,0,2,1,0,0,0,0,0,0,0,0,0,0,1,4,0,0,0,0,0,0,0,0
1382057,6,0,0,0,0,0,0,0,0,0,0,0,0,0,0,0,0,0,0,0,0,0,0,0,0,0,0,0,0,0
1382059,1,70,0,0,1,0,0,0,2,1,0,0,0,0,0,0,0,0,0,0,1,4,0,0,0,0,0,0,0,0
1382059,2,75,0,0,1,0,0,0,2,1,0,0,0,0,0,0,0,0,0,0,1,4,0,0,0,0,0,0,0,0
1382059,3,80,0,0,1,0,0,0,2,1,0,0,0,0,0,0,0,0,0,0,1,4,0,0,0,0,0,0,0,0
1382059,4,0,0,0,0,0,0,0,0,0,0,0,0,0,0,0,0,0,0,0,0,0,0,0,0,0,0,0,0,0
1402046,1,80,1,0,0,0,2,1,0,0,0,0,0,0,0,0,0,2,0,0,0,0,0,0,0,0,0,0,0,0
1402046,2,90,1,0,0,0,2,1,0,0,0,0,0,0,0,0,0,2,0,0,0,0,0,0,0,0,0,0,0,0
1402046,3,100,1,0,0,0,2,1,0,0,0,0,0,0,0,0,0,2,0,0,0,0,0,0,0,0,0,0,0,0
1402046,4,110,1,0,0,0,2,1,0,0,0,0,0,0,0,0,0,2,0,0,0,0,0,0,0,0,0,0,0,0
1402046,5,120,1,0,0,0,2,1,0,0,0,0,0,0,0,0,0,2,0,0,0,0,0,0,0,0,0,0,0,0
1402046,6,0,0,0,0,0,0,0,0,0,0,0,0,0,0,0,0,0,0,0,0,0,0,0,0,0,0,0,0,0
1402047,1,70,1,0,0,0,2,1,0,0,0,0,0,0,0,0,0,2,0,0,0,0,0,0,0,0,0,0,0,0
1402047,2,75,1,0,0,0,2,1,0,0,0,0,0,0,0,0,0,2,0,0,0,0,0,0,0,0,0,0,0,0
1402047,3,80,1,0,0,0,2,1,0,0,0,0,0,0,0,0,0,2,0,0,0,0,0,0,0,0,0,0,0,0
1402047,4,0,0,0,0,0,0,0,0,0,0,0,0,0,0,0,0,0,0,0,0,0,0,0,0,0,0,0,0,0
1412033,1,80,1,0,0,0,2,1,0,0,0,0,0,0,0,0,0,2,0,0,0,0,0,0,0,0,0,0,0,0
1412033,2,90,1,0,0,0,2,1,0,0,0,0,0,0,0,0,0,2,0,0,0,0,0,0,0,0,0,0,0,0
1412033,3,100,1,0,0,0,2,1,0,0,0,0,0,0,0,0,0,2,0,0,0,0,0,0,0,0,0,0,0,0
1412033,4,110,1,0,0,0,2,1,0,0,0,0,0,0,0,0,0,2,0,0,0,0,0,0,0,0,0,0,0,0
1412033,5,120,1,0,0,0,2,1,0,0,0,0,0,0,0,0,0,2,0,0,0,0,0,0,0,0,0,0,0,0
1412033,6,0,0,0,0,0,0,0,0,0,0,0,0,0,0,0,0,0,0,0,0,0,0,0,0,0,0,0,0,0
1412034,1,70,1,0,0,0,2,1,0,0,0,0,0,0,0,0,0,2,0,0,0,0,0,0,0,0,0,0,0,0
1412034,2,75,1,0,0,0,2,1,0,0,0,0,0,0,0,0,0,2,0,0,0,0,0,0,0,0,0,0,0,0
1412034,3,80,1,0,0,0,2,1,0,0,0,0,0,0,0,0,0,2,0,0,0,0,0,0,0,0,0,0,0,0
1412034,4,0,0,0,0,0,0,0,0,0,0,0,0,0,0,0,0,0,0,0,0,0,0,0,0,0,0,0,0,0
1422037,1,80,1,0,0,0,2,1,0,0,0,0,0,0,0,0,0,2,0,0,0,0,0,0,0,0,0,0,0,0
1422037,2,90,1,0,0,0,2,1,0,0,0,0,0,0,0,0,0,2,0,0,0,0,0,0,0,0,0,0,0,0
1422037,3,100,1,0,0,0,2,1,0,0,0,0,0,0,0,0,0,2,0,0,0,0,0,0,0,0,0,0,0,0
1422037,4,110,1,0,0,0,2,1,0,0,0,0,0,0,0,0,0,2,0,0,0,0,0,0,0,0,0,0,0,0
1422037,5,120,1,0,0,0,2,1,0,0,0,0,0,0,0,0,0,2,0,0,0,0,0,0,0,0,0,0,0,0
1422037,6,0,0,0,0,0,0,0,0,0,0,0,0,0,0,0,0,0,0,0,0,0,0,0,0,0,0,0,0,0
1422038,1,70,1,0,0,0,2,1,0,0,0,0,0,0,0,0,0,2,0,0,0,0,0,0,0,0,0,0,0,0
1422038,2,75,1,0,0,0,2,1,0,0,0,0,0,0,0,0,0,2,0,0,0,0,0,0,0,0,0,0,0,0
1422038,3,80,1,0,0,0,2,1,0,0,0,0,0,0,0,0,0,2,0,0,0,0,0,0,0,0,0,0,0,0
1422038,4,0,0,0,0,0,0,0,0,0,0,0,0,0,0,0,0,0,0,0,0,0,0,0,0,0,0,0,0,0
1432047,1,80,1,0,0,0,2,1,0,0,0,0,0,0,0,0,0,2,0,0,0,0,0,0,0,0,0,0,0,0
1432047,2,90,1,0,0,0,2,1,0,0,0,0,0,0,0,0,0,2,0,0,0,0,0,0,0,0,0,0,0,0
1432047,3,100,1,0,0,0,2,1,0,0,0,0,0,0,0,0,0,2,0,0,0,0,0,0,0,0,0,0,0,0
1432047,4,110,1,0,0,0,2,1,0,0,0,0,0,0,0,0,0,2,0,0,0,0,0,0,0,0,0,0,0,0
1432047,5,120,1,0,0,0,2,1,0,0,0,0,0,0,0,0,0,2,0,0,0,0,0,0,0,0,0,0,0,0
1432047,6,0,0,0,0,0,0,0,0,0,0,0,0,0,0,0,0,0,0,0,0,0,0,0,0,0,0,0,0,0
1432049,1,70,1,0,0,0,2,1,0,0,0,0,0,0,0,0,0,2,0,0,0,0,0,0,0,0,0,0,0,0
1432049,2,75,1,0,0,0,2,1,0,0,0,0,0,0,0,0,0,2,0,0,0,0,0,0,0,0,0,0,0,0
1432049,3,80,1,0,0,0,2,1,0,0,0,0,0,0,0,0,0,2,0,0,0,0,0,0,0,0,0,0,0,0
1432049,4,0,0,0,0,0,0,0,0,0,0,0,0,0,0,0,0,0,0,0,0,0,0,0,0,0,0,0,0,0
1442063,1,80,1,0,0,0,2,1,0,0,0,0,0,0,0,0,0,2,0,0,0,0,0,0,0,0,0,0,0,0
1442063,2,90,1,0,0,0,2,1,0,0,0,0,0,0,0,0,0,2,0,0,0,0,0,0,0,0,0,0,0,0
1442063,3,100,1,0,0,0,2,1,0,0,0,0,0,0,0,0,0,2,0,0,0,0,0,0,0,0,0,0,0,0
1442063,4,110,1,0,0,0,2,1,0,0,0,0,0,0,0,0,0,2,0,0,0,0,0,0,0,0,0,0,0,0
1442063,5,120,1,0,0,0,2,1,0,0,0,0,0,0,0,0,0,2,0,0,0,0,0,0,0,0,0,0,0,0
1442063,6,0,0,0,0,0,0,0,0,0,0,0,0,0,0,0,0,0,0,0,0,0,0,0,0,0,0,0,0,0
1442067,1,70,1,0,0,0,2,1,0,0,0,0,0,0,0,0,0,2,0,0,0,0,0,0,0,0,0,0,0,0
1442067,2,75,1,0,0,0,2,1,0,0,0,0,0,0,0,0,0,2,0,0,0,0,0,0,0,0,0,0,0,0
1442067,3,80,1,0,0,0,2,1,0,0,0,0,0,0,0,0,0,2,0,0,0,0,0,0,0,0,0,0,0,0
1442067,4,0,0,0,0,0,0,0,0,0,0,0,0,0,0,0,0,0,0,0,0,0,0,0,0,0,0,0,0,0
1452057,1,80,0,1,0,0,1,2,0,0,0,0,0,0,0,0,0,2,0,0,0,0,0,0,0,0,0,0,0,0
1452057,2,90,0,1,0,0,1,2,0,0,0,0,0,0,0,0,0,2,0,0,0,0,0,0,0,0,0,0,0,0
1452057,3,100,0,1,0,0,1,2,0,0,0,0,0,0,0,0,0,2,0,0,0,0,0,0,0,0,0,0,0,0
1452057,4,110,0,1,0,0,1,2,0,0,0,0,0,0,0,0,0,2,0,0,0,0,0,0,0,0,0,0,0,0
1452057,5,120,0,1,0,0,1,2,0,0,0,0,0,0,0,0,0,2,0,0,0,0,0,0,0,0,0,0,0,0
1452057,6,0,0,0,0,0,0,0,0,0,0,0,0,0,0,0,0,0,0,0,0,0,0,0,0,0,0,0,0,0
1452059,1,70,0,1,0,0,1,2,0,0,0,0,0,0,0,0,0,2,0,0,0,0,0,0,0,0,0,0,0,0
1452059,2,75,0,1,0,0,1,2,0,0,0,0,0,0,0,0,0,2,0,0,0,0,0,0,0,0,0,0,0,0
1452059,3,80,0,1,0,0,1,2,0,0,0,0,0,0,0,0,0,2,0,0,0,0,0,0,0,0,0,0,0,0
1452059,4,0,0,0,0,0,0,0,0,0,0,0,0,0,0,0,0,0,0,0,0,0,0,0,0,0,0,0,0,0
1462050,1,80,0,1,0,0,1,2,0,0,0,0,0,0,0,0,0,2,0,0,0,0,0,0,0,0,0,0,0,0
1462050,2,90,0,1,0,0,1,2,0,0,0,0,0,0,0,0,0,2,0,0,0,0,0,0,0,0,0,0,0,0
1462050,3,100,0,1,0,0,1,2,0,0,0,0,0,0,0,0,0,2,0,0,0,0,0,0,0,0,0,0,0,0
1462050,4,110,0,1,0,0,1,2,0,0,0,0,0,0,0,0,0,2,0,0,0,0,0,0,0,0,0,0,0,0
1462050,5,120,0,1,0,0,1,2,0,0,0,0,0,0,0,0,0,2,0,0,0,0,0,0,0,0,0,0,0,0
1462050,6,0,0,0,0,0,0,0,0,0,0,0,0,0,0,0,0,0,0,0,0,0,0,0,0,0,0,0,0,0
1462051,1,70,0,1,0,0,1,2,0,0,0,0,0,0,0,0,0,2,0,0,0,0,0,0,0,0,0,0,0,0
1462051,2,75,0,1,0,0,1,2,0,0,0,0,0,0,0,0,0,2,0,0,0,0,0,0,0,0,0,0,0,0
1462051,3,80,0,1,0,0,1,2,0,0,0,0,0,0,0,0,0,2,0,0,0,0,0,0,0,0,0,0,0,0
1462051,4,0,0,0,0,0,0,0,0,0,0,0,0,0,0,0,0,0,0,0,0,0,0,0,0,0,0,0,0,0
1472068,1,80,0,0,0,1,0,1,0,2,0,0,0,0,0,0,0,2,0,0,0,0,0,0,0,0,0,0,0,0
1472068,2,90,0,0,0,1,0,1,0,2,0,0,0,0,0,0,0,2,0,0,0,0,0,0,0,0,0,0,0,0
1472068,3,100,0,0,0,1,0,1,0,2,0,0,0,0,0,0,0,2,0,0,0,0,0,0,0,0,0,0,0,0
1472068,4,110,0,0,0,1,0,1,0,2,0,0,0,0,0,0,0,2,0,0,0,0,0,0,0,0,0,0,0,0
1472068,5,120,0,0,0,1,0,1,0,2,0,0,0,0,0,0,0,2,0,0,0,0,0,0,0,0,0,0,0,0
1472068,6,0,0,0,0,0,0,0,0,0,0,0,0,0,0,0,0,0,0,0,0,0,0,0,0,0,0,0,0,0
1472071,1,70,0,0,0,1,0,1,0,2,0,0,0,0,0,0,0,2,0,0,0,0,0,0,0,0,0,0,0,0
1472071,2,75,0,0,0,1,0,1,0,2,0,0,0,0,0,0,0,2,0,0,0,0,0,0,0,0,0,0,0,0
1472071,3,80,0,0,0,1,0,1,0,2,0,0,0,0,0,0,0,2,0,0,0,0,0,0,0,0,0,0,0,0
1472071,4,0,0,0,0,0,0,0,0,0,0,0,0,0,0,0,0,0,0,0,0,0,0,0,0,0,0,0,0,0
1482023,1,80,1,0,0,0,2,1,0,0,0,0,0,0,0,0,1,2,0,0,0,0,0,0,0,0,0,0,0,0
1482023,2,90,1,0,0,0,2,1,0,0,0,0,0,0,0,0,1,2,0,0,0,0,0,0,0,0,0,0,0,0
1482023,3,100,1,0,0,0,2,1,0,0,0,0,0,0,0,0,1,2,0,0,0,0,0,0,0,0,0,0,0,0
1482023,4,110,1,0,0,0,2,1,0,0,0,0,0,0,0,0,1,2,0,0,0,0,0,0,0,0,0,0,0,0
1482023,5,120,1,0,0,0,2,1,0,0,0,0,0,0,0,0,1,2,0,0,0,0,0,0,0,0,0,0,0,0
1482023,6,0,0,0,0,0,0,0,0,0,0,0,0,0,0,0,0,0,0,0,0,0,0,0,0,0,0,0,0,0
1482024,1,70,1,0,0,0,2,1,0,0,0,0,0,0,0,0,1,2,0,0,0,0,0,0,0,0,0,0,0,0
1482024,2,75,1,0,0,0,2,1,0,0,0,0,0,0,0,0,1,2,0,0,0,0,0,0,0,0,0,0,0,0
1482024,3,80,1,0,0,0,2,1,0,0,0,0,0,0,0,0,1,2,0,0,0,0,0,0,0,0,0,0,0,0
1482024,4,0,0,0,0,0,0,0,0,0,0,0,0,0,0,0,0,0,0,0,0,0,0,0,0,0,0,0,0,0
1492023,1,80,0,1,0,0,1,2,0,0,0,0,0,0,0,0,1,2,0,0,0,0,0,0,0,0,0,0,0,0
1492023,2,90,0,1,0,0,1,2,0,0,0,0,0,0,0,0,1,2,0,0,0,0,0,0,0,0,0,0,0,0
1492023,3,100,0,1,0,0,1,2,0,0,0,0,0,0,0,0,1,2,0,0,0,0,0,0,0,0,0,0,0,0
1492023,4,110,0,1,0,0,1,2,0,0,0,0,0,0,0,0,1,2,0,0,0,0,0,0,0,0,0,0,0,0
1492023,5,120,0,1,0,0,1,2,0,0,0,0,0,0,0,0,1,2,0,0,0,0,0,0,0,0,0,0,0,0
1492023,6,0,0,0,0,0,0,0,0,0,0,0,0,0,0,0,0,0,0,0,0,0,0,0,0,0,0,0,0,0
1492025,1,70,0,1,0,0,1,2,0,0,0,0,0,0,0,0,1,2,0,0,0,0,0,0,0,0,0,0,0,0
1492025,2,75,0,1,0,0,1,2,0,0,0,0,0,0,0,0,1,2,0,0,0,0,0,0,0,0,0,0,0,0
1492025,3,80,0,1,0,0,1,2,0,0,0,0,0,0,0,0,1,2,0,0,0,0,0,0,0,0,0,0,0,0
1492025,4,0,0,0,0,0,0,0,0,0,0,0,0,0,0,0,0,0,0,0,0,0,0,0,0,0,0,0,0,0
