shopid,itemid,quantity,price,sort
11000,1332005,1,500,104
11000,1322005,1,50,108
11000,1312004,1,50,112
11000,1302000,1,50,116
11100,2010002,1,50,104
11100,2010000,1,30,108
11100,2000002,1,320,112
11100,2000001,1,160,116
11100,2000000,1,50,120
21000,1072005,1,50,104
21000,1072001,1,50,108
21000,1061008,1,50,112
21000,1061002,1,50,116
21000,1060006,1,50,120
21000,1060002,1,50,124
21000,1041011,1,50,128
21000,1041010,1,50,132
21000,1041006,1,50,136
21000,1041002,1,50,140
21000,1040010,1,50,144
21000,1040006,1,50,148
21000,1040002,1,50,152
1001000,1332007,1,1000,104
1001000,1312000,1,3000,108
1001000,1302007,1,3000,112
1001000,1322005,1,50,116
1001000,1312004,1,50,120
1001000,1302000,1,50,124
1001001,3010001,1,1000,104
1001001,1092003,1,2000,108
1001001,1072063,1,10000,112
1001001,1072062,1,10000,116
1001001,1072017,1,10000,120
1001001,1072049,1,5000,124
1001001,1072048,1,5000,128
1001001,1072008,1,5000,132
1001001,1072005,1,50,136
1001001,1072038,1,50,140
1001001,1072037,1,50,144
1001001,1072001,1,50,148
1001001,1062001,1,4800,152
1001001,1062000,1,4800,156
1001001,1060004,1,2800,160
1001001,1060007,1,1000,164
1001001,1041012,1,3000,168
1001001,1041004,1,3000,172
1001001,1040014,1,3000,176
1001001,1040013,1,3000,180
1001001,1002001,1,3000,184
1001001,1002019,1,2000,188
1001001,1002134,1,800,192
1001001,1002133,1,800,196
1001001,1002132,1,800,200
1001001,1002069,1,450,204
1001001,1002068,1,450,208
1001001,1002067,1,450,212
1001001,1002066,1,450,216
1001001,1002014,1,1000,220
1001001,1002008,1,500,224
1001100,2330000,1,600,104
1001100,2070000,1,500,108
1001100,2061000,2000,1400,112
1001100,2060000,2000,1400,116
1001100,2061000,1,1,120
1001100,2060000,1,1,124
1001100,2030001,1,500,128
1001100,2030000,1,400,132
1001100,2020028,1,3000,136
1001100,2010004,1,310,140
1001100,2010003,1,100,144
1001100,2010001,1,106,148
1001100,2010002,1,50,152
1001100,2010000,1,30,156
1001100,2002005,1,500,160
1001100,2002004,1,500,164
1001100,2002002,1,500,168
1001100,2002001,1,400,172
1001100,2002000,1,500,176
1001100,2000006,1,620,180
1001100,2000003,1,200,184
1001100,2000002,1,320,188
1001100,2000001,1,160,192
1001100,2000000,1,50,196
1011000,1442004,1,24000,104
1011000,1422004,1,20000,108
1011000,1322008,1,12000,112
1011000,1322007,1,6000,116
1011000,1302007,1,3000,120
1011000,1462000,1,30000,124
1011000,1462003,1,12000,128
1011000,1462002,1,8000,132
1011000,1462001,1,4000,136
1011000,1452000,1,20000,140
1011000,1452001,1,10000,144
1011000,1452003,1,6000,148
1011000,1452002,1,3000,152
1011001,1072064,1,30000,104
1011001,1072018,1,30000,108
1011001,1072056,1,15000,112
1011001,1072055,1,15000,116
1011001,1072054,1,15000,120
1011001,1072012,1,15000,124
1011001,1072068,1,9000,128
1011001,1072067,1,9000,132
1011001,1072026,1,9000,136
1011001,1072025,1,9000,140
1011001,1072061,1,4500,144
1011001,1072060,1,4500,148
1011001,1072016,1,4500,152
1011001,1072059,1,1800,156
1011001,1072015,1,1800,160
1011001,1062006,1,13000,164
1011001,1062002,1,9000,168
1011001,1062004,1,3000,172
1011001,1061052,1,44000,176
1011001,1061051,1,44000,180
1011001,1061050,1,44000,184
1011001,1061026,1,9000,188
1011001,1061025,1,9000,192
1011001,1061024,1,9000,196
1011001,1061059,1,5000,200
1011001,1061058,1,5000,204
1011001,1061006,1,5000,208
1011001,1061057,1,3000,212
1011001,1061009,1,3000,216
1011001,1060059,1,44000,220
1011001,1060058,1,44000,224
1011001,1060057,1,44000,228
1011001,1060056,1,44000,232
1011001,1060005,1,14000,236
1011001,1041056,1,50000,240
1011001,1041055,1,50000,244
1011001,1041054,1,50000,248
1011001,1041035,1,15000,252
1011001,1041034,1,15000,256
1011001,1041033,1,15000,260
1011001,1041032,1,15000,264
1011001,1041028,1,9000,268
1011001,1041027,1,9000,272
1011001,1041013,1,9000,276
1011001,1041063,1,5500,280
1011001,1041062,1,5500,284
1011001,1041008,1,5500,288
1011001,1041061,1,3200,292
1011001,1041007,1,3200,296
1011001,1040070,1,50000,300
1011001,1040069,1,50000,304
1011001,1040068,1,50000,308
1011001,1040067,1,50000,312
1011001,1040025,1,15000,316
1011001,1040024,1,15000,320
1011001,1040023,1,15000,324
1011001,1040022,1,15000,328
1011001,1040003,1,9000,332
1011001,1040011,1,5500,336
1011001,1040007,1,5500,340
1011001,1040071,1,3200,344
1011001,1040008,1,3200,348
1011001,1032003,1,7000,352
1011001,1032001,1,7000,356
1011001,1002165,1,30000,360
1011001,1002164,1,30000,364
1011001,1002163,1,30000,368
1011001,1002162,1,30000,372
1011001,1002161,1,30000,376
1011001,1002160,1,20000,380
1011001,1002159,1,20000,384
1011001,1002158,1,20000,388
1011001,1002157,1,20000,392
1011001,1002156,1,20000,396
1011001,1002057,1,800,400
1011001,1002010,1,800,404
1011001,1002121,1,12000,408
1011001,1002120,1,12000,412
1011001,1002119,1,12000,416
1011001,1002118,1,12000,420
1011001,1002117,1,12000,424
1011001,1002116,1,4000,428
1011001,1002115,1,4000,432
1011001,1002114,1,4000,436
1011001,1002113,1,4000,440
1011001,1002112,1,4000,444
1011001,1002063,1,3000,448
1011001,1002062,1,3000,452
1011001,1002061,1,3000,456
1011001,1002060,1,3000,460
1011001,1002012,1,3000,464
1011001,1002033,1,3000,468
1011001,1002008,1,500,472
1011100,2330000,1,600,104
1011100,2070000,1,500,108
1011100,2050002,1,300,112
1011100,2050001,1,200,116
1011100,2050000,1,200,120
1011100,2061000,2000,1400,124
1011100,2060000,2000,1400,128
1011100,2061000,1,1,132
1011100,2060000,1,1,136
1011100,2030004,1,500,140
1011100,2030000,1,400,144
1011100,2020028,1,3000,148
1011100,2010004,1,310,152
1011100,2010003,1,100,156
1011100,2010001,1,106,160
1011100,2010002,1,50,164
1011100,2010000,1,30,168
1011100,2002005,1,500,172
1011100,2002004,1,500,176
1011100,2002002,1,500,180
1011100,2002001,1,400,184
1011100,2002000,1,500,188
1011100,2000006,1,620,192
1011100,2000003,1,200,196
1011100,2000002,1,320,200
1011100,2000001,1,160,204
1011100,2000000,1,50,208
1012004,4160019,1,1000,104
1012004,4160039,1,1000,108
1012004,4160037,1,1000,112
1012004,4031993,1,100000,116
1012004,4160036,1,1000,120
1012004,4160035,1,1000,124
1012004,4160034,1,1000,128
1012004,4160032,1,1000,132
1012004,4160024,1,1000,136
1012004,4160023,1,1000,140
1012004,4160022,1,1000,144
1012004,4160015,1,1000,148
1012004,4160012,1,1000,152
1012004,4160013,1,1000,156
1012004,4160017,1,1000,160
1012004,4160014,1,1000,164
1012004,4160020,1,1000,168
1012004,4160010,1,1000,172
1012004,4160009,1,1000,176
1012004,4160008,1,1000,180
1012004,4160007,1,1000,184
1012004,4160006,1,1000,188
1012004,4160005,1,1000,192
1012004,4160004,1,1000,196
1012004,4160003,1,1000,200
1012004,4160002,1,1000,204
1012004,4160001,1,1000,208
1012004,4160000,1,1000,212
1012004,4160026,1,1000,216
1012004,2260000,1,1000,220
1012004,2120000,1,30,224
1021000,1442004,1,24000,104
1021000,1442007,1,12000,108
1021000,1442006,1,8000,112
1021000,1442000,1,3000,116
1021000,1432001,1,7000,120
1021000,1432000,1,3000,124
1021000,1422004,1,20000,128
1021000,1422006,1,10000,132
1021000,1422003,1,10000,136
1021000,1422002,1,6000,140
1021000,1422000,1,3000,144
1021000,1412006,1,45000,148
1021000,1412000,1,22000,152
1021000,1412002,1,10000,156
1021000,1412001,1,3000,160
1021000,1402008,1,22000,164
1021000,1402000,1,12000,168
1021000,1402001,1,3000,172
1021000,1322014,1,40000,176
1021000,1322004,1,22000,180
1021000,1322002,1,10000,184
1021000,1322000,1,6000,188
1021000,1312005,1,40000,192
1021000,1312003,1,20000,196
1021000,1312001,1,6000,200
1021000,1332010,1,22000,204
1021000,1332008,1,10000,208
1021000,1332006,1,7000,212
1021000,1302008,1,40000,216
1021000,1302003,1,20000,220
1021000,1302006,1,10000,224
1021000,1302002,1,10000,228
1021000,1302005,1,6000,232
1021000,1302007,1,3000,236
1021001,1092000,1,6000,104
1021001,1092005,1,4000,108
1021001,1072011,1,15000,112
1021001,1072047,1,10000,116
1021001,1072046,1,10000,120
1021001,1072007,1,10000,124
1021001,1072050,1,5000,128
1021001,1072009,1,5000,132
1021001,1061020,1,14000,136
1021001,1061019,1,14000,140
1021001,1061015,1,14000,144
1021001,1061018,1,9000,148
1021001,1061017,1,9000,152
1021001,1061016,1,9000,156
1021001,1061023,1,3000,160
1021001,1061014,1,3000,164
1021001,1060019,1,38000,168
1021001,1060018,1,38000,172
1021001,1060017,1,38000,176
1021001,1060016,1,38000,180
1021001,1060060,1,14000,184
1021001,1060030,1,14000,188
1021001,1060011,1,14000,192
1021001,1060029,1,9000,196
1021001,1060010,1,9000,200
1021001,1060027,1,5000,204
1021001,1060009,1,5000,208
1021001,1060028,1,3000,212
1021001,1060008,1,3000,216
1021001,1051013,1,60000,220
1021001,1051012,1,60000,224
1021001,1051011,1,60000,228
1021001,1051010,1,60000,232
1021001,1051000,1,8000,236
1021001,1050011,1,70000,240
1021001,1050007,1,15000,244
1021001,1050006,1,15000,248
1021001,1050005,1,15000,252
1021001,1041024,1,16000,256
1021001,1041023,1,16000,260
1021001,1041022,1,16000,264
1021001,1041021,1,9000,268
1021001,1041020,1,9000,272
1021001,1041019,1,9000,276
1021001,1041064,1,3200,280
1021001,1041014,1,3200,284
1021001,1040026,1,40000,288
1021001,1040021,1,40000,292
1021001,1040041,1,16000,296
1021001,1040016,1,16000,300
1021001,1040040,1,16000,304
1021001,1040039,1,9000,308
1021001,1040012,1,9000,312
1021001,1040037,1,5500,316
1021001,1040009,1,5500,320
1021001,1040038,1,3200,324
1021001,1040015,1,3200,328
1021001,1002005,1,19000,332
1021001,1002027,1,11500,336
1021001,1002059,1,8500,340
1021001,1002055,1,8700,344
1021001,1002051,1,3500,348
1021001,1002039,1,2700,352
1021001,1002043,1,2400,356
1021100,2330000,1,600,104
1021100,2070000,1,500,108
1021100,2050002,1,300,112
1021100,2050001,1,200,116
1021100,2050000,1,200,120
1021100,2061000,2000,1400,124
1021100,2060000,2000,1400,128
1021100,2061000,1,1,132
1021100,2060000,1,1,136
1021100,2030003,1,500,140
1021100,2030000,1,400,144
1021100,2010004,1,310,148
1021100,2010003,1,100,152
1021100,2010001,1,106,156
1021100,2010002,1,50,160
1021100,2010000,1,30,164
1021100,2002005,1,500,168
1021100,2002004,1,500,172
1021100,2002002,1,500,176
1021100,2002001,1,400,180
1021100,2002000,1,500,184
1021100,2000006,1,620,188
1021100,2000003,1,200,192
1021100,2000002,1,320,196
1021100,2000001,1,160,200
1021100,2000000,1,50,204
1031000,1322002,1,10000,104
1031000,1382002,1,20000,108
1031000,1382004,1,10000,112
1031000,1382005,1,6000,116
1031000,1382003,1,6000,120
1031000,1382000,1,3000,124
1031000,1372003,1,38000,128
1031000,1372004,1,18000,132
1031000,1372002,1,9000,136
1031000,1372006,1,5000,140
1031000,1372005,1,2000,144
1031001,1072024,1,4000,104
1031001,1072023,1,4000,108
1031001,1072045,1,1500,112
1031001,1072044,1,1500,116
1031001,1072006,1,1500,120
1031001,1061036,1,40000,124
1031001,1061035,1,40000,128
1031001,1061034,1,40000,132
1031001,1061028,1,8000,136
1031001,1061027,1,8000,140
1031001,1061022,1,4000,144
1031001,1061021,1,4000,148
1031001,1061013,1,4000,152
1031001,1061012,1,4000,156
1031001,1061011,1,2000,160
1031001,1061010,1,2000,164
1031001,1060015,1,8000,168
1031001,1060014,1,8000,172
1031001,1060013,1,2000,176
1031001,1060012,1,2000,180
1031001,1051003,1,16000,184
1031001,1051005,1,16000,188
1031001,1051004,1,16000,192
1031001,1050028,1,40000,196
1031001,1050027,1,40000,200
1031001,1050026,1,40000,204
1031001,1050003,1,40000,208
1031001,1050025,1,16000,212
1031001,1050024,1,16000,216
1031001,1050023,1,16000,220
1031001,1050001,1,16000,224
1031001,1050010,1,7000,228
1031001,1050009,1,7000,232
1031001,1050008,1,7000,236
1031001,1041043,1,42000,240
1031001,1041042,1,42000,244
1031001,1041041,1,42000,248
1031001,1041031,1,8500,252
1031001,1041030,1,8500,256
1031001,1041029,1,8500,260
1031001,1041026,1,4000,264
1031001,1041025,1,4000,268
1031001,1041018,1,4000,272
1031001,1041017,1,4000,276
1031001,1041016,1,2000,280
1031001,1041015,1,2000,284
1031001,1040020,1,8500,288
1031001,1040019,1,8500,292
1031001,1040018,1,8500,296
1031001,1040017,1,2000,300
1031001,1040004,1,2000,304
1031001,1002016,1,8000,308
1031001,1002106,1,3800,312
1031001,1002105,1,3800,316
1031001,1002104,1,3800,320
1031001,1002103,1,3800,324
1031001,1002102,1,3800,328
1031001,1002017,1,1200,332
1031100,2330000,1,600,104
1031100,2070000,1,500,108
1031100,2050003,1,500,112
1031100,2050002,1,300,116
1031100,2050001,1,200,120
1031100,2050000,1,200,124
1031100,2061000,2000,1400,128
1031100,2060000,2000,1400,132
1031100,2061000,1,1,136
1031100,2060000,1,1,140
1031100,2030002,1,500,144
1031100,2030000,1,400,148
1031100,2010004,1,305,152
1031100,2010003,1,97,156
1031100,2010001,1,106,160
1031100,2010002,1,50,164
1031100,2010000,1,30,168
1031100,2002005,1,500,172
1031100,2002004,1,500,176
1031100,2002002,1,500,180
1031100,2002001,1,400,184
1031100,2002000,1,500,188
1031100,2000006,1,604,192
1031100,2000003,1,192,196
1031100,2000002,1,320,200
1031100,2000001,1,160,204
1031100,2000000,1,50,208
1032103,2044900,1,70000,104
1032103,2044800,1,70000,108
1032103,2043800,1,70000,112
1032103,2043700,1,70000,116
1032103,2044600,1,70000,120
1032103,2044500,1,70000,124
1032103,2040300,1,35000,128
1032103,2040700,1,35000,132
1032103,2040600,1,35000,136
1032103,2040400,1,35000,140
1032103,2040000,1,35000,144
1051000,1472000,1,3000,104
1051000,1442000,1,3000,108
1051000,1432001,1,7000,112
1051000,1432000,1,3000,116
1051000,1422000,1,3000,120
1051000,1412001,1,3000,124
1051000,1402001,1,3000,128
1051000,1322009,1,20000,132
1051000,1332009,1,42000,136
1051000,1332012,1,40000,140
1051000,1332004,1,38000,144
1051000,1332010,1,22000,148
1051000,1332013,1,15000,152
1051000,1332008,1,10000,156
1051000,1332002,1,8000,160
1051000,1332006,1,7000,164
1051000,1332000,1,4000,168
1051000,1302007,1,3000,172
1051001,1072066,1,9000,104
1051001,1072065,1,9000,108
1051001,1072022,1,9000,112
1051001,1072031,1,4500,116
1051001,1072030,1,4500,120
1051001,1072029,1,4500,124
1051001,1072028,1,4500,128
1051001,1072043,1,2000,132
1051001,1072042,1,2000,136
1051001,1072004,1,2000,140
1051001,1072071,1,1800,144
1051001,1072070,1,1800,148
1051001,1061046,1,40000,152
1051001,1061045,1,40000,156
1051001,1061044,1,40000,160
1051001,1061043,1,40000,164
1051001,1061056,1,18000,168
1051001,1061055,1,18000,172
1051001,1061054,1,18000,176
1051001,1061053,1,18000,180
1051001,1061042,1,12000,184
1051001,1061041,1,12000,188
1051001,1061040,1,12000,192
1051001,1061033,1,8000,196
1051001,1061032,1,8000,200
1051001,1061003,1,8000,204
1051001,1061038,1,4800,208
1051001,1061037,1,4800,212
1051001,1061031,1,2800,216
1051001,1061030,1,2800,220
1051001,1061029,1,2800,224
1051001,1060046,1,40000,228
1051001,1060045,1,40000,232
1051001,1060044,1,40000,236
1051001,1060043,1,40000,240
1051001,1060039,1,19000,244
1051001,1060038,1,19000,248
1051001,1060037,1,19000,252
1051001,1060033,1,8000,256
1051001,1060032,1,8000,260
1051001,1060031,1,8000,264
1051001,1060025,1,4800,268
1051001,1060024,1,4800,272
1051001,1060023,1,2800,276
1051001,1060022,1,2800,280
1051001,1060021,1,2800,284
1051001,1041050,1,45000,288
1051001,1041049,1,45000,292
1051001,1041048,1,45000,296
1051001,1041047,1,45000,300
1051001,1041060,1,18000,304
1051001,1041059,1,18000,308
1051001,1041058,1,18000,312
1051001,1041057,1,18000,316
1051001,1041040,1,9000,320
1051001,1041039,1,9000,324
1051001,1041003,1,9000,328
1051001,1041045,1,5000,332
1051001,1041044,1,5000,336
1051001,1041038,1,3000,340
1051001,1041037,1,3000,344
1051001,1041036,1,3000,348
1051001,1040060,1,45000,352
1051001,1040059,1,45000,356
1051001,1040058,1,45000,360
1051001,1040057,1,45000,364
1051001,1040050,1,16000,368
1051001,1040049,1,16000,372
1051001,1040048,1,16000,376
1051001,1040044,1,9000,380
1051001,1040043,1,9000,384
1051001,1040042,1,9000,388
1051001,1040035,1,5000,392
1051001,1040034,1,5000,396
1051001,1040033,1,3000,400
1051001,1040032,1,3000,404
1051001,1040031,1,3000,408
1051001,1002175,1,30000,412
1051001,1002174,1,30000,416
1051001,1002173,1,30000,420
1051001,1002172,1,30000,424
1051001,1002171,1,30000,428
1051001,1002150,1,20000,432
1051001,1002149,1,20000,436
1051001,1002148,1,20000,440
1051001,1002147,1,20000,444
1051001,1002146,1,20000,448
1051001,1002097,1,7400,452
1051001,1002096,1,7400,456
1051001,1002020,1,7400,460
1051001,1002131,1,12000,464
1051001,1002130,1,12000,468
1051001,1002129,1,12000,472
1051001,1002128,1,12000,476
1051001,1002127,1,12000,480
1051001,1002111,1,4000,484
1051001,1002110,1,4000,488
1051001,1002109,1,4000,492
1051001,1002108,1,4000,496
1051001,1002107,1,4000,500
1051001,1002001,1,3000,504
1051001,1002126,1,900,508
1051001,1002125,1,900,512
1051001,1002124,1,900,516
1051001,1002123,1,900,520
1051001,1002122,1,900,524
1051002,2330000,1,600,104
1051002,2070000,1,500,108
1051002,2050002,1,300,112
1051002,2050001,1,200,116
1051002,2050000,1,200,120
1051002,2061000,2000,1400,124
1051002,2060000,2000,1400,128
1051002,2061000,1,1,132
1051002,2060000,1,1,136
1051002,2030005,1,500,140
1051002,2030000,1,400,144
1051002,2010004,1,310,148
1051002,2010003,1,100,152
1051002,2010001,1,106,156
1051002,2010002,1,50,160
1051002,2010000,1,30,164
1051002,2002005,1,500,168
1051002,2002004,1,500,172
1051002,2002002,1,500,176
1051002,2002001,1,400,180
1051002,2002000,1,500,184
1051002,2000006,1,620,188
1051002,2000003,1,200,192
1051002,2000002,1,320,196
1051002,2000001,1,160,200
1051002,2000000,1,50,204
1052104,2044700,1,70000,104
1052104,2043300,1,70000,108
1052104,2044400,1,70000,112
1052104,2044300,1,70000,116
1052104,2044200,1,70000,120
1052104,2044100,1,70000,124
1052104,2044000,1,70000,128
1052104,2043200,1,70000,132
1052104,2043100,1,70000,136
1052104,2043000,1,70000,140
1052104,2040703,1,35000,144
1052104,2040700,1,35000,148
1052104,2040600,1,35000,152
1052104,2040500,1,35000,156
1052104,2040003,1,35000,160
1052104,2040000,1,35000,164
1061001,2330000,1,600,104
1061001,2070000,1,500,108
1061001,2061000,2000,2800,112
1061001,2060000,2000,2800,116
1061001,2061000,1,2,120
1061001,2060000,1,2,124
1061001,2030000,1,400,128
1061001,2020002,1,320,132
1061001,2022000,1,1650,136
1061001,2020000,1,420,140
1061001,2022003,1,1100,144
1061001,2020006,1,530,148
1061001,2020004,1,450,152
1061001,2020003,1,450,156
1061001,2020005,1,320,160
1061001,2020001,1,220,164
1061002,2330000,1,600,104
1061002,2070000,1,500,108
1061002,2061000,2000,1400,112
1061002,2060000,2000,1400,116
1061002,2061000,1,1,120
1061002,2060000,1,1,124
1061002,2030006,1,600,128
1061002,2030000,1,400,132
1061002,2022003,1,1100,136
1061002,2022000,1,1650,140
1061002,2010004,1,310,144
1061002,2010003,1,100,148
1061002,2010001,1,106,152
1061002,2010002,1,50,156
1061002,2010000,1,30,160
1061002,2000006,1,620,164
1061002,2000003,1,200,168
1061002,2000002,1,320,172
1061002,2000001,1,160,176
1061002,2000000,1,50,180
1081000,2330000,1,600,104
1081000,2070000,1,500,108
1081000,2001002,1,4000,112
1081000,2001001,1,2300,116
1081000,2001000,1,3200,120
1081000,2020002,1,320,124
1081000,2022000,1,1650,128
1081000,2020000,1,420,132
1081000,2022003,1,1100,136
1081000,2020006,1,530,140
1081000,2020004,1,450,144
1081000,2020003,1,450,148
1081000,2020005,1,320,152
1081000,2020001,1,220,156
1081000,2010004,1,310,160
1081000,2010003,1,100,164
1081000,2010001,1,106,168
1081000,2010002,1,50,172
1081000,2010000,1,30,176
1081000,2000003,1,200,180
1081000,2000002,1,320,184
1081000,2000001,1,160,188
1081000,2000000,1,50,192
1091000,1322007,1,6000,104
1091000,1302007,1,3000,108
1091000,1442004,1,24000,112
1091000,1482004,1,52000,116
1091000,1482003,1,20000,120
1091000,1482002,1,10000,124
1091000,1482001,1,6000,128
1091000,1482000,1,3000,132
1091000,1492004,1,50000,136
1091000,1492003,1,22000,140
1091000,1492002,1,10000,144
1091000,1492001,1,6000,148
1091000,1492000,1,3000,152
1091001,1072288,1,8000,104
1091001,1072285,1,5000,108
1091001,1052107,1,60000,112
1091001,1052104,1,30000,116
1091001,1052101,1,16000,120
1091001,1052098,1,8000,124
1091001,1052095,1,4000,128
1091001,1002619,1,20000,132
1091001,1002616,1,12000,136
1091001,1002613,1,4000,140
1091001,1002610,1,900,144
1091002,2330000,1,600,104
1091002,2070000,1,500,108
1091002,2061000,2000,1400,112
1091002,2060000,2000,1400,116
1091002,2061000,1,1,120
1091002,2060000,1,1,124
1091002,2030019,1,500,128
1091002,2030000,1,400,132
1091002,2020028,1,3000,136
1091002,2010004,1,310,140
1091002,2010003,1,100,144
1091002,2010001,1,106,148
1091002,2010002,1,50,152
1091002,2010000,1,30,156
1091002,2002005,1,500,160
1091002,2002004,1,500,164
1091002,2002002,1,500,168
1091002,2002001,1,400,172
1091002,2002000,1,500,176
1091002,2000006,1,620,180
1091002,2000003,1,200,184
1091002,2000002,1,320,188
1091002,2000001,1,160,192
1091002,2000000,1,50,196
1093000,2022258,1,105,104
1100001,1072005,1,50,104
1100001,1072001,1,50,108
1100001,1061008,1,50,112
1100001,1061002,1,50,116
1100001,1060006,1,50,120
1100001,1060002,1,50,124
1100001,1041011,1,50,128
1100001,1041010,1,50,132
1100001,1041006,1,50,136
1100001,1041002,1,50,140
1100001,1040010,1,50,144
1100001,1040006,1,50,148
1100001,1040002,1,50,152
1100001,1332005,1,500,156
1100001,1322005,1,50,160
1100001,1312004,1,50,164
1100001,1302000,1,50,168
1100002,2330000,1,600,104
1100002,2070000,1,500,108
1100002,2050002,1,300,112
1100002,2050001,1,200,116
1100002,2050000,1,200,120
1100002,2061000,2000,1400,124
1100002,2060000,2000,1400,128
1100002,2061000,1,1,132
1100002,2060000,1,1,136
1100002,2030000,1,400,140
1100002,2120008,1,200,144
1100002,2010004,1,310,148
1100002,2010003,1,100,152
1100002,2010001,1,106,156
1100002,2010002,1,50,160
1100002,2010000,1,30,164
1100002,2002005,1,500,168
1100002,2002004,1,500,172
1100002,2002002,1,500,176
1100002,2002001,1,400,180
1100002,2002000,1,500,184
1100002,2000006,1,620,188
1100002,2000003,1,200,192
1100002,2000002,1,320,196
1100002,2000001,1,160,200
1100002,2000000,1,50,204
2010004,4160019,1,1000,104
2010004,4160039,1,1000,108
2010004,4160037,1,1000,112
2010004,4031993,1,100000,116
2010004,4160036,1,1000,120
2010004,4160035,1,1000,124
2010004,4160034,1,1000,128
2010004,4160032,1,1000,132
2010004,4160024,1,1000,136
2010004,4160023,1,1000,140
2010004,4160022,1,1000,144
2010004,4160015,1,1000,148
2010004,4160012,1,1000,152
2010004,4160013,1,1000,156
2010004,4160017,1,1000,160
2010004,4160014,1,1000,164
2010004,4160020,1,1000,168
2010004,4160010,1,1000,172
2010004,4160009,1,1000,176
2010004,4160008,1,1000,180
2010004,4160007,1,1000,184
2010004,4160006,1,1000,188
2010004,4160005,1,1000,192
2010004,4160004,1,1000,196
2010004,4160003,1,1000,200
2010004,4160002,1,1000,204
2010004,4160001,1,1000,208
2010004,4160000,1,1000,212
2010004,4160026,1,1000,216
2010004,2260000,1,1000,220
2010004,2120000,1,30,224
2012003,1492004,1,75000,104
2012003,1482004,1,75000,108
2012003,1472001,1,20000,112
2012003,1462000,1,30000,116
2012003,1452005,1,150000,120
2012003,1442001,1,60000,124
2012003,1432002,1,60000,128
2012003,1422001,1,45000,132
2012003,1412006,1,45000,136
2012003,1402002,1,150000,140
2012003,1382002,1,20000,144
2012003,1372003,1,38000,148
2012003,1332012,1,40000,152
2012003,1332009,1,42000,156
2012003,1322014,1,40000,160
2012003,1312005,1,40000,164
2012003,1302008,1,40000,168
2012004,1052107,1,90000,104
2012004,1002622,1,40000,108
2012004,1061046,1,40000,112
2012004,1061045,1,40000,116
2012004,1061044,1,40000,120
2012004,1061043,1,40000,124
2012004,1060046,1,40000,128
2012004,1060045,1,40000,132
2012004,1060044,1,40000,136
2012004,1060043,1,40000,140
2012004,1041050,1,45000,144
2012004,1041049,1,45000,148
2012004,1041048,1,45000,152
2012004,1041047,1,45000,156
2012004,1040060,1,45000,160
2012004,1040059,1,45000,164
2012004,1040058,1,45000,168
2012004,1040057,1,45000,172
2012004,1002175,1,30000,176
2012004,1002174,1,30000,180
2012004,1002173,1,30000,184
2012004,1002172,1,30000,188
2012004,1002171,1,30000,192
2012004,1061051,1,44000,196
2012004,1061050,1,44000,200
2012004,1061052,1,44000,204
2012004,1060057,1,44000,208
2012004,1060056,1,44000,212
2012004,1060058,1,44000,216
2012004,1060059,1,44000,220
2012004,1041055,1,50000,224
2012004,1041054,1,50000,228
2012004,1041056,1,50000,232
2012004,1040068,1,50000,236
2012004,1040067,1,50000,240
2012004,1040070,1,50000,244
2012004,1040069,1,50000,248
2012004,1002165,1,30000,252
2012004,1002164,1,30000,256
2012004,1002163,1,30000,260
2012004,1002162,1,30000,264
2012004,1002161,1,30000,268
2012004,1061036,1,40000,272
2012004,1061035,1,40000,276
2012004,1061034,1,40000,280
2012004,1050028,1,40000,284
2012004,1050027,1,40000,288
2012004,1050026,1,40000,292
2012004,1050003,1,40000,296
2012004,1041043,1,42000,300
2012004,1041042,1,42000,304
2012004,1041041,1,42000,308
2012004,1002064,1,40000,312
2012004,1092006,1,60000,316
2012004,1060019,1,38000,320
2012004,1060018,1,38000,324
2012004,1060017,1,38000,328
2012004,1060016,1,38000,332
2012004,1051013,1,60000,336
2012004,1051012,1,60000,340
2012004,1051011,1,60000,344
2012004,1051010,1,60000,348
2012004,1040026,1,40000,352
2012004,1040021,1,40000,356
2012004,1002023,1,120000,360
2012005,2330000,1,600,104
2012005,2070000,1,500,108
2012005,2061000,2000,1400,112
2012005,2060000,2000,1400,116
2012005,2061000,1,1,120
2012005,2060000,1,1,124
2012005,2030000,1,400,128
2012005,2050003,1,500,132
2012005,2050002,1,300,136
2012005,2050001,1,200,140
2012005,2050000,1,200,144
2012005,2020028,1,3000,148
2012005,2010004,1,310,152
2012005,2010003,1,100,156
2012005,2010001,1,106,160
2012005,2010002,1,50,164
2012005,2010000,1,30,168
2012005,2001002,1,4000,172
2012005,2001001,1,2300,176
2012005,2001000,1,3200,180
2012005,2022000,1,1650,184
2012005,2022003,1,1100,188
2012005,2002005,1,500,192
2012005,2002004,1,500,196
2012005,2002002,1,500,200
2012005,2002001,1,400,204
2012005,2002000,1,500,208
2012005,2000006,1,620,212
2012005,2000003,1,200,216
2012005,2000002,1,320,220
2012005,2000001,1,160,224
2012005,2000000,1,50,228
2020001,1492006,1,160000,104
2020001,1492005,1,100000,108
2020001,1482006,1,150000,112
2020001,1482005,1,100000,116
2020001,1472007,1,60000,120
2020001,1472004,1,30000,124
2020001,1462005,1,250000,128
2020001,1462004,1,200000,132
2020001,1452007,1,375000,136
2020001,1452006,1,250000,140
2020001,1442009,1,300000,144
2020001,1442003,1,175000,148
2020001,1432005,1,225000,152
2020001,1432003,1,175000,156
2020001,1422007,1,250000,160
2020001,1422008,1,200000,164
2020001,1412005,1,250000,168
2020001,1412004,1,200000,172
2020001,1402007,1,450000,176
2020001,1402006,1,350000,180
2020001,1372000,1,400000,184
2020001,1372001,1,175000,188
2020001,1332011,1,425000,192
2020001,1332014,1,375000,196
2020001,1332001,1,200000,200
2020001,1322016,1,175000,204
2020001,1322015,1,100000,208
2020001,1312007,1,175000,212
2020001,1312006,1,100000,216
2020001,1302009,1,225000,220
2020001,1302004,1,100000,224
2022000,1002625,1,75000,104
2022000,1052113,1,120000,108
2022000,1052110,1,100000,112
2022000,1061069,1,160000,116
2022000,1061070,1,160000,120
2022000,1060072,1,160000,124
2022000,1060071,1,160000,128
2022000,1060052,1,108000,132
2022000,1060050,1,108000,136
2022000,1060051,1,108000,140
2022000,1051009,1,111000,144
2022000,1051008,1,111000,148
2022000,1051007,1,111000,152
2022000,1041074,1,180000,156
2022000,1041075,1,180000,160
2022000,1040083,1,180000,164
2022000,1040082,1,180000,168
2022000,1040061,1,114000,172
2022000,1040062,1,114000,176
2022000,1040063,1,114000,180
2022000,1002180,1,100000,184
2022000,1002179,1,100000,188
2022000,1002178,1,100000,192
2022000,1002177,1,100000,196
2022000,1002176,1,100000,200
2022000,1061080,1,160000,204
2022000,1061081,1,160000,208
2022000,1061062,1,108000,212
2022000,1061060,1,108000,216
2022000,1061064,1,108000,220
2022000,1061061,1,108000,224
2022000,1060069,1,160000,228
2022000,1060070,1,160000,232
2022000,1060063,1,108000,236
2022000,1060061,1,108000,240
2022000,1060065,1,108000,244
2022000,1060062,1,108000,248
2022000,1041081,1,180000,252
2022000,1041082,1,180000,256
2022000,1041067,1,114000,260
2022000,1041065,1,114000,264
2022000,1041069,1,114000,268
2022000,1041066,1,114000,272
2022000,1040079,1,180000,276
2022000,1040081,1,180000,280
2022000,1040076,1,114000,284
2022000,1040074,1,114000,288
2022000,1040073,1,114000,292
2022000,1040072,1,114000,296
2022000,1002137,1,100000,300
2022000,1002135,1,100000,304
2022000,1002139,1,100000,308
2022000,1002138,1,100000,312
2022000,1061047,1,120000,316
2022000,1061048,1,120000,320
2022000,1051027,1,450000,324
2022000,1051024,1,450000,328
2022000,1051025,1,450000,332
2022000,1051023,1,450000,336
2022000,1050037,1,450000,340
2022000,1050036,1,450000,344
2022000,1050038,1,450000,348
2022000,1050035,1,450000,352
2022000,1050002,1,300000,356
2022000,1050031,1,300000,360
2022000,1041051,1,120000,364
2022000,1041052,1,120000,368
2022000,1002144,1,96000,372
2022000,1002143,1,96000,376
2022000,1002142,1,96000,380
2022000,1002141,1,96000,384
2022000,1092002,1,200000,388
2022000,1092001,1,100000,392
2022000,1061084,1,180000,396
2022000,1061083,1,180000,400
2022000,1060074,1,180000,404
2022000,1060075,1,180000,408
2022000,1051014,1,112500,412
2022000,1051001,1,112500,416
2022000,1050021,1,112500,420
2022000,1050000,1,112500,424
2022000,1041085,1,200000,428
2022000,1041084,1,200000,432
2022000,1040085,1,200000,436
2022000,1040000,1,200000,440
2022000,1002004,1,160000,444
2022000,1072338,1,29000,448
2022000,1072171,1,29000,452
2022000,1072170,1,29000,456
2022000,1072169,1,28000,460
2022000,1072168,1,30000,464
2022001,2330000,1,600,104
2022001,2070000,1,500,108
2022001,2061000,2000,1400,112
2022001,2060000,2000,1400,116
2022001,2061000,1,1,120
2022001,2060000,1,1,124
2022001,2030000,1,400,128
2022001,2050002,1,300,132
2022001,2050001,1,200,136
2022001,2050000,1,200,140
2022001,2020015,1,10200,144
2022001,2020014,1,8100,148
2022001,2020013,1,5600,152
2022001,2020012,1,4500,156
2022001,2001002,1,4000,160
2022001,2001001,1,2300,164
2022001,2001000,1,3200,168
2022001,2022000,1,1650,172
2022001,2022003,1,1100,176
2022001,2010004,1,310,180
2022001,2010003,1,100,184
2022001,2010001,1,106,188
2022001,2010002,1,50,192
2022001,2010000,1,30,196
2022001,2002005,1,500,200
2022001,2002004,1,500,204
2022001,2002002,1,500,208
2022001,2002001,1,400,212
2022001,2002000,1,500,216
2022001,2000006,1,620,220
2022001,2000003,1,200,224
2022001,2000002,1,320,228
2022001,2000001,1,160,232
2022001,2000000,1,50,236
2022001,2022186,1,2400,240
2022001,2022001,1,400,244
2022002,2044900,1,70000,104
2022002,2044800,1,70000,108
2022002,2044700,1,70000,112
2022002,2044600,1,70000,116
2022002,2044500,1,70000,120
2022002,2044400,1,70000,124
2022002,2044300,1,70000,128
2022002,2044200,1,70000,132
2022002,2044100,1,70000,136
2022002,2044000,1,70000,140
2022002,2043800,1,70000,144
2022002,2043700,1,70000,148
2022002,2043300,1,70000,152
2022002,2043200,1,70000,156
2022002,2043100,1,70000,160
2022002,2043000,1,70000,164
2022002,2041003,1,35000,168
2022002,2041000,1,35000,172
2022002,2040900,1,35000,176
2022002,2040800,1,35000,180
2022002,2040700,1,35000,184
2022002,2040600,1,35000,188
2022002,2040503,1,35000,192
2022002,2040400,1,35000,196
2022002,2040300,1,35000,200
2022002,2040003,1,35000,204
2030009,2330000,1,600,104
2030009,2070000,1,500,108
2030009,2061000,2000,1400,112
2030009,2060000,2000,1400,116
2030009,2061000,1,1,120
2030009,2060000,1,1,124
2030009,2030000,1,400,128
2030009,2020015,1,10608,132
2030009,2020014,1,8424,136
2030009,2020013,1,5824,140
2030009,2020012,1,4680,144
2030009,2022000,1,1716,148
2030009,2022003,1,1144,152
2030009,2020006,1,551,156
2030009,2020004,1,468,160
2030009,2020003,1,468,164
2030009,2020001,1,228,168
2030009,2010004,1,322,172
2030009,2020005,1,332,176
2030009,2001002,1,4160,180
2030009,2001001,1,2392,184
2030009,2001000,1,3328,188
2030009,2002005,1,520,192
2030009,2002004,1,520,196
2030009,2002002,1,520,200
2030009,2002001,1,416,204
2030009,2002000,1,520,208
2030009,2000006,1,644,212
2030009,2000003,1,208,216
2030009,2000002,1,332,220
2030009,2000001,1,166,224
2040049,2061001,1,10,104
2040049,2060001,1,10,108
2040049,2061000,2000,1400,112
2040049,2060000,2000,1400,116
2040049,2061000,1,1,120
2040049,2060000,1,1,124
2040049,2120000,1,25,128
2040049,2020015,1,10608,132
2040049,2020014,1,8424,136
2040049,2020013,1,5824,140
2040049,2020012,1,4680,144
2040049,2022000,1,1716,148
2040049,2022003,1,1144,152
2040049,2020006,1,503,156
2040049,2020005,1,304,160
2040049,2020004,1,427,164
2040049,2020003,1,427,168
2040049,2020002,1,304,172
2040049,2020001,1,209,176
2040049,2010002,1,47,180
2040049,2010001,1,106,184
2040049,2002010,1,475,188
2040049,2002009,1,570,192
2040049,2002008,1,570,196
2040049,2002007,1,570,200
2040049,2002006,1,570,204
2040049,2001002,1,3800,208
2040049,2001001,1,2185,212
2040049,2000006,1,589,216
2040049,2000011,1,620,220
2040049,2000003,1,190,224
2040049,2000010,1,200,228
2040049,2000002,1,304,232
2040049,2000009,1,320,236
2040049,2000001,1,152,240
2040049,2000008,1,160,244
2040049,2000000,1,47,248
2040049,2000007,1,50,252
2040051,2030000,1,400,104
2040051,2061001,1,10,108
2040051,2060001,1,10,112
2040051,2061000,2000,1400,116
2040051,2060000,2000,1400,120
2040051,2061000,1,1,124
2040051,2060000,1,1,128
2040051,2050003,1,500,132
2040051,2050002,1,300,136
2040051,2050001,1,200,140
2040051,2050000,1,200,144
2040051,2000006,1,620,148
2040051,2000011,1,620,152
2040051,2000003,1,200,156
2040051,2000010,1,200,160
2040051,2000002,1,320,164
2040051,2000009,1,320,168
2040051,2000001,1,160,172
2040051,2000008,1,160,176
2040051,2000000,1,50,180
2040051,2000007,1,50,184
2040051,2020015,1,10200,188
2040051,2020014,1,8100,192
2040051,2020013,1,5824,196
2040051,2020012,1,4680,200
2040051,2001002,1,4000,204
2040051,2001001,1,2300,208
2040051,2022000,1,1650,212
2040051,2022003,1,1100,216
2040051,2002009,1,600,220
2040051,2002008,1,600,224
2040051,2002007,1,600,228
2040051,2002006,1,600,232
2040051,2002010,1,500,236
2041002,1492006,1,160000,104
2041002,1492005,1,100000,108
2041002,1492004,1,75000,112
2041002,1482006,1,150000,116
2041002,1482005,1,100000,120
2041002,1482004,1,75000,124
2041002,1472007,1,60000,128
2041002,1472004,1,30000,132
2041002,1472001,1,20000,136
2041002,1462005,1,250000,140
2041002,1462004,1,200000,144
2041002,1462000,1,30000,148
2041002,1452007,1,375000,152
2041002,1452006,1,250000,156
2041002,1452005,1,150000,160
2041002,1442009,1,300000,164
2041002,1442003,1,175000,168
2041002,1442001,1,60000,172
2041002,1432005,1,225000,176
2041002,1432003,1,175000,180
2041002,1432002,1,60000,184
2041002,1422007,1,250000,188
2041002,1422008,1,200000,192
2041002,1422001,1,45000,196
2041002,1412005,1,250000,200
2041002,1412004,1,200000,204
2041002,1412006,1,45000,208
2041002,1402007,1,450000,212
2041002,1402006,1,350000,216
2041002,1402002,1,150000,220
2041002,1382002,1,20000,224
2041002,1372000,1,400000,228
2041002,1372001,1,175000,232
2041002,1372003,1,38000,236
2041002,1332011,1,425000,240
2041002,1332014,1,375000,244
2041002,1332001,1,200000,248
2041002,1332012,1,40000,252
2041002,1332009,1,42000,256
2041002,1322016,1,175000,260
2041002,1322015,1,100000,264
2041002,1322014,1,40000,268
2041002,1312007,1,175000,272
2041002,1312006,1,100000,276
2041002,1312005,1,40000,280
2041002,1302009,1,225000,284
2041002,1302004,1,100000,288
2041002,1302008,1,40000,292
2041003,1002625,1,75000,104
2041003,1052113,1,120000,108
2041003,1052110,1,100000,112
2041003,1061069,1,160000,116
2041003,1061070,1,160000,120
2041003,1060072,1,160000,124
2041003,1060071,1,160000,128
2041003,1060052,1,108000,132
2041003,1060050,1,108000,136
2041003,1060051,1,108000,140
2041003,1051009,1,111000,144
2041003,1051008,1,111000,148
2041003,1051007,1,111000,152
2041003,1041074,1,180000,156
2041003,1041075,1,180000,160
2041003,1040083,1,180000,164
2041003,1040082,1,180000,168
2041003,1040061,1,114000,172
2041003,1040062,1,114000,176
2041003,1040063,1,114000,180
2041003,1002180,1,100000,184
2041003,1002179,1,100000,188
2041003,1002178,1,100000,192
2041003,1002177,1,100000,196
2041003,1002176,1,100000,200
2041003,1061080,1,160000,204
2041003,1061081,1,160000,208
2041003,1061062,1,108000,212
2041003,1061060,1,108000,216
2041003,1061064,1,108000,220
2041003,1061061,1,108000,224
2041003,1060069,1,160000,228
2041003,1060070,1,160000,232
2041003,1060063,1,108000,236
2041003,1060061,1,108000,240
2041003,1060065,1,108000,244
2041003,1060062,1,108000,248
2041003,1041081,1,180000,252
2041003,1041082,1,180000,256
2041003,1041067,1,114000,260
2041003,1041065,1,114000,264
2041003,1041069,1,114000,268
2041003,1041066,1,114000,272
2041003,1040079,1,180000,276
2041003,1040081,1,180000,280
2041003,1040076,1,114000,284
2041003,1040074,1,114000,288
2041003,1040073,1,114000,292
2041003,1040072,1,114000,296
2041003,1002137,1,100000,300
2041003,1002135,1,100000,304
2041003,1002139,1,100000,308
2041003,1002138,1,100000,312
2041003,1061047,1,120000,316
2041003,1061048,1,120000,320
2041003,1051027,1,450000,324
2041003,1051024,1,450000,328
2041003,1051025,1,450000,332
2041003,1051023,1,450000,336
2041003,1050037,1,450000,340
2041003,1050036,1,450000,344
2041003,1050038,1,450000,348
2041003,1050035,1,450000,352
2041003,1050002,1,300000,356
2041003,1050031,1,300000,360
2041003,1041051,1,120000,364
2041003,1041052,1,120000,368
2041003,1002144,1,96000,372
2041003,1002143,1,96000,376
2041003,1002142,1,96000,380
2041003,1002141,1,96000,384
2041003,1092002,1,200000,388
2041003,1092001,1,100000,392
2041003,1061084,1,180000,396
2041003,1061083,1,180000,400
2041003,1060074,1,180000,404
2041003,1060075,1,180000,408
2041003,1051014,1,112500,412
2041003,1051001,1,112500,416
2041003,1050021,1,112500,420
2041003,1050000,1,112500,424
2041003,1041085,1,200000,428
2041003,1041084,1,200000,432
2041003,1040085,1,200000,436
2041003,1040000,1,200000,440
2041003,1002004,1,160000,444
2041006,2330000,1,600,104
2041006,2070000,1,500,108
2041006,2061001,1,10,112
2041006,2060001,1,10,116
2041006,2061000,2000,1400,120
2041006,2060000,2000,1400,124
2041006,2061000,1,1,128
2041006,2060000,1,1,132
2041006,2030000,1,400,136
2041006,2020028,1,2850,140
2041006,2020006,1,503,144
2041006,2020005,1,304,148
2041006,2020004,1,427,152
2041006,2020003,1,427,156
2041006,2020002,1,304,160
2041006,2020001,1,209,164
2041006,2010002,1,47,168
2041006,2010001,1,106,172
2041006,2002010,1,500,176
2041006,2002009,1,500,180
2041006,2002008,1,500,184
2041006,2002007,1,500,188
2041006,2002006,1,500,192
2041006,2001002,1,3800,196
2041006,2001001,1,2185,200
2041006,2000006,1,589,204
2041006,2000011,1,620,208
2041006,2000003,1,190,212
2041006,2000010,1,200,216
2041006,2000002,1,304,220
2041006,2000009,1,320,224
2041006,2000001,1,152,228
2041006,2000008,1,160,232
2041006,2000000,1,47,236
2041006,2000007,1,50,240
2041014,4160019,1,1000,104
2041014,4160039,1,1000,108
2041014,4160037,1,1000,112
2041014,4031993,1,100000,116
2041014,4160036,1,1000,120
2041014,4160035,1,1000,124
2041014,4160034,1,1000,128
2041014,4160032,1,1000,132
2041014,4160024,1,1000,136
2041014,4160023,1,1000,140
2041014,4160022,1,1000,144
2041014,4160015,1,1000,148
2041014,4160012,1,1000,152
2041014,4160013,1,1000,156
2041014,4160017,1,1000,160
2041014,4160014,1,1000,164
2041014,4160020,1,1000,168
2041014,4160010,1,1000,172
2041014,4160009,1,1000,176
2041014,4160008,1,1000,180
2041014,4160007,1,1000,184
2041014,4160006,1,1000,188
2041014,4160005,1,1000,192
2041014,4160004,1,1000,196
2041014,4160003,1,1000,200
2041014,4160002,1,1000,204
2041014,4160001,1,1000,208
2041014,4160000,1,1000,212
2041014,4160026,1,1000,216
2041014,2260000,1,1000,220
2041014,2120000,1,30,224
2041016,4031348,1,10000000,104
2041016,2044900,1,69000,108
2041016,2044800,1,69000,112
2041016,2044700,1,69000,116
2041016,2044600,1,69000,120
2041016,2044500,1,69000,124
2041016,2043800,1,69000,128
2041016,2043700,1,69000,132
2041016,2044400,1,69000,136
2041016,2044300,1,69000,140
2041016,2044200,1,69000,144
2041016,2044100,1,69000,148
2041016,2044000,1,69000,152
2041016,2043300,1,69000,156
2041016,2043200,1,69000,160
2041016,2043100,1,69000,164
2041016,2043000,1,69000,168
2041016,2041003,1,34000,172
2041016,2041000,1,34000,176
2041016,2040900,1,34000,180
2041016,2040800,1,34000,184
2041016,2040706,1,34000,188
2041016,2040703,1,34000,192
2041016,2040700,1,34000,196
2041016,2040600,1,34000,200
2041016,2040503,1,34000,204
2041016,2040400,1,34000,208
2041016,2040000,1,34000,212
2041016,2040300,1,34000,216
2050000,1492006,1,160000,104
2050000,1492005,1,100000,108
2050000,1482006,1,150000,112
2050000,1482005,1,100000,116
2050000,1472007,1,60000,120
2050000,1472004,1,30000,124
2050000,1462005,1,250000,128
2050000,1462004,1,200000,132
2050000,1452007,1,375000,136
2050000,1452006,1,250000,140
2050000,1442009,1,300000,144
2050000,1442003,1,175000,148
2050000,1432005,1,225000,152
2050000,1432003,1,175000,156
2050000,1422007,1,250000,160
2050000,1422008,1,200000,164
2050000,1412005,1,250000,168
2050000,1412004,1,200000,172
2050000,1402007,1,450000,176
2050000,1402006,1,350000,180
2050000,1372000,1,400000,184
2050000,1372001,1,175000,188
2050000,1332011,1,425000,192
2050000,1332014,1,375000,196
2050000,1332001,1,200000,200
2050000,1322016,1,175000,204
2050000,1322015,1,100000,208
2050000,1312007,1,175000,212
2050000,1312006,1,100000,216
2050000,1302009,1,225000,220
2050000,1302004,1,100000,224
2050003,1002625,1,75000,104
2050003,1052113,1,120000,108
2050003,1052110,1,100000,112
2050003,1061069,1,160000,116
2050003,1061070,1,160000,120
2050003,1060072,1,160000,124
2050003,1060071,1,160000,128
2050003,1060052,1,108000,132
2050003,1060050,1,108000,136
2050003,1060051,1,108000,140
2050003,1051009,1,111000,144
2050003,1051008,1,111000,148
2050003,1051007,1,111000,152
2050003,1041074,1,180000,156
2050003,1041075,1,180000,160
2050003,1040083,1,180000,164
2050003,1040082,1,180000,168
2050003,1040061,1,114000,172
2050003,1040062,1,114000,176
2050003,1040063,1,114000,180
2050003,1002180,1,100000,184
2050003,1002179,1,100000,188
2050003,1002178,1,100000,192
2050003,1002177,1,100000,196
2050003,1002176,1,100000,200
2050003,1061080,1,160000,204
2050003,1061081,1,160000,208
2050003,1061062,1,108000,212
2050003,1061060,1,108000,216
2050003,1061064,1,108000,220
2050003,1061061,1,108000,224
2050003,1060069,1,160000,228
2050003,1060070,1,160000,232
2050003,1060063,1,108000,236
2050003,1060061,1,108000,240
2050003,1060065,1,108000,244
2050003,1060062,1,108000,248
2050003,1041081,1,180000,252
2050003,1041082,1,180000,256
2050003,1041067,1,114000,260
2050003,1041065,1,114000,264
2050003,1041069,1,114000,268
2050003,1041066,1,114000,272
2050003,1040079,1,180000,276
2050003,1040081,1,180000,280
2050003,1040076,1,114000,284
2050003,1040074,1,114000,288
2050003,1040073,1,114000,292
2050003,1040072,1,114000,296
2050003,1002137,1,100000,300
2050003,1002135,1,100000,304
2050003,1002139,1,100000,308
2050003,1002138,1,100000,312
2050003,1061047,1,120000,316
2050003,1061048,1,120000,320
2050003,1051027,1,450000,324
2050003,1051024,1,450000,328
2050003,1051025,1,450000,332
2050003,1051023,1,450000,336
2050003,1050037,1,450000,340
2050003,1050036,1,450000,344
2050003,1050038,1,450000,348
2050003,1050035,1,450000,352
2050003,1050002,1,300000,356
2050003,1050031,1,300000,360
2050003,1041051,1,120000,364
2050003,1041052,1,120000,368
2050003,1002144,1,96000,372
2050003,1002143,1,96000,376
2050003,1002142,1,96000,380
2050003,1002141,1,96000,384
2050003,1092002,1,200000,388
2050003,1092001,1,100000,392
2050003,1061084,1,180000,396
2050003,1061083,1,180000,400
2050003,1060074,1,180000,404
2050003,1060075,1,180000,408
2050003,1051014,1,112500,412
2050003,1051001,1,112500,416
2050003,1050021,1,112500,420
2050003,1050000,1,112500,424
2050003,1041085,1,200000,428
2050003,1041084,1,200000,432
2050003,1040085,1,200000,436
2050003,1040000,1,200000,440
2050003,1002004,1,160000,444
2051000,2330000,1,600,104
2051000,2070000,1,500,108
2051000,2061001,1,10,112
2051000,2060001,1,10,116
2051000,2061000,2000,1400,120
2051000,2060000,2000,1400,124
2051000,2061000,1,1,128
2051000,2060000,1,1,132
2051000,2030000,1,400,136
2051000,2022000,1,1567,140
2051000,2022003,1,1045,144
2051000,2020015,1,9690,148
2051000,2020014,1,7695,152
2051000,2020013,1,5600,156
2051000,2020012,1,4680,160
2051000,2010004,1,294,164
2051000,2010003,1,95,168
2051000,2010002,1,47,172
2051000,2010001,1,106,176
2051000,2010000,1,28,180
2051000,2001002,1,3800,184
2051000,2001001,1,2185,188
2051000,2001000,1,3040,192
2051000,2002011,1,1200,196
2051000,2002005,1,475,200
2051000,2002004,1,475,204
2051000,2002002,1,475,208
2051000,2002001,1,380,212
2051000,2002000,1,475,216
2051000,2000006,1,589,220
2051000,2000003,1,190,224
2051000,2000002,1,304,228
2051000,2000001,1,152,232
2051000,2000000,1,47,236
2060003,1002625,1,75000,104
2060003,1052113,1,120000,108
2060003,1052110,1,100000,112
2060003,1052107,1,90000,116
2060003,1002622,1,40000,120
2060003,1061070,1,160000,124
2060003,1061069,1,160000,128
2060003,1041075,1,180000,132
2060003,1041074,1,180000,136
2060003,1060072,1,160000,140
2060003,1060071,1,160000,144
2060003,1040083,1,180000,148
2060003,1040082,1,180000,152
2060003,1051009,1,111000,156
2060003,1051008,1,111000,160
2060003,1051007,1,111000,164
2060003,1060051,1,108000,168
2060003,1060050,1,108000,172
2060003,1040062,1,114000,176
2060003,1040061,1,114000,180
2060003,1060045,1,40000,184
2060003,1060043,1,40000,188
2060003,1040059,1,45000,192
2060003,1040057,1,45000,196
2060003,1061046,1,40000,200
2060003,1061045,1,40000,204
2060003,1061043,1,40000,208
2060003,1041050,1,45000,212
2060003,1041049,1,45000,216
2060003,1041047,1,45000,220
2060003,1061081,1,160000,224
2060003,1061080,1,160000,228
2060003,1041082,1,180000,232
2060003,1041081,1,180000,236
2060003,1060070,1,160000,240
2060003,1060069,1,160000,244
2060003,1040081,1,180000,248
2060003,1040079,1,180000,252
2060003,1060063,1,108000,256
2060003,1060062,1,108000,260
2060003,1060061,1,108000,264
2060003,1040074,1,114000,268
2060003,1040073,1,114000,272
2060003,1040072,1,114000,276
2060003,1061062,1,108000,280
2060003,1061061,1,108000,284
2060003,1061060,1,108000,288
2060003,1041067,1,114000,292
2060003,1041066,1,114000,296
2060003,1041065,1,114000,300
2060003,1060058,1,44000,304
2060003,1060056,1,44000,308
2060003,1040069,1,50000,312
2060003,1040067,1,50000,316
2060003,1061052,1,44000,320
2060003,1061050,1,44000,324
2060003,1041056,1,50000,328
2060003,1041054,1,50000,332
2060003,1050038,1,450000,336
2060003,1050037,1,450000,340
2060003,1050036,1,450000,344
2060003,1051025,1,450000,348
2060003,1051024,1,450000,352
2060003,1051023,1,450000,356
2060003,1050031,1,300000,360
2060003,1050030,1,300000,364
2060003,1050002,1,300000,368
2060003,1061048,1,120000,372
2060003,1061047,1,120000,376
2060003,1041052,1,120000,380
2060003,1041051,1,120000,384
2060003,1050028,1,40000,388
2060003,1050026,1,40000,392
2060003,1050003,1,40000,396
2060003,1061036,1,40000,400
2060003,1061035,1,40000,404
2060003,1061034,1,40000,408
2060003,1041043,1,42000,412
2060003,1041042,1,42000,416
2060003,1041041,1,42000,420
2060003,1061084,1,180000,424
2060003,1061083,1,180000,428
2060003,1060075,1,180000,432
2060003,1060074,1,180000,436
2060003,1041085,1,200000,440
2060003,1041084,1,200000,444
2060003,1040086,1,200000,448
2060003,1040085,1,200000,452
2060003,1051015,1,112500,456
2060003,1051014,1,112500,460
2060003,1051001,1,112500,464
2060003,1050021,1,112500,468
2060003,1050000,1,112500,472
2060003,1060017,1,38000,476
2060003,1060016,1,38000,480
2060003,1040026,1,40000,484
2060003,1040021,1,40000,488
2060003,1050011,1,70000,492
2060003,1051013,1,60000,496
2060003,1051012,1,60000,500
2060003,1051011,1,60000,504
2060003,1002177,1,100000,508
2060003,1002172,1,60000,512
2060003,1002138,1,100000,516
2060003,1002162,1,60000,520
2060003,1002142,1,96000,524
2060003,1002034,1,60000,528
2060003,1002048,1,160000,532
2060003,1002023,1,120000,536
2060004,2330000,1,600,104
2060004,2070000,1,500,108
2060004,2061001,1,10,112
2060004,2060001,1,10,116
2060004,2061000,2000,1400,120
2060004,2060000,2000,1400,124
2060004,2061000,1,1,128
2060004,2060000,1,1,132
2060004,2030000,1,400,136
2060004,2022000,1,1650,140
2060004,2022003,1,1100,144
2060004,2020015,1,10200,148
2060004,2020014,1,8100,152
2060004,2020013,1,5600,156
2060004,2020012,1,4500,160
2060004,2010004,1,310,164
2060004,2010003,1,100,168
2060004,2010001,1,106,172
2060004,2010002,1,50,176
2060004,2010000,1,30,180
2060004,2001002,1,4000,184
2060004,2001001,1,2300,188
2060004,2001000,1,3200,192
2060004,2022041,1,1600,196
2060004,2022040,1,300,200
2060004,2002005,1,500,204
2060004,2002004,1,500,208
2060004,2002002,1,500,212
2060004,2002001,1,400,216
2060004,2002000,1,500,220
2060004,2000006,1,620,224
2060004,2000003,1,200,228
2060004,2000002,1,320,232
2060004,2000001,1,160,236
2060004,2000000,1,50,240
2060007,1492006,1,160000,104
2060007,1492005,1,100000,108
2060007,1492004,1,75000,112
2060007,1482006,1,150000,116
2060007,1482005,1,100000,120
2060007,1482004,1,75000,124
2060007,1472007,1,60000,128
2060007,1462005,1,250000,132
2060007,1462004,1,200000,136
2060007,1462000,1,30000,140
2060007,1462003,1,12000,144
2060007,1452007,1,375000,148
2060007,1452006,1,250000,152
2060007,1452005,1,150000,156
2060007,1452000,1,20000,160
2060007,1442009,1,300000,164
2060007,1442003,1,175000,168
2060007,1442001,1,60000,172
2060007,1442004,1,24000,176
2060007,1432005,1,225000,180
2060007,1432003,1,175000,184
2060007,1432002,1,60000,188
2060007,1422007,1,250000,192
2060007,1422008,1,200000,196
2060007,1422001,1,45000,200
2060007,1422004,1,20000,204
2060007,1412005,1,250000,208
2060007,1412006,1,45000,212
2060007,1412004,1,200000,216
2060007,1412000,1,22000,220
2060007,1402007,1,450000,224
2060007,1402006,1,350000,228
2060007,1402002,1,150000,232
2060007,1402008,1,22000,236
2060007,1372000,1,400000,240
2060007,1372001,1,175000,244
2060007,1372003,1,38000,248
2060007,1382002,1,20000,252
2060007,1372004,1,18000,256
2060007,1332011,1,425000,260
2060007,1332014,1,375000,264
2060007,1332012,1,40000,268
2060007,1332004,1,38000,272
2060007,1322016,1,175000,276
2060007,1322015,1,100000,280
2060007,1322014,1,40000,284
2060007,1322004,1,22000,288
2060007,1312007,1,175000,292
2060007,1312006,1,100000,296
2060007,1312005,1,40000,300
2060007,1312003,1,20000,304
2060007,1302009,1,225000,308
2060007,1302004,1,100000,312
2060007,1302008,1,40000,316
2060007,1302003,1,20000,320
2070001,2330000,1,600,104
2070001,2070000,1,500,108
2070001,2061001,1,10,112
2070001,2060001,1,10,116
2070001,2061000,2000,1400,120
2070001,2060000,2000,1400,124
2070001,2061000,1,1,128
2070001,2060000,1,1,132
2070001,2030000,1,400,136
2070001,2022000,1,1650,140
2070001,2022003,1,1100,144
2070001,2020015,1,10200,148
2070001,2020014,1,8100,152
2070001,2020013,1,5600,156
2070001,2020012,1,4500,160
2070001,2010004,1,310,164
2070001,2010003,1,100,168
2070001,2010001,1,106,172
2070001,2010002,1,50,176
2070001,2010000,1,30,180
2070001,2001002,1,4000,184
2070001,2001001,1,2300,188
2070001,2001000,1,3200,192
2070001,2002005,1,500,196
2070001,2002004,1,500,200
2070001,2002002,1,500,204
2070001,2002001,1,400,208
2070001,2002000,1,500,212
2070001,2000006,1,620,216
2070001,2000003,1,200,220
2070001,2000002,1,320,224
2070001,2000001,1,160,228
2070001,2000000,1,50,232
2070002,1492006,1,160000,104
2070002,1492005,1,100000,108
2070002,1482006,1,150000,112
2070002,1482005,1,100000,116
2070002,1472007,1,60000,120
2070002,1472004,1,30000,124
2070002,1462005,1,250000,128
2070002,1462004,1,200000,132
2070002,1452007,1,375000,136
2070002,1452006,1,250000,140
2070002,1442009,1,300000,144
2070002,1442003,1,175000,148
2070002,1432005,1,225000,152
2070002,1432003,1,175000,156
2070002,1422007,1,250000,160
2070002,1422008,1,200000,164
2070002,1412005,1,250000,168
2070002,1412004,1,200000,172
2070002,1402007,1,450000,176
2070002,1402006,1,350000,180
2070002,1372000,1,400000,184
2070002,1372001,1,175000,188
2070002,1332011,1,425000,192
2070002,1332014,1,375000,196
2070002,1332001,1,200000,200
2070002,1322016,1,175000,204
2070002,1322015,1,100000,208
2070002,1312007,1,175000,212
2070002,1312006,1,100000,216
2070002,1302009,1,225000,220
2070002,1302004,1,100000,224
2070003,1002625,1,75000,104
2070003,1052113,1,120000,108
2070003,1052110,1,100000,112
2070003,1052107,1,90000,116
2070003,1061069,1,160000,120
2070003,1061070,1,160000,124
2070003,1060072,1,160000,128
2070003,1060071,1,160000,132
2070003,1060052,1,108000,136
2070003,1060050,1,108000,140
2070003,1060051,1,108000,144
2070003,1051009,1,111000,148
2070003,1051008,1,111000,152
2070003,1051007,1,111000,156
2070003,1041074,1,180000,160
2070003,1041075,1,180000,164
2070003,1040083,1,180000,168
2070003,1040082,1,180000,172
2070003,1040061,1,114000,176
2070003,1040062,1,114000,180
2070003,1040063,1,114000,184
2070003,1002180,1,100000,188
2070003,1002179,1,100000,192
2070003,1002178,1,100000,196
2070003,1002177,1,100000,200
2070003,1002176,1,100000,204
2070003,1061080,1,160000,208
2070003,1061081,1,160000,212
2070003,1061062,1,108000,216
2070003,1061060,1,108000,220
2070003,1061064,1,108000,224
2070003,1061061,1,108000,228
2070003,1060069,1,160000,232
2070003,1060070,1,160000,236
2070003,1060063,1,108000,240
2070003,1060061,1,108000,244
2070003,1060065,1,108000,248
2070003,1060062,1,108000,252
2070003,1041081,1,180000,256
2070003,1041082,1,180000,260
2070003,1041067,1,114000,264
2070003,1041065,1,114000,268
2070003,1041069,1,114000,272
2070003,1041066,1,114000,276
2070003,1040079,1,180000,280
2070003,1040081,1,180000,284
2070003,1040076,1,114000,288
2070003,1040074,1,114000,292
2070003,1040073,1,114000,296
2070003,1040072,1,114000,300
2070003,1002137,1,100000,304
2070003,1002135,1,100000,308
2070003,1002139,1,100000,312
2070003,1002138,1,100000,316
2070003,1061047,1,120000,320
2070003,1061048,1,120000,324
2070003,1051027,1,450000,328
2070003,1051024,1,450000,332
2070003,1051025,1,450000,336
2070003,1051023,1,450000,340
2070003,1050037,1,450000,344
2070003,1050036,1,450000,348
2070003,1050038,1,450000,352
2070003,1050035,1,450000,356
2070003,1050002,1,300000,360
2070003,1050031,1,300000,364
2070003,1041051,1,120000,368
2070003,1041052,1,120000,372
2070003,1002144,1,96000,376
2070003,1002143,1,96000,380
2070003,1002142,1,96000,384
2070003,1002141,1,96000,388
2070003,1092002,1,200000,392
2070003,1092001,1,100000,396
2070003,1061084,1,180000,400
2070003,1061083,1,180000,404
2070003,1060074,1,180000,408
2070003,1060075,1,180000,412
2070003,1051014,1,112500,416
2070003,1051001,1,112500,420
2070003,1050021,1,112500,424
2070003,1050000,1,112500,428
2070003,1041085,1,200000,432
2070003,1041084,1,200000,436
2070003,1040085,1,200000,440
2070003,1040000,1,200000,444
2070003,1002004,1,160000,448
2080001,2330000,1,600,104
2080001,2070000,1,500,108
2080001,2061001,1,10,112
2080001,2060001,1,10,116
2080001,2061000,2000,1400,120
2080001,2060000,2000,1400,124
2080001,2061000,1,1,128
2080001,2060000,1,1,132
2080001,2030000,1,400,136
2080001,2020015,1,10200,140
2080001,2020014,1,8100,144
2080001,2020013,1,5600,148
2080001,2020012,1,4500,152
2080001,2010004,1,310,156
2080001,2010003,1,100,160
2080001,2010001,1,106,164
2080001,2010002,1,50,168
2080001,2010000,1,30,172
2080001,2001002,1,4000,176
2080001,2001001,1,2300,180
2080001,2001000,1,3200,184
2080001,2022089,1,3400,188
2080001,2002005,1,500,192
2080001,2002004,1,500,196
2080001,2002002,1,500,200
2080001,2002001,1,400,204
2080001,2002000,1,500,208
2080001,2000006,1,620,212
2080001,2000003,1,200,216
2080001,2000002,1,320,220
2080001,2000001,1,160,224
2080001,2000000,1,50,228
2080002,1002625,1,75000,104
2080002,1052113,1,120000,108
2080002,1052110,1,100000,112
2080002,1061069,1,160000,116
2080002,1061070,1,160000,120
2080002,1060072,1,160000,124
2080002,1060071,1,160000,128
2080002,1060052,1,108000,132
2080002,1060050,1,108000,136
2080002,1060051,1,108000,140
2080002,1051009,1,111000,144
2080002,1051008,1,111000,148
2080002,1051007,1,111000,152
2080002,1041074,1,180000,156
2080002,1041075,1,180000,160
2080002,1040083,1,180000,164
2080002,1040082,1,180000,168
2080002,1040061,1,114000,172
2080002,1040062,1,114000,176
2080002,1040063,1,114000,180
2080002,1002180,1,100000,184
2080002,1002179,1,100000,188
2080002,1002178,1,100000,192
2080002,1002177,1,100000,196
2080002,1002176,1,100000,200
2080002,1061080,1,160000,204
2080002,1061081,1,160000,208
2080002,1061062,1,108000,212
2080002,1061060,1,108000,216
2080002,1061064,1,108000,220
2080002,1061061,1,108000,224
2080002,1060069,1,160000,228
2080002,1060070,1,160000,232
2080002,1060063,1,108000,236
2080002,1060061,1,108000,240
2080002,1060065,1,108000,244
2080002,1060062,1,108000,248
2080002,1041081,1,180000,252
2080002,1041082,1,180000,256
2080002,1041067,1,114000,260
2080002,1041065,1,114000,264
2080002,1041069,1,114000,268
2080002,1041066,1,114000,272
2080002,1040079,1,180000,276
2080002,1040081,1,180000,280
2080002,1040076,1,114000,284
2080002,1040074,1,114000,288
2080002,1040073,1,114000,292
2080002,1040072,1,114000,296
2080002,1002137,1,100000,300
2080002,1002135,1,100000,304
2080002,1002139,1,100000,308
2080002,1002138,1,100000,312
2080002,1061047,1,120000,316
2080002,1061048,1,120000,320
2080002,1051027,1,450000,324
2080002,1051024,1,450000,328
2080002,1051025,1,450000,332
2080002,1051023,1,450000,336
2080002,1050037,1,450000,340
2080002,1050036,1,450000,344
2080002,1050038,1,450000,348
2080002,1050035,1,450000,352
2080002,1050002,1,300000,356
2080002,1050031,1,300000,360
2080002,1041051,1,120000,364
2080002,1041052,1,120000,368
2080002,1002144,1,96000,372
2080002,1002143,1,96000,376
2080002,1002142,1,96000,380
2080002,1002141,1,96000,384
2080002,1092002,1,200000,388
2080002,1092001,1,100000,392
2080002,1061084,1,180000,396
2080002,1061083,1,180000,400
2080002,1060074,1,180000,404
2080002,1060075,1,180000,408
2080002,1051014,1,112500,412
2080002,1051001,1,112500,416
2080002,1050021,1,112500,420
2080002,1050000,1,112500,424
2080002,1041085,1,200000,428
2080002,1041084,1,200000,432
2080002,1040085,1,200000,436
2080002,1040000,1,200000,440
2080002,1002004,1,160000,444
2080003,2044900,1,70000,104
2080003,2044800,1,70000,108
2080003,2044700,1,70000,112
2080003,2044600,1,70000,116
2080003,2044500,1,70000,120
2080003,2044400,1,70000,124
2080003,2044300,1,70000,128
2080003,2044200,1,70000,132
2080003,2044100,1,70000,136
2080003,2044000,1,70000,140
2080003,2043800,1,70000,144
2080003,2043700,1,70000,148
2080003,2043300,1,70000,152
2080003,2043200,1,70000,156
2080003,2043100,1,70000,160
2080003,2043000,1,70000,164
2080003,2040706,1,35000,168
2080003,2040703,1,35000,172
2080003,2041003,1,35000,176
2080003,2041000,1,35000,180
2080003,2040900,1,35000,184
2080003,2040600,1,35000,188
2080003,2040400,1,35000,192
2080003,2040300,1,35000,196
2080003,2040000,1,35000,200
2080004,4160019,1,1000,104
2080004,4160039,1,1000,108
2080004,4160037,1,1000,112
2080004,4031993,1,100000,116
2080004,4160036,1,1000,120
2080004,4160035,1,1000,124
2080004,4160034,1,1000,128
2080004,4160032,1,1000,132
2080004,4160024,1,1000,136
2080004,4160023,1,1000,140
2080004,4160022,1,1000,144
2080004,4160015,1,1000,148
2080004,4160012,1,1000,152
2080004,4160013,1,1000,156
2080004,4160017,1,1000,160
2080004,4160014,1,1000,164
2080004,4160020,1,1000,168
2080004,4160010,1,1000,172
2080004,4160009,1,1000,176
2080004,4160008,1,1000,180
2080004,4160007,1,1000,184
2080004,4160006,1,1000,188
2080004,4160005,1,1000,192
2080004,4160004,1,1000,196
2080004,4160003,1,1000,200
2080004,4160002,1,1000,204
2080004,4160001,1,1000,208
2080004,4160000,1,1000,212
2080004,4160026,1,1000,216
2080004,2260000,1,1000,220
2080004,2120000,1,30,224
2090001,1492006,1,160000,104
2090001,1492005,1,100000,108
2090001,1482006,1,150000,112
2090001,1482005,1,100000,116
2090001,1472007,1,60000,120
2090001,1472004,1,30000,124
2090001,1472001,1,20000,128
2090001,1462005,1,250000,132
2090001,1462004,1,200000,136
2090001,1462000,1,30000,140
2090001,1452007,1,375000,144
2090001,1452006,1,250000,148
2090001,1452005,1,150000,152
2090001,1442009,1,300000,156
2090001,1442003,1,175000,160
2090001,1442001,1,60000,164
2090001,1432005,1,225000,168
2090001,1432003,1,175000,172
2090001,1432002,1,60000,176
2090001,1422007,1,250000,180
2090001,1422008,1,200000,184
2090001,1422001,1,45000,188
2090001,1412005,1,250000,192
2090001,1412004,1,200000,196
2090001,1412006,1,45000,200
2090001,1402007,1,450000,204
2090001,1402006,1,350000,208
2090001,1402002,1,150000,212
2090001,1382002,1,20000,216
2090001,1372000,1,400000,220
2090001,1372001,1,175000,224
2090001,1372003,1,38000,228
2090001,1332011,1,425000,232
2090001,1332014,1,375000,236
2090001,1332001,1,200000,240
2090001,1332012,1,40000,244
2090001,1332009,1,42000,248
2090001,1322016,1,175000,252
2090001,1322015,1,100000,256
2090001,1322014,1,40000,260
2090001,1312007,1,175000,264
2090001,1312006,1,100000,268
2090001,1312005,1,40000,272
2090001,1302009,1,225000,276
2090001,1302004,1,100000,280
2090001,1302008,1,40000,284
2090002,1002625,1,75000,104
2090002,1052113,1,120000,108
2090002,1052110,1,100000,112
2090002,1061069,1,160000,116
2090002,1061070,1,160000,120
2090002,1060072,1,160000,124
2090002,1060071,1,160000,128
2090002,1060052,1,108000,132
2090002,1060050,1,108000,136
2090002,1060051,1,108000,140
2090002,1051009,1,111000,144
2090002,1051008,1,111000,148
2090002,1051007,1,111000,152
2090002,1041074,1,180000,156
2090002,1041075,1,180000,160
2090002,1040083,1,180000,164
2090002,1040082,1,180000,168
2090002,1040061,1,114000,172
2090002,1040062,1,114000,176
2090002,1040063,1,114000,180
2090002,1002180,1,100000,184
2090002,1002179,1,100000,188
2090002,1002178,1,100000,192
2090002,1002177,1,100000,196
2090002,1002176,1,100000,200
2090002,1061080,1,160000,204
2090002,1061081,1,160000,208
2090002,1061062,1,108000,212
2090002,1061060,1,108000,216
2090002,1061064,1,108000,220
2090002,1061061,1,108000,224
2090002,1060069,1,160000,228
2090002,1060070,1,160000,232
2090002,1060063,1,108000,236
2090002,1060061,1,108000,240
2090002,1060065,1,108000,244
2090002,1060062,1,108000,248
2090002,1041081,1,180000,252
2090002,1041082,1,180000,256
2090002,1041067,1,114000,260
2090002,1041065,1,114000,264
2090002,1041069,1,114000,268
2090002,1041066,1,114000,272
2090002,1040079,1,180000,276
2090002,1040081,1,180000,280
2090002,1040076,1,114000,284
2090002,1040074,1,114000,288
2090002,1040073,1,114000,292
2090002,1040072,1,114000,296
2090002,1002137,1,100000,300
2090002,1002135,1,100000,304
2090002,1002139,1,100000,308
2090002,1002138,1,100000,312
2090002,1061047,1,120000,316
2090002,1061048,1,120000,320
2090002,1051027,1,450000,324
2090002,1051024,1,450000,328
2090002,1051025,1,450000,332
2090002,1051023,1,450000,336
2090002,1050037,1,450000,340
2090002,1050036,1,450000,344
2090002,1050038,1,450000,348
2090002,1050035,1,450000,352
2090002,1050002,1,300000,356
2090002,1050031,1,300000,360
2090002,1041051,1,120000,364
2090002,1041052,1,120000,368
2090002,1002144,1,96000,372
2090002,1002143,1,96000,376
2090002,1002142,1,96000,380
2090002,1002141,1,96000,384
2090002,1092002,1,200000,388
2090002,1092001,1,100000,392
2090002,1061084,1,180000,396
2090002,1061083,1,180000,400
2090002,1060074,1,180000,404
2090002,1060075,1,180000,408
2090002,1051014,1,112500,412
2090002,1051001,1,112500,416
2090002,1050021,1,112500,420
2090002,1050000,1,112500,424
2090002,1041085,1,200000,428
2090002,1041084,1,200000,432
2090002,1040085,1,200000,436
2090002,1040000,1,200000,440
2090002,1002004,1,160000,444
2090003,2330000,1,600,104
2090003,2070000,1,500,108
2090003,2061000,2000,1400,112
2090003,2060000,2000,1400,116
2090003,2061000,1,1,120
2090003,2060000,1,1,124
2090003,2030000,1,400,128
2090003,2050002,1,300,132
2090003,2050001,1,200,136
2090003,2050000,1,200,140
2090003,2020015,1,10200,144
2090003,2020014,1,8100,148
2090003,2020013,1,5600,152
2090003,2020012,1,4500,156
2090003,2001002,1,4000,160
2090003,2001001,1,2300,164
2090003,2001000,1,3200,168
2090003,2022000,1,1650,172
2090003,2022003,1,1100,176
2090003,2010004,1,310,180
2090003,2010003,1,100,184
2090003,2010001,1,106,188
2090003,2010002,1,50,192
2090003,2010000,1,30,196
2090003,2002005,1,500,200
2090003,2002004,1,500,204
2090003,2002002,1,500,208
2090003,2002001,1,400,212
2090003,2002000,1,500,216
2090003,2000006,1,620,220
2090003,2000003,1,200,224
2090003,2000002,1,320,228
2090003,2000001,1,160,232
2090003,2000000,1,50,236
2090006,4160019,1,1000,104
2090006,4160039,1,1000,108
2090006,4160037,1,1000,112
2090006,4031993,1,100000,116
2090006,4160036,1,1000,120
2090006,4160035,1,1000,124
2090006,4160034,1,1000,128
2090006,4160032,1,1000,132
2090006,4160024,1,1000,136
2090006,4160023,1,1000,140
2090006,4160022,1,1000,144
2090006,4160015,1,1000,148
2090006,4160012,1,1000,152
2090006,4160013,1,1000,156
2090006,4160017,1,1000,160
2090006,4160014,1,1000,164
2090006,4160020,1,1000,168
2090006,4160010,1,1000,172
2090006,4160009,1,1000,176
2090006,4160008,1,1000,180
2090006,4160007,1,1000,184
2090006,4160006,1,1000,188
2090006,4160005,1,1000,192
2090006,4160004,1,1000,196
2090006,4160003,1,1000,200
2090006,4160002,1,1000,204
2090006,4160001,1,1000,208
2090006,4160000,1,1000,212
2090006,4160026,1,1000,216
2090006,2260000,1,1000,220
2090006,2120000,1,30,224
2093000,1492004,1,75000,104
2093000,1482004,1,75000,108
2093000,1472001,1,20000,112
2093000,1462000,1,30000,116
2093000,1452005,1,150000,120
2093000,1442001,1,60000,124
2093000,1432002,1,60000,128
2093000,1422001,1,45000,132
2093000,1412006,1,45000,136
2093000,1402002,1,150000,140
2093000,1382002,1,20000,144
2093000,1372003,1,38000,148
2093000,1332012,1,40000,152
2093000,1332009,1,42000,156
2093000,1322014,1,40000,160
2093000,1312005,1,40000,164
2093000,1302008,1,40000,168
2093001,1052107,1,90000,104
2093001,1002622,1,40000,108
2093001,1061046,1,40000,112
2093001,1061045,1,40000,116
2093001,1061044,1,40000,120
2093001,1061043,1,40000,124
2093001,1060046,1,40000,128
2093001,1060045,1,40000,132
2093001,1060044,1,40000,136
2093001,1060043,1,40000,140
2093001,1041050,1,45000,144
2093001,1041049,1,45000,148
2093001,1041048,1,45000,152
2093001,1041047,1,45000,156
2093001,1040060,1,45000,160
2093001,1040059,1,45000,164
2093001,1040058,1,45000,168
2093001,1040057,1,45000,172
2093001,1002175,1,30000,176
2093001,1002174,1,30000,180
2093001,1002173,1,30000,184
2093001,1002172,1,30000,188
2093001,1002171,1,30000,192
2093001,1061051,1,44000,196
2093001,1061050,1,44000,200
2093001,1061052,1,44000,204
2093001,1060057,1,44000,208
2093001,1060056,1,44000,212
2093001,1060058,1,44000,216
2093001,1060059,1,44000,220
2093001,1041055,1,50000,224
2093001,1041054,1,50000,228
2093001,1041056,1,50000,232
2093001,1040068,1,50000,236
2093001,1040067,1,50000,240
2093001,1040070,1,50000,244
2093001,1040069,1,50000,248
2093001,1002165,1,30000,252
2093001,1002164,1,30000,256
2093001,1002163,1,30000,260
2093001,1002162,1,30000,264
2093001,1002161,1,30000,268
2093001,1061036,1,40000,272
2093001,1061035,1,40000,276
2093001,1061034,1,40000,280
2093001,1050028,1,40000,284
2093001,1050027,1,40000,288
2093001,1050026,1,40000,292
2093001,1050003,1,40000,296
2093001,1041043,1,42000,300
2093001,1041042,1,42000,304
2093001,1041041,1,42000,308
2093001,1002064,1,40000,312
2093001,1092006,1,60000,316
2093001,1060019,1,38000,320
2093001,1060018,1,38000,324
2093001,1060017,1,38000,328
2093001,1060016,1,38000,332
2093001,1051013,1,60000,336
2093001,1051012,1,60000,340
2093001,1051011,1,60000,344
2093001,1051010,1,60000,348
2093001,1040026,1,40000,352
2093001,1040021,1,40000,356
2093001,1002023,1,120000,360
2093002,2330000,1,600,104
2093002,2070000,1,500,108
2093002,2061000,2000,1400,112
2093002,2060000,2000,1400,116
2093002,2061000,1,1,120
2093002,2060000,1,1,124
2093002,2030000,1,400,128
2093002,2050003,1,500,132
2093002,2050002,1,300,136
2093002,2050001,1,200,140
2093002,2050000,1,200,144
2093002,2020028,1,3000,148
2093002,2010004,1,310,152
2093002,2010003,1,100,156
2093002,2010001,1,106,160
2093002,2010002,1,50,164
2093002,2010000,1,30,168
2093002,2001002,1,4000,172
2093002,2001001,1,2300,176
2093002,2001000,1,3200,180
2093002,2022000,1,1650,184
2093002,2022003,1,1100,188
2093002,2002005,1,500,192
2093002,2002004,1,500,196
2093002,2002002,1,500,200
2093002,2002001,1,400,204
2093002,2002000,1,500,208
2093002,2000006,1,620,212
2093002,2000003,1,200,216
2093002,2000002,1,320,220
2093002,2000001,1,160,224
2093002,2000000,1,50,228
2100002,1492004,1,75000,104
2100002,1482004,1,75000,108
2100002,1472001,1,20000,112
2100002,1462000,1,30000,116
2100002,1452005,1,150000,120
2100002,1442001,1,60000,124
2100002,1432002,1,60000,128
2100002,1422001,1,45000,132
2100002,1412006,1,45000,136
2100002,1402002,1,150000,140
2100002,1382002,1,20000,144
2100002,1372003,1,38000,148
2100002,1332012,1,40000,152
2100002,1332009,1,42000,156
2100002,1322014,1,40000,160
2100002,1312005,1,40000,164
2100002,1302008,1,40000,168
2100003,1052107,1,90000,104
2100003,1002622,1,40000,108
2100003,1061046,1,40000,112
2100003,1061045,1,40000,116
2100003,1061044,1,40000,120
2100003,1061043,1,40000,124
2100003,1060046,1,40000,128
2100003,1060045,1,40000,132
2100003,1060044,1,40000,136
2100003,1060043,1,40000,140
2100003,1041050,1,45000,144
2100003,1041049,1,45000,148
2100003,1041048,1,45000,152
2100003,1041047,1,45000,156
2100003,1040060,1,45000,160
2100003,1040059,1,45000,164
2100003,1040058,1,45000,168
2100003,1040057,1,45000,172
2100003,1002175,1,30000,176
2100003,1002174,1,30000,180
2100003,1002173,1,30000,184
2100003,1002172,1,30000,188
2100003,1002171,1,30000,192
2100003,1061051,1,44000,196
2100003,1061050,1,44000,200
2100003,1061052,1,44000,204
2100003,1060057,1,44000,208
2100003,1060056,1,44000,212
2100003,1060058,1,44000,216
2100003,1060059,1,44000,220
2100003,1041055,1,50000,224
2100003,1041054,1,50000,228
2100003,1041056,1,50000,232
2100003,1040068,1,50000,236
2100003,1040067,1,50000,240
2100003,1040070,1,50000,244
2100003,1040069,1,50000,248
2100003,1002165,1,30000,252
2100003,1002164,1,30000,256
2100003,1002163,1,30000,260
2100003,1002162,1,30000,264
2100003,1002161,1,30000,268
2100003,1061036,1,40000,272
2100003,1061035,1,40000,276
2100003,1061034,1,40000,280
2100003,1050028,1,40000,284
2100003,1050027,1,40000,288
2100003,1050026,1,40000,292
2100003,1050003,1,40000,296
2100003,1041043,1,42000,300
2100003,1041042,1,42000,304
2100003,1041041,1,42000,308
2100003,1002064,1,40000,312
2100003,1092006,1,60000,316
2100003,1060019,1,38000,320
2100003,1060018,1,38000,324
2100003,1060017,1,38000,328
2100003,1060016,1,38000,332
2100003,1051013,1,60000,336
2100003,1051012,1,60000,340
2100003,1051011,1,60000,344
2100003,1051010,1,60000,348
2100003,1040026,1,40000,352
2100003,1040021,1,40000,356
2100003,1002023,1,120000,360
2100003,1002004,1,160000,364
2100004,2330000,1,600,104
2100004,2070000,1,500,108
2100004,2120000,1,30,112
2100004,2061000,2000,1400,116
2100004,2060000,2000,1400,120
2100004,2061000,1,1,124
2100004,2060000,1,1,128
2100004,2030000,1,400,132
2100004,2050003,1,500,136
2100004,2050002,1,300,140
2100004,2050001,1,200,144
2100004,2050000,1,200,148
2100004,2020028,1,3000,152
2100004,2010004,1,310,156
2100004,2010003,1,100,160
2100004,2010001,1,106,164
2100004,2010002,1,50,168
2100004,2010000,1,30,172
2100004,2001002,1,4000,176
2100004,2001001,1,2300,180
2100004,2001000,1,3200,184
2100004,2022000,1,1650,188
2100004,2022003,1,1100,192
2100004,2002005,1,500,196
2100004,2002004,1,500,200
2100004,2002002,1,500,204
2100004,2002001,1,400,208
2100004,2002000,1,500,212
2100004,2000006,1,620,216
2100004,2000003,1,200,220
2100004,2000002,1,320,224
2100004,2000001,1,160,228
2100004,2000000,1,50,232
2110001,2330000,1,600,104
2110001,2070000,1,500,108
2110001,2120000,1,30,112
2110001,2061000,2000,1400,116
2110001,2060000,2000,1400,120
2110001,2061000,1,1,124
2110001,2060000,1,1,128
2110001,2030000,1,400,132
2110001,2050003,1,500,136
2110001,2050002,1,300,140
2110001,2050001,1,200,144
2110001,2050000,1,200,148
2110001,2020028,1,3000,152
2110001,2010004,1,310,156
2110001,2010003,1,100,160
2110001,2010001,1,106,164
2110001,2010002,1,50,168
2110001,2010000,1,30,172
2110001,2001002,1,4000,176
2110001,2001001,1,2300,180
2110001,2001000,1,3200,184
2110001,2022000,1,1650,188
2110001,2022003,1,1100,192
2110001,2002005,1,500,196
2110001,2002004,1,500,200
2110001,2002002,1,500,204
2110001,2002001,1,400,208
2110001,2002000,1,500,212
2110001,2000006,1,620,216
2110001,2000003,1,200,220
2110001,2000002,1,320,224
2110001,2000001,1,160,228
2110001,2000000,1,50,232
2130000,2330000,1,600,104
2130000,2070000,1,500,108
2130000,2061000,2000,1400,112
2130000,2060000,2000,1400,116
2130000,2061000,1,1,120
2130000,2060000,1,1,124
2130000,2030000,1,400,128
2130000,2050002,1,300,132
2130000,2050001,1,200,136
2130000,2050000,1,200,140
2130000,2020015,1,10200,144
2130000,2020014,1,8100,148
2130000,2020013,1,5600,152
2130000,2020012,1,4500,156
2130000,2001002,1,4000,160
2130000,2001001,1,2300,164
2130000,2001000,1,3200,168
2130000,2022000,1,1650,172
2130000,2022003,1,1100,176
2130000,2010004,1,310,180
2130000,2010003,1,100,184
2130000,2010001,1,106,188
2130000,2010002,1,50,192
2130000,2010000,1,30,196
2130000,2002005,1,500,200
2130000,2002004,1,500,204
2130000,2002002,1,500,208
2130000,2002001,1,400,212
2130000,2002000,1,500,216
2130000,2000006,1,620,220
2130000,2000003,1,200,224
2130000,2000002,1,320,228
2130000,2000001,1,160,232
2130000,2000000,1,50,236
9110003,2022022,1,1300,104
9110003,2022021,1,550,108
9110004,2022023,1,1350,104
9110004,2022014,1,650,108
9110005,2022025,1,4200,104
9110005,2022024,1,2000,108
9110006,2022027,1,3800,104
9110006,2022026,1,1800,108
9110007,2022020,1,550,104
9110007,2022019,1,850,108
9110007,2022018,1,1600,112
9110007,2022017,1,1100,116
9120000,2070000,1,500,104
9120000,1472008,1,250000,108
9120000,1312013,1,100000,112
9120000,1322012,1,15000,116
9120000,1402009,1,30000,120
9120000,1432008,1,150000,124
9120000,1402010,1,150000,128
9120000,1462006,1,500000,132
9120000,1302021,1,1250000,136
9120000,1302022,1,80000,140
9120000,1332024,1,2000000,144
9120000,1382011,1,2000000,148
9120002,2070000,1,500,104
9120002,2020014,1,8100,108
9120002,2022002,1,1000,112
9120002,2001002,1,4000,116
9120002,2000006,1,620,120
9120002,2000003,1,200,124
9120002,2020012,1,4500,128
9120002,2001001,1,2300,132
9120002,2000002,1,320,136
9120002,2000001,1,160,140
9120002,2060003,1,40,144
9120004,2070000,1,500,104
9120004,2030010,1,500,108
9120004,2030009,1,500,112
9120004,2030008,1,400,116
9120004,1050100,1,30000,120
9120019,2070000,1,500,104
9120019,2030010,1,500,108
9120019,2030009,1,500,112
9120019,2030008,1,400,116
9120019,1051098,1,30000,120
9201020,1051153,1,100000,104
9201020,1051152,1,100000,108
9201020,1051151,1,100000,112
9201020,1051150,1,100000,116
9201020,1050134,1,100000,120
9201020,1050133,1,100000,124
9201020,1050132,1,100000,128
9201020,1050131,1,100000,132
9201058,1061046,1,42500,104
9201058,1061045,1,42500,108
9201058,1061044,1,42500,112
9201058,1061043,1,42500,116
9201058,1060046,1,42500,120
9201058,1060045,1,42500,124
9201058,1060044,1,42500,128
9201058,1060043,1,42500,132
9201058,1041050,1,47500,136
9201058,1041049,1,47500,140
9201058,1041048,1,47500,144
9201058,1041047,1,47500,148
9201058,1040060,1,47500,152
9201058,1040059,1,47500,156
9201058,1040058,1,47500,160
9201058,1040057,1,47500,164
9201058,1002175,1,32500,168
9201058,1002174,1,32500,172
9201058,1002173,1,32500,176
9201058,1002172,1,32500,180
9201058,1002171,1,32500,184
9201058,1061051,1,46500,188
9201058,1061050,1,46500,192
9201058,1061052,1,46500,196
9201058,1060057,1,46500,200
9201058,1060056,1,46500,204
9201058,1060058,1,46500,208
9201058,1060059,1,46500,212
9201058,1041055,1,52500,216
9201058,1041054,1,52500,220
9201058,1041056,1,52500,224
9201058,1040068,1,52500,228
9201058,1040067,1,52500,232
9201058,1040070,1,52500,236
9201058,1040069,1,52500,240
9201058,1002165,1,32500,244
9201058,1002164,1,32500,248
9201058,1002163,1,32500,252
9201058,1002162,1,32500,256
9201058,1002161,1,32500,260
9201058,1061036,1,42500,264
9201058,1061035,1,42500,268
9201058,1061034,1,42500,272
9201058,1050028,1,42500,276
9201058,1050027,1,42500,280
9201058,1050026,1,42500,284
9201058,1050003,1,42500,288
9201058,1041043,1,44500,292
9201058,1041042,1,44500,296
9201058,1041041,1,44500,300
9201058,1002064,1,42500,304
9201058,1092006,1,62500,308
9201058,1060019,1,40500,312
9201058,1060018,1,40500,316
9201058,1060017,1,40500,320
9201058,1060016,1,40500,324
9201058,1051013,1,62500,328
9201058,1051012,1,62500,332
9201058,1051011,1,62500,336
9201058,1051010,1,62500,340
9201058,1040026,1,42500,344
9201058,1040021,1,42500,348
9201058,1002023,1,122500,352
9201059,1472001,1,22500,104
9201059,1462000,1,32500,108
9201059,1452005,1,152500,112
9201059,1442001,1,62500,116
9201059,1432002,1,62500,120
9201059,1422001,1,47500,124
9201059,1412006,1,47500,128
9201059,1402002,1,152500,132
9201059,1382002,1,22500,136
9201059,1372003,1,40500,140
9201059,1332012,1,42500,144
9201059,1332009,1,44500,148
9201059,1322014,1,42500,152
9201059,1312005,1,42500,156
9201059,1302068,1,352500,160
9201059,1302008,1,42500,164
9201060,2010003,1,100,104
9201060,2061000,1,1,108
9201060,2060000,1,1,112
9201060,2030000,1,400,116
9201060,2022195,1,15000,120
9201060,2020015,1,10200,124
9201060,2020014,1,8100,128
9201060,2020013,1,5600,132
9201060,2020012,1,4500,136
9201060,2022190,1,3000,140
9201060,2001002,1,4000,144
9201060,2001001,1,2300,148
9201060,2001000,1,3200,152
9201060,2022000,1,1650,156
9201060,2022003,1,1100,160
9201060,2022192,1,600,164
9201060,2022191,1,1000,168
9201060,2022189,1,1000,172
9201060,2010004,1,310,176
9201060,2010001,1,106,180
9201060,2010002,1,50,184
9201060,2010000,1,30,188
9201060,2002025,1,1500,192
9201060,2002024,1,1500,196
9201060,2002023,1,3800,200
9201060,2002022,1,2100,204
9201060,2002021,1,2800,208
9201060,2002020,1,2800,212
9201060,2002019,1,5000,216
9201060,2002018,1,5000,220
9201060,2002017,1,5000,224
9201060,2002016,1,5000,228
9201060,2000006,1,620,232
9201060,2000003,1,200,236
9201060,2000002,1,320,240
9201060,2000001,1,160,244
9201060,2000000,1,50,248
9270019,1472007,1,60000,104
9270019,1472004,1,30000,108
9270019,1472001,1,20000,112
9270019,1462005,1,250000,116
9270019,1462004,1,200000,120
9270019,1462000,1,30000,124
9270019,1452007,1,375000,128
9270019,1452006,1,250000,132
9270019,1452005,1,150000,136
9270019,1442009,1,300000,140
9270019,1442003,1,175000,144
9270019,1442001,1,60000,148
9270019,1432005,1,225000,152
9270019,1432003,1,175000,156
9270019,1432002,1,60000,160
9270019,1422007,1,250000,164
9270019,1422008,1,200000,168
9270019,1422001,1,45000,172
9270019,1412005,1,250000,176
9270019,1412004,1,200000,180
9270019,1412006,1,45000,184
9270019,1402007,1,450000,188
9270019,1402006,1,350000,192
9270019,1402002,1,150000,196
9270019,1382002,1,20000,200
9270019,1372000,1,400000,204
9270019,1372001,1,175000,208
9270019,1372003,1,38000,212
9270019,1332011,1,425000,216
9270019,1332014,1,375000,220
9270019,1332001,1,200000,224
9270019,1332012,1,40000,228
9270019,1332009,1,42000,232
9270019,1322016,1,175000,236
9270019,1322015,1,100000,240
9270019,1322014,1,40000,244
9270019,1312007,1,175000,248
9270019,1312006,1,100000,252
9270019,1312005,1,40000,256
9270019,1302009,1,225000,260
9270019,1302004,1,100000,264
9270019,1302008,1,40000,268
9270020,1061069,1,160000,104
9270020,1061070,1,160000,108
9270020,1060072,1,160000,112
9270020,1060071,1,160000,116
9270020,1060052,1,108000,120
9270020,1060050,1,108000,124
9270020,1060051,1,108000,128
9270020,1051009,1,111000,132
9270020,1051008,1,111000,136
9270020,1051007,1,111000,140
9270020,1041074,1,180000,144
9270020,1041075,1,180000,148
9270020,1040083,1,180000,152
9270020,1040082,1,180000,156
9270020,1040061,1,114000,160
9270020,1040062,1,114000,164
9270020,1040063,1,114000,168
9270020,1002180,1,100000,172
9270020,1002179,1,100000,176
9270020,1002178,1,100000,180
9270020,1002177,1,100000,184
9270020,1002176,1,100000,188
9270020,1061080,1,160000,192
9270020,1061081,1,160000,196
9270020,1061062,1,108000,200
9270020,1061060,1,108000,204
9270020,1061064,1,108000,208
9270020,1061061,1,108000,212
9270020,1060069,1,160000,216
9270020,1060070,1,160000,220
9270020,1060063,1,108000,224
9270020,1060061,1,108000,228
9270020,1060065,1,108000,232
9270020,1060062,1,108000,236
9270020,1041081,1,180000,240
9270020,1041082,1,180000,244
9270020,1041067,1,114000,248
9270020,1041065,1,114000,252
9270020,1041069,1,114000,256
9270020,1041066,1,114000,260
9270020,1040079,1,180000,264
9270020,1040081,1,180000,268
9270020,1040076,1,114000,272
9270020,1040074,1,114000,276
9270020,1040073,1,114000,280
9270020,1040072,1,114000,284
9270020,1002137,1,100000,288
9270020,1002135,1,100000,292
9270020,1002139,1,100000,296
9270020,1002138,1,100000,300
9270020,1061047,1,120000,304
9270020,1061048,1,120000,308
9270020,1051027,1,450000,312
9270020,1051024,1,450000,316
9270020,1051025,1,450000,320
9270020,1051023,1,450000,324
9270020,1050037,1,450000,328
9270020,1050036,1,450000,332
9270020,1050038,1,450000,336
9270020,1050035,1,450000,340
9270020,1050002,1,300000,344
9270020,1050031,1,300000,348
9270020,1041051,1,120000,352
9270020,1041052,1,120000,356
9270020,1002144,1,96000,360
9270020,1002143,1,96000,364
9270020,1002142,1,96000,368
9270020,1002141,1,96000,372
9270020,1092002,1,200000,376
9270020,1092001,1,100000,380
9270020,1061084,1,180000,384
9270020,1061083,1,180000,388
9270020,1060074,1,180000,392
9270020,1060075,1,180000,396
9270020,1051014,1,112500,400
9270020,1051001,1,112500,404
9270020,1050021,1,112500,408
9270020,1050000,1,112500,412
9270020,1041085,1,200000,416
9270020,1041084,1,200000,420
9270020,1040085,1,200000,424
9270020,1040000,1,200000,428
9270020,1002004,1,160000,432
9270021,2070000,1,500,104
9270021,2022015,1,12000,108
9270021,2061000,1,1,112
9270021,2060000,1,1,116
9270021,2030000,1,400,120
9270021,2050003,1,500,124
9270021,2050002,1,300,128
9270021,2050001,1,200,132
9270021,2050000,1,200,136
9270021,2020028,1,3000,140
9270021,2010004,1,310,144
9270021,2010003,1,100,148
9270021,2010001,1,106,152
9270021,2010002,1,50,156
9270021,2010000,1,30,160
9270021,2001002,1,4000,164
9270021,2001001,1,2300,168
9270021,2001000,1,3200,172
9270021,2022000,1,1650,176
9270021,2022003,1,1100,180
9270021,2002005,1,500,184
9270021,2002004,1,500,188
9270021,2002002,1,500,192
9270021,2002001,1,400,196
9270021,2002000,1,500,200
9270021,2000006,1,620,204
9270021,2000003,1,200,208
9270021,2000002,1,320,212
9270021,2000001,1,160,216
9270021,2000000,1,50,220
9270022,2070000,1,500,104
9270022,2061000,1,1,108
9270022,2060000,1,1,112
9270022,2030000,1,400,116
9270022,2050003,1,500,120
9270022,2050002,1,300,124
9270022,2050001,1,200,128
9270022,2050000,1,200,132
9270022,2020028,1,3000,136
9270022,2010004,1,310,140
9270022,2010003,1,100,144
9270022,2010001,1,106,148
9270022,2010002,1,50,152
9270022,2010000,1,30,156
9270022,2001002,1,4000,160
9270022,2001001,1,2300,164
9270022,2001000,1,3200,168
9270022,2022000,1,1650,172
9270022,2022003,1,1100,176
9270022,2002005,1,500,180
9270022,2002004,1,500,184
9270022,2002002,1,500,188
9270022,2002001,1,400,192
9270022,2002000,1,500,196
9270022,2000006,1,620,200
9270022,2000003,1,200,204
9270022,2000002,1,320,208
9270022,2000001,1,160,212
9270022,2000000,1,50,216
9270027,2022215,1,6800,104
9270027,2022214,1,3200,108
9270027,2022211,1,6400,112
9270027,2022210,1,3200,116
9270027,2022209,1,1600,120
9270027,2022208,1,1000,124
9270027,2022207,1,2600,128
9270027,2022206,1,2200,132
9270027,2022205,1,1800,136
9270027,2022204,1,1200,140
9270027,2022203,1,800,144
9999992,1812006,1,1,112
9999992,1832000,1,1,114
9999992,1812005,1,1,116
9999992,1822000,1,1,118
9999992,1812004,1,1,120
9999992,1812003,1,1,124
9999992,1812002,1,1,128
9999992,1812001,1,1,132
9999992,1812000,1,1,136
9999992,1802100,1,1,140
9999992,1802055,1,1,144
9999992,1802053,1,1,148
9999992,1802052,1,1,152
9999992,1802051,1,1,156
9999992,1802050,1,1,160
9999992,1802049,1,1,164
9999992,1802048,1,1,168
9999992,1802047,1,1,172
9999992,1802045,1,1,176
9999992,1802044,1,1,180
9999992,1802042,1,1,184
9999992,1802038,1,1,188
9999992,1802037,1,1,192
9999992,1802036,1,1,196
9999992,1802035,1,1,200
9999992,1802034,1,1,204
9999992,1802033,1,1,208
9999992,1802032,1,1,212
9999992,1802031,1,1,216
9999992,1802030,1,1,220
9999992,1802029,1,1,224
9999992,1802028,1,1,228
9999992,1802027,1,1,232
9999992,1802026,1,1,236
9999992,1802025,1,1,240
9999992,1802024,1,1,244
9999992,1802023,1,1,248
9999992,1802022,1,1,252
9999992,1802021,1,1,256
9999992,1802020,1,1,260
9999992,1802019,1,1,264
9999992,1802018,1,1,268
9999992,1802017,1,1,272
9999992,1802016,1,1,276
9999992,1802015,1,1,280
9999992,1802014,1,1,284
9999992,1802013,1,1,288
9999992,1802012,1,1,292
9999992,1802011,1,1,296
9999992,1802010,1,1,300
9999992,1802009,1,1,304
9999992,1802008,1,1,308
9999992,1802007,1,1,312
9999992,1802006,1,1,316
9999992,1802005,1,1,320
9999992,1802004,1,1,324
9999992,1802003,1,1,328
9999992,1802002,1,1,332
9999992,1802001,1,1,336
9999992,1802000,1,1,340
9999992,5000045,1,1,344
9999992,5000044,1,1,348
9999992,5000041,1,1,352
9999992,5000039,1,1,356
9999992,5000037,1,1,360
9999992,5000036,1,1,364
9999992,5000034,1,1,368
9999992,5000025,1,1,372
9999992,5000024,1,1,376
9999992,5000023,1,1,380
9999992,5000022,1,1,384
9999992,5000020,1,1,388
9999992,5000017,1,1,392
9999992,5000015,1,1,396
9999992,5000014,1,1,400
9999992,5000013,1,1,404
9999992,5000012,1,1,408
9999992,5000011,1,1,412
9999992,5000010,1,1,416
9999992,5000009,1,1,420
9999992,5000008,1,1,424
9999992,5000007,1,1,428
9999992,5000006,1,1,432
9999992,5000005,1,1,436
9999992,5000004,1,1,440
9999992,5000003,1,1,444
9999992,5000002,1,1,448
9999992,5000001,1,1,452
9999992,5000000,1,1,456
9999993,5077000,1,1,104
9999993,5076000,1,1,108
9999993,5075000,1,1,112
9999993,5075001,1,1,116
9999993,5075002,1,1,120
9999993,5072000,1,1,124
9999993,5390000,1,1,128
9999993,5390001,1,1,132
9999993,5390002,1,1,136
9999993,5071000,1,1,140
9999994,3010041,1,1,104
9999994,3010040,1,1,108
9999994,3010028,1,1,112
9999994,3010026,1,1,116
9999994,3010025,1,1,120
9999994,3010024,1,1,124
9999994,3010023,1,1,128
9999994,3010022,1,1,132
9999994,3010019,1,1,136
9999994,3010018,1,1,140
9999994,3010017,1,1,144
9999994,3010016,1,1,148
9999994,3010015,1,1,152
9999994,3010014,1,1,156
9999994,3010013,1,1,160
9999994,3010012,1,1,164
9999994,3010011,1,1,168
9999994,3010010,1,1,172
9999994,3010009,1,1,176
9999994,3010008,1,1,180
9999994,3010007,1,1,184
9999994,3010006,1,1,188
9999994,3010005,1,1,192
9999994,3010004,1,1,196
9999994,3010003,1,1,200
9999994,3010002,1,1,204
9999994,3010001,1,1,208
9999994,3010000,1,1,212
9999995,1112230,1,1,104
9999995,1112229,1,1,108
9999995,1112228,1,1,112
9999995,1112227,1,1,116
9999995,1112226,1,1,120
9999995,1112225,1,1,124
9999995,1112224,1,1,128
9999995,1112223,1,1,132
9999995,1112222,1,1,136
9999995,1112221,1,1,140
9999995,1112220,1,1,144
9999995,1112219,1,1,148
9999995,1112218,1,1,152
9999995,1112217,1,1,156
9999995,1112216,1,1,160
9999995,1112215,1,1,164
9999995,1112214,1,1,168
9999995,1112213,1,1,172
9999995,1112212,1,1,176
9999995,1112211,1,1,180
9999995,1112210,1,1,184
9999995,1112209,1,1,188
9999995,1112208,1,1,192
9999995,1112207,1,1,196
9999995,1112206,1,1,200
9999995,1112205,1,1,204
9999995,1112204,1,1,208
9999995,1112203,1,1,212
9999995,1112202,1,1,216
9999995,1112201,1,1,220
9999995,1112200,1,1,224
9999995,1112120,1,1,228
9999995,1112119,1,1,232
9999995,1112118,1,1,236
9999995,1112117,1,1,240
9999995,1112116,1,1,244
9999995,1112115,1,1,248
9999995,1112114,1,1,252
9999995,1112113,1,1,256
9999995,1112112,1,1,260
9999995,1112111,1,1,264
9999995,1112110,1,1,268
9999995,1112109,1,1,272
9999995,1112108,1,1,276
9999995,1112107,1,1,280
9999995,1112106,1,1,284
9999995,1112105,1,1,288
9999995,1112104,1,1,292
9999995,1112103,1,1,296
9999995,1112102,1,1,300
9999995,1112101,1,1,304
9999995,1112100,1,1,308
9999996,1012010,1,1,104
9999996,1011002,1,1,108
9999996,1012000,1,1,112
9999996,1012024,1,1,116
9999996,1012074,1,1,120
9999996,1012083,1,1,124
9999996,1012055,1,1,128
9999996,1011003,1,1,132
9999996,1012028,1,1,136
9999996,1012006,1,1,140
9999996,1012027,1,1,144
9999996,1012032,1,1,148
9999996,1012031,1,1,152
9999996,1022007,1,1,156
9999996,1022006,1,1,160
9999996,1022044,1,1,164
9999996,1022033,1,1,168
9999996,1022019,1,1,172
9999996,1022020,1,1,176
9999996,1022005,1,1,180
9999996,1022004,1,1,184
9999996,1022003,1,1,188
9999996,1022002,1,1,192
9999996,1022001,1,1,196
9999996,1022000,1,1,200
9999996,5160014,1,1,204
9999996,5160013,1,1,208
9999996,5160012,1,1,212
9999996,5160011,1,1,216
9999996,5160009,1,1,220
9999996,5160008,1,1,224
9999996,5160007,1,1,228
9999996,5160006,1,1,232
9999996,5160005,1,1,236
9999996,5160004,1,1,240
9999996,5160003,1,1,244
9999996,5160002,1,1,248
9999996,5160001,1,1,252
9999996,5160000,1,1,256
9999997,1070002,1,1,104
9999997,1071008,1,1,108
9999997,1052049,1,1,112
9999997,1072234,1,1,116
9999997,1072325,1,1,120
9999997,1072326,1,1,124
9999997,1072235,1,1,128
9999997,1072189,1,1,132
9999997,1072257,1,1,136
9999997,1072186,1,1,140
9999997,1072258,1,1,144
9999997,1072260,1,1,148
9999997,1072279,1,1,152
9999997,1072276,1,1,156
9999997,1072153,1,1,160
9999997,1062003,1,1,164
9999997,1062018,1,1,168
9999997,1062040,1,1,172
9999997,1062032,1,1,176
9999997,1082102,1,1,180
9999997,1102156,1,1,184
9999997,1102039,1,1,188
9999997,1042013,1,1,192
9999997,1042018,1,1,196
9999997,1042012,1,1,200
9999997,1042036,1,1,204
9999997,1042037,1,1,208
9999997,1042099,1,1,212
9999997,1042043,1,1,216
9999997,1032054,1,1,220
9999997,1032053,1,1,224
9999997,1032052,1,1,228
9999997,1032024,1,1,232
9999997,1002294,1,1,236
9999997,1002342,1,1,240
9999997,1002485,1,1,244
9999997,1002343,1,1,248
9999997,1002667,1,1,252
9999997,1002234,1,1,256
9999997,1002186,1,1,260
9999997,1702136,1,1,264
9999997,1702121,1,1,268
9999997,1702179,1,1,272
9999997,1702187,1,1,276
9999997,1702185,1,1,280
9999997,1702184,1,1,284
9999997,1702183,1,1,288
9999997,1702180,1,1,292
9999997,1702120,1,1,296
9999997,1702119,1,1,300
9999997,1702118,1,1,304
9999998,2040026,1,1,104
9999998,2040016,1,1,108
9999998,2040031,1,1,112
9999998,2040920,1,1,116
9999998,2040915,1,1,120
9999998,2041057,1,1,124
9999998,2041053,1,1,128
9999998,2041055,1,1,132
9999998,2041051,1,1,136
9999998,2040529,1,1,140
9999998,2040527,1,1,144
9999998,2040506,1,1,148
9999998,2040534,1,1,152
9999998,2040710,1,1,156
9999998,2040709,1,1,160
9999998,2040806,1,1,164
9999998,2040323,1,1,168
9999998,2040303,1,1,172
9999998,2040318,1,1,176
9999998,2044902,1,1,180
9999998,2044802,1,1,184
9999998,2043703,1,1,188
9999998,2044203,1,1,192
9999998,2044103,1,1,196
9999998,2044003,1,1,200
9999998,2043803,1,1,204
9999998,2044303,1,1,208
9999998,2044403,1,1,212
9999998,2043203,1,1,216
9999998,2043103,1,1,220
9999998,2043003,1,1,224
9999998,2040807,1,1,228
9999998,2043303,1,1,232
9999998,2044603,1,1,236
9999998,2044703,1,1,240
9999998,2044503,1,1,244
9999998,2041200,1,1,248
9999998,2049100,1,1,252
9999998,2049002,1,1,256
9999998,2340000,1,1,260
9999999,1082150,1,1,104
9999999,1082148,1,1,108
9999999,1082147,1,1,112
9999999,1082146,1,1,116
9999999,1082145,1,1,120
9999999,1102103,1,1,124
9999999,1102102,1,1,128
9999999,1102101,1,1,132
9999999,1102106,1,1,136
9999999,1102105,1,1,140
9999999,1102104,1,1,144
9999999,1092022,1,1,148
9999999,1032032,1,1,152
9999999,1032031,1,1,156
9999999,1032030,1,1,160
9999999,1032028,1,1,164
9999999,1032027,1,1,168
9999999,1032026,1,1,172
9999999,1032048,1,1,176
9999999,1102042,1,1,180
9999999,1102041,1,1,184
9999999,1122001,1,1,188
9999999,1122000,1,1,192
9999999,1072344,1,1,196
9999999,1072239,1,1,200
9999999,1051140,1,1,204
9999999,1050127,1,1,208
9999999,1050100,1,1,212
9999999,1051098,1,1,216
9999999,1050018,1,1,220
9999999,1051017,1,1,224
9999999,1082149,1,1,228
9999999,1082223,1,1,232
9999999,1002518,1,1,236
9999999,1002357,1,1,240
9999999,1492013,1,1,244
9999999,1482023,1,1,248
9999999,1412033,1,1,252
9999999,1422037,1,1,256
9999999,1302081,1,1,260
9999999,1402046,1,1,264
9999999,1372040,1,1,268
9999999,1382050,1,1,272
9999999,1432038,1,1,276
9999999,1442045,1,1,280
9999999,1462039,1,1,284
9999999,1092049,1,1,288
9999999,1332050,1,1,292
9999999,1332049,1,1,296
9999999,1452044,1,1,300
9999999,1472052,1,1,304
9999999,2330005,1,1,308
9999999,2070018,1,1,312
9999999,4006001,1,1,316
9999999,4006000,1,1,320
9999999,1902002,1,1,324
9999999,1902001,1,1,328
9999999,1902000,1,1,332
9999999,1912000,1,1,336
9999999,2022283,1,1,340
9999999,2022282,1,1,344
9999999,2022273,1,1,348
9999999,2022179,1,1,352
9999999,1322013,1,1,356
9999999,1072200,1,1,360
9999999,1062007,1,1,364
9999999,1042003,1,1,368
9999999,1002140,1,1,372
